"Date","GOLDBEES","ADANIENT","MID150BEES","MON100","NESTLEIND","HDFCBANK","LT"
2020-01-01,34.3499984741211,205.794509887695,63.5999984741211,61.7060012817383,687.277099609375,595.677124023438,1180.67456054688
2020-01-02,34.3499984741211,209.111373901367,64.3399963378906,61.5499992370605,684.965942382812,599.47412109375,1212.53625488281
2020-01-03,35.4000015258789,206.240036010742,64.0500030517578,61.2569999694824,678.652954101562,590.925231933594,1203.29772949219
2020-01-06,36.1500015258789,197.576599121094,62.6699981689453,61.6539993286133,670.424194335938,578.136779785156,1186.80358886719
2020-01-07,35.5,202.032073974609,63.2599983215332,62.9090003967285,664.569396972656,587.291381835938,1190.18347167969
2020-01-08,36.0999984741211,199.507278442383,63.310001373291,62.3199996948242,669.242919921875,585.753967285156,1164.09057617188
2020-01-09,35.0499992370605,205.943023681641,63.9700012207031,63.1380004882812,680.971130371094,592.322814941406,1186.26281738281
2020-01-10,34.9500007629395,207.032150268555,64.4400024414062,63.4389991760254,682.94287109375,597.587280273438,1193.87890625
2020-01-13,34.75,211.487640380859,64.7399978637695,62.6940002441406,681.659362792969,599.124755859375,1202.98217773438
2020-01-14,34.75,212.230224609375,65,62.8170013427734,691.441467285156,600.755310058594,1195.23083496094
2020-01-15,35.0499992370605,214.457977294922,65.8399963378906,63.1800003051758,691.050842285156,598.309509277344,1192.97741699219
2020-01-16,35,217.824340820312,66.1800003051758,63.4809989929199,714.056030273438,599.8935546875,1189.10180664062
2020-01-17,34.9500007629395,226.141296386719,66.7200012207031,64.1500015258789,717.987915039062,595.467590332031,1175.49206542969
2020-01-20,35.2299995422363,224.309585571289,66.379997253418,65.3820037841797,716.955505371094,584.6357421875,1180.35913085938
2020-01-21,35.1300010681152,222.032318115234,66.2699966430664,64.1480026245117,710.607849121094,579.720703125,1173.82458496094
2020-01-22,35.2900009155273,223.665985107422,66.0599975585938,64.7770004272461,723.068420410156,578.090209960938,1166.47888183594
2020-01-23,35.2099990844727,227.329391479492,67.0599975585938,64.7320022583008,723.075378417969,579.953674316406,1200.81909179688
2020-01-24,35.4000015258789,227.477920532227,67.5899963378906,64.786003112793,732.685241699219,579.81396484375,1225.06433105469
2020-01-27,35.8499984741211,228.270034790039,67.4300003051758,64.3199996948242,728.525573730469,565.20849609375,1215.51037597656
2020-01-28,35.7200012207031,227.626419067383,67.4100036621094,63.7360000610352,716.927551269531,569.867431640625,1213.7529296875
2020-01-29,35.6100006103516,230.002700805664,67.4599990844727,64.4670028686523,737.858825683594,575.760681152344,1230.92272949219
2020-01-30,35.9300003051758,229.21061706543,67.0100021362305,64.1429977416992,721.770935058594,571.195190429688,1234.97875976562
2020-01-31,35.8699989318848,227.180892944336,66.7900009155273,64.8649978637695,714.267578125,571.311584472656,1234.16772460938
2020-02-03,35.9099998474121,218.715438842773,65.9199981689453,63.9749984741211,758.052978515625,555.704528808594,1159.67395019531
2020-02-04,35.5800018310547,223.220458984375,66.5100021362305,64.6579971313477,765.242370605469,572.942138671875,1164.27075195312
2020-02-05,35.310001373291,233.913635253906,67.0999984741211,66.0230026245117,761.952392578125,579.860534667969,1180.76489257812
2020-02-06,35.5800018310547,234.161163330078,67.5699996948242,66.4260025024414,757.306457519531,577.601013183594,1187.56970214844
2020-02-07,35.7000007629395,237.131500244141,68.0400009155273,66.6579971313477,759.299255371094,578.719055175781,1170.80517578125
2020-02-10,35.9500007629395,242.082046508789,67.3499984741211,66.2689971923828,752.063293457031,577.833923339844,1158.45727539062
2020-02-11,35.8199996948242,242.874145507812,67.6800003051758,67.1399993896484,743.922790527344,577.973693847656,1159.89929199219
2020-02-12,35.7599983215332,247.23063659668,67.5,67.1380004882812,757.899536132812,581.887023925781,1169.27319335938
2020-02-13,35.9500007629395,248.963333129883,67.4400024414062,67.4250030517578,763.224060058594,578.346374511719,1164.72143554688
2020-02-14,35.8499984741211,253.616836547852,67.0800018310547,67.8010025024414,760.631713867188,568.073608398438,1167.33520507812
2020-02-17,35.9300003051758,250.002944946289,66.3000030517578,68.2949981689453,771.42041015625,567.048767089844,1153.86047363281
2020-02-18,36.1399993896484,246.983093261719,66.0599975585938,67.463996887207,762.835754394531,565.231811523438,1159.40344238281
2020-02-19,36.7099990844727,251.488098144531,66.9599990844727,67.6709976196289,780.56298828125,571.730895996094,1154.94213867188
2020-02-20,36.8199996948242,256.092102050781,67.4599990844727,68.625,769.143798828125,567.025390625,1154.22094726562
2020-02-24,38.5800018310547,244.80485534668,66.0999984741211,65.9700012207031,759.738708496094,563.694396972656,1135.38366699219
2020-02-25,37.439998626709,244.012756347656,66.1500015258789,65.4759979248047,761.75,559.198608398438,1119.47570800781
2020-02-26,37.5200004577637,240.398864746094,65.3499984741211,63.2239990234375,755.22314453125,558.70947265625,1091.625
2020-02-27,37.3800010681152,231.834396362305,64.8600006103516,63.306999206543,756.320556640625,558.802551269531,1090.90368652344
2020-02-28,37.3699989318848,216.487701416016,62.5699996948242,60.0149993896484,733.771240234375,548.646362304688,1070.35388183594
2020-03-02,37.0299987792969,216.438201904297,62.560001373291,61.7309989929199,749.16845703125,549.554809570312,1046.333984375
2020-03-03,37.1199989318848,223.517486572266,63.5900001525879,64.2969970703125,760.768737792969,550.579833984375,1064.72094726562
2020-03-04,38.0999984741211,218.913452148438,62.5999984741211,63.0040016174316,769.237121582031,535.228942871094,1060.52978515625
2020-03-05,38.0400009155273,219.557037353516,62.9599990844727,63.4599990844727,770.855285644531,536.393615722656,1065.75720214844
2020-03-06,39.0499992370605,212.626251220703,61.7200012207031,62.9189987182617,764.019287109375,528.729919433594,1044.53149414062
2020-03-09,38.4599990844727,197.725082397461,64.5299987792969,60.7400016784668,745.513366699219,515.87158203125,993.201477050781
2020-03-11,38.1800003051758,193.814147949219,58.6599998474121,60.5800018310547,746.313232421875,518.899841308594,1006.72125244141
2020-03-12,37.9599990844727,160.546417236328,54.2200012207031,57.3959999084473,723.85205078125,475.805633544922,916.2294921875
2020-03-13,36.6199989318848,147.278945922852,54.810001373291,55.689998626709,697.170776367188,498.400970458984,947.685241699219
2020-03-16,35.6699981689453,133.367904663086,52.7400016784668,55.2599983215332,669.519592285156,465.649444580078,873.101684570312
2020-03-17,34.8300018310547,132.080749511719,52.310001373291,52.8969993591309,676.206909179688,454.281921386719,862.3310546875
2020-03-18,35.439998626709,128.912399291992,48.4900016784668,51.7290000915527,629.507995605469,408.532287597656,815.282409667969
2020-03-19,35.2099990844727,127.625244140625,56.1399993896484,52.6749992370605,610.139282226562,417.220947265625,759.896728515625
2020-03-20,36.1100006103516,136.338241577148,49,55.3619995117188,657.814819335938,411.304260253906,779.365112304688
2020-03-23,35.0200004577637,120.55313873291,42.4900016784668,50.3870010375977,601.970947265625,359.451599121094,652.595458984375
2020-03-24,36.3899993896484,129.976028442383,43.4799995422363,54.0929985046387,626.789794921875,357.657897949219,646.974914550781
2020-03-25,36.9900016784668,131.920425415039,41.8899993896484,57.3800010681152,671.700622558594,399.144744873047,699.845947265625
2020-03-26,36.7200012207031,139.847610473633,47.0699996948242,54.2080001831055,693.815368652344,419.806579589844,765.877807617188
2020-03-27,38.1699981689453,127.632781982422,45.3499984741211,56.7330017089844,702.602172851562,421.367309570312,765.009521484375
2020-03-30,39.7400016784668,128.330764770508,43.8800010681152,56.3610000610352,728.181518554688,387.451080322266,729.91455078125
2020-03-31,38.2099990844727,137.205215454102,46.7000007629395,58.8889999389648,758.034362792969,401.544067382812,738.916687011719
2020-04-01,38.2400016784668,133.565719604492,48.3600006103516,56.4280014038086,727.990844726562,386.519378662109,707.705810546875
2020-04-03,38.7900009155273,128.679748535156,44.6399993896484,57.0699996948242,702.418518066406,379.158355712891,707.97998046875
2020-04-07,39.6699981689453,137.753646850586,45.4199981689453,61.2039985656738,792.356201171875,417.477172851562,732.656311035156
2020-04-08,39.7900009155273,137.703796386719,46.8699989318848,60.4620018005371,784.571594238281,414.122894287109,737.63720703125
2020-04-09,40.7900009155273,142.041305541992,48.7900009155273,61.8559989929199,783.104309082031,430.964508056641,742.8466796875
2020-04-13,42.4900016784668,145.581130981445,47.189998626709,61.2150001525879,771.955139160156,417.127777099609,790.965454101562
2020-04-15,42.6699981689453,144.833282470703,48.5499992370605,63.7150001525879,805.714294433594,402.196258544922,804.400146484375
2020-04-16,43.2599983215332,142.888870239258,49.1100006103516,65.4789962768555,832.191223144531,409.860015869141,833.189147949219
2020-04-17,42.4700012207031,143.487152099609,49.7000007629395,67.3050003051758,805.639953613281,424.092712402344,852.610229492188
2020-04-20,41.5499992370605,146.27912902832,51.3499984741211,66.0970001220703,789.461364746094,440.188995361328,836.799133300781
2020-04-21,42.0499992370605,135.559951782227,49.1599998474121,65.8659973144531,791.272705078125,429.380493164062,795.443542480469
2020-04-22,42.6100006103516,137.205215454102,48.7700004577637,64.1309967041016,820.416381835938,432.618347167969,779.221313476562
2020-04-23,42.6100006103516,140.096893310547,49.9500007629395,64.6449966430664,810.836669921875,444.894409179688,768.254028320312
2020-04-24,42.689998626709,134.263687133789,49.4500007629395,64.411003112793,809.441528320312,437.020935058594,777.941772460938
2020-04-27,42.560001373291,134.213851928711,50.8899993896484,66.4800033569336,834.774353027344,433.130859375,781.643249511719
2020-04-28,42.6800003051758,138.900329589844,50.2900009155273,66.8259963989258,817.049621582031,433.9228515625,783.379699707031
2020-04-29,42.3699989318848,139.099761962891,50.5,65.5289993286133,813.331665039062,455.213684082031,800.013305664062
2020-04-30,42.5699996948242,140.994323730469,51.7900009155273,66.7259979248047,833.558288574219,466.721008300781,820.302612304688
2020-05-04,42.7299995422363,131.172576904297,50.1399993896484,64.0950012207031,811.785339355469,430.009460449219,777.439086914062
2020-05-05,41.5400009155273,132.319290161133,49.7900009155273,65.7699966430664,810.16015625,424.628479003906,764.872436523438
2020-05-06,41.3600006103516,132.867691040039,49.1100006103516,66.6699981689453,804.942504882812,440.911102294922,765.238037109375
2020-05-07,41.060001373291,134.512969970703,49.7099990844727,67.8830032348633,797.183349609375,430.941192626953,752.031616210938
2020-05-08,41.5099983215332,136.75651550293,49.439998626709,68.0849990844727,827.898864746094,432.828002929688,745.725463867188
2020-05-11,41.1699981689453,139.648193359375,49.5400009155273,68.4039993286133,816.698425292969,426.655059814453,750.889282226562
2020-05-12,41.2400016784668,139.498611450195,49.2700004577637,68.9100036621094,812.041198730469,420.016235351562,744.674499511719
2020-05-13,40.9700012207031,140.745040893555,50.2400016784668,67.8690032958984,767.881469726562,432.17578125,788.634887695312
2020-05-14,41.4900016784668,140.495742797852,50,66.8939971923828,755.332580566406,416.359100341797,796.631713867188
2020-05-15,41.7999992370605,140.64533996582,50.0400009155273,67.9560012817383,764.693725585938,413.773468017578,790.005798339844
2020-05-18,42.5400009155273,135.51008605957,48.7999992370605,69.515998840332,755.232482910156,389.780517578125,743.349182128906
2020-05-19,41.3699989318848,139.299209594727,48.0900001525879,69.2850036621094,751.044738769531,386.985198974609,727.812316894531
2020-05-20,41.8800010681152,140.944458007812,48.7000007629395,70.0279998779297,758.164489746094,399.307800292969,763.135925292969
2020-05-21,41.4300003051758,137.903228759766,49,69.8399963378906,757.794860839844,400.449188232422,749.883911132812
2020-05-22,41.6500015258789,137.703796386719,48.5800018310547,69.2839965820312,754.060668945312,390.805450439453,745.497131347656
2020-05-26,41.2000007629395,139.099761962891,49,71.193000793457,774.522094726562,397.1181640625,754.499267578125
2020-05-27,40.6500015258789,140.595489501953,49.2099990844727,70.4469985961914,777.375061035156,420.994598388672,777.621826171875
2020-05-28,41.189998626709,142.240737915039,50.4799995422363,70.2310028076172,790.054260253906,440.375305175781,827.568359375
2020-05-29,40.9900016784668,147.924407958984,51.3600006103516,69.3990020751953,815.707946777344,443.356994628906,852.016235351562
2020-06-01,41.2099990844727,150.068206787109,52.1199989318848,70.140998840332,799.089965820312,460.128723144531,848.269104003906
2020-06-02,41.1800003051758,149.519790649414,53.5299987792969,70.911003112793,791.230895996094,466.348266601562,864.080200195312
2020-06-03,40.8800010681152,150.217788696289,53.1699981689453,71.5339965820312,809.511474609375,476.248260498047,878.566040039062
2020-06-04,40.810001373291,147.575393676758,53.3199996948242,71.8030014038086,799.701354980469,466.674377441406,850.599609375
2020-06-05,41.189998626709,152.012619018555,54,72.004997253418,795.062805175781,481.419555664062,873.036682128906
2020-06-08,40.6500015258789,152.212051391602,54.0299987792969,73.0329971313477,782.941528320312,473.289916992188,878.611694335938
2020-06-09,41,151.46418762207,53.7999992370605,72.890998840332,769.750854492188,459.965698242188,871.254638671875
2020-06-10,41.2099990844727,151.414352416992,54.3800010681152,74.4449996948242,768.920654296875,462.08544921875,865.085510253906
2020-06-11,41.7299995422363,151.364501953125,54.0099983215332,73.9690017700195,775.200988769531,451.253631591797,850.371154785156
2020-06-12,41.7999992370605,151.863052368164,55.2799987792969,72.556999206543,769.975769042969,457.845916748047,846.669677734375
2020-06-15,41.4099998474121,148.821807861328,54,71.2060012817383,765.494873046875,442.518371582031,822.450439453125
2020-06-16,41.8499984741211,145.780548095703,54.560001373291,73.3349990844727,762.778381347656,461.409912109375,818.017822265625
2020-06-17,41.6500015258789,146.727844238281,54.2599983215332,74.3330001831055,756.059265136719,456.215270996094,808.649963378906
2020-06-18,41.8400001525879,147.425827026367,54.9599990844727,74.9700012207031,755.163269042969,475.176727294922,819.480163574219
2020-06-19,41.7400016784668,152.261901855469,NA,75.5910034179688,751.237670898438,481.419555664062,820.896728515625
2020-06-22,42.2900009155273,154.206314086914,58.0200004577637,75.4629974365234,753.382507324219,479.276489257812,829.350646972656
2020-06-23,42.2200012207031,156.748977661133,57.5,75.8669967651367,772.409790039062,485.589233398438,884.32373046875
2020-06-24,42.7000007629395,154.355880737305,57.189998626709,75.5550003051758,779.854553222656,481.023559570312,873.310913085938
2020-06-25,42.310001373291,161.186218261719,57.2099990844727,74.4039993286133,783.544250488281,479.276489257812,861.932373046875
2020-06-26,42.3300018310547,161.684799194336,57.7000007629395,75.0579986572266,778.433410644531,492.181457519531,879.388610839844
2020-06-29,42.4900016784668,159.29167175293,56.6300010681152,73.1080017089844,780.643432617188,501.312713623047,855.991821289062
2020-06-30,42.6100006103516,155.801712036133,56.6300010681152,73.8949966430664,801.628784179688,496.560729980469,862.43505859375
2020-07-01,43,157.197708129883,55.8400001525879,75.4309997558594,784.097412109375,505.296051025391,844.750366210938
2020-07-02,42.2400016784668,157.746109008789,57.1100006103516,76.0950012207031,783.654174804688,507.532318115234,860.287292480469
2020-07-03,42.2000007629395,159.540985107422,NA,76.2959976196289,779.278259277344,500.334350585938,862.983459472656
2020-07-06,42.2700004577637,163.728912353516,58.7200012207031,76.7789993286133,784.244384765625,513.868225097656,869.335266113281
2020-07-07,42.4199981689453,167.667587280273,58.6699981689453,77.5139999389648,789.397521972656,514.869995117188,862.389404296875
2020-07-08,43.0099983215332,162.532363891602,58.8600006103516,77.3669967651367,784.246765136719,517.292419433594,860.241638183594
2020-07-09,43.3300018310547,162.283065795898,58.6399993896484,78.6129989624023,782.242248535156,524.094360351562,863.623229980469
2020-07-10,43.2000007629395,159.241821289062,58.5699996948242,79.1920013427734,785.696044921875,514.846557617188,851.924865722656
2020-07-13,43.2599983215332,155.602294921875,58.189998626709,80.3980026245117,791.47216796875,503.269378662109,848.269104003906
2020-07-14,43.1199989318848,149.320373535156,57.6399993896484,79.0390014648438,788.622680664062,493.299530029297,834.331604003906
2020-07-15,43.2200012207031,147.326110839844,56.8300018310547,79.2949981689453,789.227111816406,490.644073486328,833.691772460938
2020-07-16,43.1199989318848,148.472793579102,57.2000007629395,78.1750030517578,816.620971679688,495.023284912109,841.871459960938
2020-07-17,42.8800010681152,151.165069580078,57.9199981689453,79.0139999389648,804.219360351562,511.748474121094,845.892822265625
2020-07-20,43.0699996948242,160.238952636719,58.5099983215332,78.5950012207031,805.015075683594,527.868103027344,840.454895019531
2020-07-21,43.2599983215332,166.820022583008,58.9099998474121,80.818000793457,806.35009765625,530.430358886719,857.317016601562
2020-07-22,43.8800010681152,168.913986206055,58.939998626709,79.3050003051758,800.573974609375,524.74658203125,841.643127441406
2020-07-23,44.5,169.462417602539,58.8400001525879,80.2850036621094,805.453918457031,526.633361816406,837.667358398438
2020-07-24,44.9199981689453,168.265853881836,59.0499992370605,77.5810012817383,805.241455078125,521.369018554688,826.563110351562
2020-07-27,46.4500007629395,165.473892211914,58.4000015258789,77.5879974365234,809.834350585938,502.920043945312,826.0146484375
2020-07-28,46.0099983215332,173.052093505859,58.4799995422363,78.7050018310547,797.939086914062,506.251068115234,834.8798828125
2020-07-29,46.5200004577637,178.586181640625,59.189998626709,77.5510025024414,774.715637207031,495.978363037109,842.602722167969
2020-07-30,46.5499992370605,174.547775268555,58.6399993896484,77.5830001831055,771.268615722656,489.479339599609,830.081787109375
2020-07-31,47.1399993896484,174.747222900391,58.6699981689453,79.640998840332,771.184753417969,481.163330078125,834.834289550781
2020-08-03,47.2900009155273,171.755813598633,59.1399993896484,80.5370025634766,771.306030273438,466.814117431641,837.073303222656
2020-08-04,47.2599983215332,181.577575683594,59.4700012207031,81.2720031738281,773.882385253906,485.286376953125,844.704772949219
2020-08-05,48.5099983215332,179.084747314453,59.7299995422363,81.379997253418,770.304748535156,478.717468261719,853.462890625
2020-08-06,48.9000015258789,185.41650390625,60.4500007629395,81.5419998168945,778.4169921875,484.84375,850.14404296875
2020-08-07,49.1699981689453,192.346542358398,61.4199981689453,82.7030029296875,783.618896484375,486.311309814453,844.151550292969
2020-08-10,48.4000015258789,195.138549804688,62.7200012207031,82.0979995727539,777.884826660156,489.479339599609,885.084594726562
2020-08-11,47.2999992370605,195.288116455078,62.3400001525879,81.4100036621094,775.880249023438,496.933471679688,886.790161132812
2020-08-12,45.6800003051758,197.132781982422,62.1699981689453,80.9619979858398,772.055114746094,495.559143066406,875.588989257812
2020-08-13,45.9900016784668,200.174057006836,62.689998626709,82.0390014648438,768.944152832031,493.392730712891,913.34130859375
2020-08-14,46.3199996948242,195.637100219727,62.2599983215332,82.0849990844727,763.366394042969,481.932006835938,906.058227539062
2020-08-17,46.1500015258789,197.232513427734,62.5400009155273,82.6569976806641,766.549621582031,481.140014648438,922.652587890625
2020-08-18,47.310001373291,213.086898803711,63.25,83.2699966430664,772.696960449219,492.204681396484,926.109802246094
2020-08-19,46.8800010681152,238.862747192383,63.9599990844727,83.8280029296875,762.948547363281,496.910125732422,930.304504394531
2020-08-20,45.6800003051758,233.328643798828,64.3199996948242,82.802001953125,756.703369140625,493.369445800781,917.996948242188
2020-08-21,45.7200012207031,232.680526733398,64.9300003051758,84.9769973754883,773.0400390625,505.785186767578,916.52197265625
2020-08-24,45.5,247.986480712891,65.6800003051758,85.0930023193359,769.158874511719,520.413879394531,913.940490722656
2020-08-25,44.9300003051758,306.667633056641,65.3099975585938,84.8779983520508,760.262512207031,521.648498535156,903.845642089844
2020-08-26,44.7999992370605,284.730773925781,66.1900024414062,86.3140029907227,755.681274414062,521.066101074219,893.289672851562
2020-08-27,45.0499992370605,285.877471923828,65.879997253418,87.4929962158203,752.117553710938,518.107727050781,899.420288085938
2020-08-28,45.0999984741211,287.423004150391,66.6800003051758,86.0309982299805,751.536560058594,519.225952148438,905.182434082031
2020-08-31,45.3400001525879,278.747924804688,64.620002746582,87.2190017700195,744.455810546875,519.854919433594,871.163696289062
2020-09-01,45.4599990844727,280.293579101562,64.4100036621094,87.5749969482422,756.001098632812,525.189270019531,880.613342285156
2020-09-02,45,292.209197998047,65.4800033569336,89.0589981079102,746.462829589844,528.380554199219,880.93603515625
2020-09-03,44.439998626709,290.414398193359,66.1600036621094,89.4589996337891,765.189086914062,526.866394042969,886.098754882812
2020-09-04,44.7200012207031,284.331909179688,65.0800018310547,84.8610000610352,757.667358398438,521.462158203125,868.905029296875
2020-09-07,44.75,284.431640625,64.8199996948242,83.3460006713867,765.644104003906,517.3623046875,859.36328125
2020-09-08,44.8199996948242,276.903289794922,64.0599975585938,83.4769973754883,752.715087890625,518.270812988281,845.119506835938
2020-09-09,44.939998626709,282.237915039062,63.2900009155273,82.4420013427734,761.396606445312,510.840057373047,838.481811523438
2020-09-10,45.2200012207031,297.444152832031,63.9799995422363,82.1900024414062,766.447021484375,508.068023681641,849.037719726562
2020-09-11,45.1699981689453,295.150787353516,64.2600021362305,82.2289962768555,761.996459960938,502.524017333984,845.764953613281
2020-09-14,45.0299987792969,292.308929443359,66.6800003051758,80.9830017089844,750.698669433594,492.880249023438,831.659606933594
2020-09-15,45.560001373291,287.722137451172,67.2200012207031,81.338996887207,748.721923828125,498.727020263672,838.896728515625
2020-09-16,45.3800010681152,296.247650146484,67.2699966430664,82.8850021362305,756.04296875,509.512268066406,849.8212890625
2020-09-17,44.9799995422363,292.857391357422,67.0400009155273,80.8600006103516,752.474792480469,504.830169677734,835.531616210938
2020-09-18,45.3199996948242,290.713562011719,66.9100036621094,80.2050018310547,750.873657226562,492.577484130859,830.368957519531
2020-09-21,45,276.305023193359,64.5299987792969,77.9380035400391,720.240478515625,488.850402832031,812.990844726562
2020-09-22,44.2599983215332,279.595520019531,63.8800010681152,80.3130035400391,709.435119628906,482.374633789062,789.620300292969
2020-09-23,43.9799995422363,282.736480712891,63.560001373291,81.2679977416992,717.220520019531,487.895355224609,793.400024414062
2020-09-24,43.3600006103516,269.674072265625,62.75,78.9290008544922,712.216979980469,480.045227050781,784.273132324219
2020-09-25,43.6199989318848,279.495819091797,63.5800018310547,80.0559997558594,734.525573730469,486.381225585938,819.812927246094
2020-09-28,43.310001373291,294.851654052734,64.9899978637695,81.745002746582,733.731994628906,491.133087158203,832.35107421875
2020-09-29,44.1500015258789,297.045318603516,65.0299987792969,82.3730010986328,729.113525390625,495.023284912109,825.528869628906
2020-09-30,44.1800003051758,296.247650146484,65.1399993896484,81.9199981689453,743.013366699219,502.500701904297,831.198669433594
2020-10-01,44.0999984741211,307.265930175781,65.7600021362305,82.765998840332,746.833984375,515.708374023438,832.304992675781
2020-10-05,44.1800003051758,325.663024902344,65.7200012207031,81.4929962158203,748.357849121094,519.156127929688,826.911804199219
2020-10-06,44.6100006103516,326.211395263672,66.1699981689453,82.5989990234375,741.0625,533.016052246094,822.901428222656
2020-10-07,43.9500007629395,329.152923583984,65.9100036621094,82.1190032958984,752.150207519531,541.471862792969,818.568420410156
2020-10-08,44,315.342681884766,65.6800003051758,82.8529968261719,761.028015136719,555.238647460938,812.253234863281
2020-10-09,44.4000015258789,312.101989746094,65.6900024414062,83.495002746582,748.402221679688,574.689208984375,837.513793945312
2020-10-12,44.7900009155273,314.445251464844,65.0899963378906,84.6589965820312,742.24560546875,565.418151855469,835.024536132812
2020-10-13,44.7200012207031,312.301452636719,65.7699966430664,87.1210021972656,731.547607421875,558.336730957031,826.450805664062
2020-10-14,44.1500015258789,312.500854492188,64.8499984741211,87.375,731.5498046875,564.41650390625,843.736755371094
2020-10-15,44.2999992370605,306.218963623047,63.6399993896484,85.140998840332,728.268615722656,544.732971191406,819.398132324219
2020-10-16,44.4900016784668,306.119201660156,64.5500030517578,85.8629989624023,720.217163085938,558.756103515625,824.284240722656
2020-10-19,44.5200004577637,316.040710449219,64.9899978637695,86.2570037841797,751.158386230469,560.712768554688,832.397216796875
2020-10-20,44.439998626709,320.976470947266,64.9499969482422,84.9189987182617,758.598571777344,570.216796875,845.672729492188
2020-10-21,44.7900009155273,311.104888916016,65.3099975585938,84.2519989013672,748.250366210938,580.815551757812,852.264465332031
2020-10-22,44.7900009155273,310.606262207031,65.379997253418,84.2429962158203,742.583984375,574.57275390625,863.189147949219
2020-10-23,44.6500015258789,314.544952392578,66.379997253418,84.7200012207031,740.530395507812,575.737426757812,867.752624511719
2020-10-26,44.5499992370605,306.518096923828,65.3300018310547,83.8769989013672,758.915954589844,564.136962890625,877.432739257812
2020-10-27,44.5200004577637,313.149017333984,65.9100036621094,83.7399978637695,804.214660644531,574.479553222656,905.274597167969
2020-10-28,44.6100006103516,317.935211181641,65.379997253418,83.8809967041016,799.047729492188,563.531311035156,906.104248046875
2020-10-29,44.3499984741211,327.956390380859,64.9800033569336,82.3170013427734,793.705505371094,553.095520019531,861.529724121094
2020-10-30,44.3199996948242,338.725433349609,65.0899963378906,82.3460006713867,807.396057128906,551.395141601562,856.920043945312
2020-11-02,44.6199989318848,340.121398925781,65.3399963378906,81.734001159668,805.201354980469,566.16357421875,856.735778808594
2020-11-03,44.7999992370605,343.810760498047,66.1600036621094,82.245002746582,794.735778808594,581.39794921875,873.745056152344
2020-11-04,44.8400001525879,350.840576171875,66.5800018310547,85.2679977416992,799.656982421875,585.800537109375,883.236694335938
2020-11-05,44.9199981689453,351.737976074219,67.2699966430664,87.7399978637695,810.204772949219,591.2978515625,900.387329101562
2020-11-06,45.6100006103516,351.089813232422,68.2300033569336,87.056999206543,800.106323242188,609.211059570312,902.877746582031
2020-11-09,45.8300018310547,356.873138427734,68.4899978637695,89.8629989624023,815.412902832031,624.538696289062,907.670471191406
2020-11-10,43.9799995422363,358.468597412109,68.2399978637695,86.5599975585938,781.198181152344,649.276977539062,971.433410644531
2020-11-11,44.2000007629395,359.066864013672,68.9700012207031,86.379997253418,785.566467285156,647.55322265625,995.63232421875
2020-11-12,44.2599983215332,364.501220703125,68.7699966430664,87.2030029296875,786.554443359375,639.050842285156,1008.55413818359
2020-11-13,44.3400001525879,367.542510986328,69.7900009155273,87.8710021972656,791.590698242188,633.041015625,988.1611328125
2020-11-14,44.7099990844727,370.184875488281,70.9700012207031,88.4089965820312,792.178955078125,638.119140625,995.397338867188
2020-11-17,44.5099983215332,393.168731689453,70.8600006103516,88.0189971923828,798.986450195312,656.171997070312,1015.79034423828
2020-11-18,44.1800003051758,393.3681640625,72.2200012207031,87.5790023803711,793.799621582031,656.288513183594,1078.98937988281
2020-11-19,43.8300018310547,384.643280029297,72.0500030517578,86.7490005493164,796.6953125,640.285461425781,1065.92663574219
2020-11-20,43.810001373291,387.185943603516,72.9100036621094,87.6110000610352,821.453735351562,653.935729980469,1064.09411621094
2020-11-23,43.8800010681152,407.876434326172,73.5500030517578,87.2220001220703,836.790893554688,649.719543457031,1058.03259277344
2020-11-24,42.7799987792969,406.03173828125,73.75,87.2060012817383,831.672119140625,670.031982421875,1067.10131835938
2020-11-25,42.6800003051758,398.104553222656,72.6999969482422,87.806999206543,824.26708984375,653.539794921875,1048.77587890625
2020-11-26,42.939998626709,400.796783447266,73.2099990844727,88.5930023193359,834.699645996094,664.651123046875,1051.45434570312
2020-11-27,42.8400001525879,397.256958007812,74.3099975585938,88.9940032958984,841.615539550781,671.266540527344,1054.79052734375
2020-12-01,42.2900009155273,420.689544677734,76.0299987792969,89.5770034790039,819.4658203125,667.749206542969,1048.72900390625
2020-12-02,42.8300018310547,452.448181152344,76.3099975585938,90.6520004272461,812.328918457031,655.47314453125,1046.66162109375
2020-12-03,43.0699996948242,446.265960693359,76.5800018310547,91.0130004882812,822.947387695312,641.613220214844,1057.37475585938
2020-12-04,43.060001373291,444.670623779297,76.9700012207031,91.1630020141602,838.780944824219,645.526611328125,1080.25805664062
2020-12-07,42.7599983215332,456.2373046875,77.6399993896484,91.0930023193359,826.259399414062,639.307006835938,1099.24145507812
2020-12-08,43.3400001525879,450.603485107422,77.4899978637695,91.4759979248047,824.231689453125,641.193908691406,1100.83898925781
2020-12-09,43.1800003051758,447.811584472656,78.2300033569336,91.2320022583008,826.570007324219,655.589721679688,1109.86059570312
2020-12-10,42.6500015258789,445.966888427734,77.2300033569336,89.1969985961914,863.433410644531,645.64306640625,1118.6474609375
2020-12-11,42.7099990844727,448.509521484375,77.5500030517578,89.6989974975586,865.710388183594,644.22216796875,1122.359375
2020-12-14,42.560001373291,453.844177246094,77.8899993896484,89.8949966430664,874.682312011719,639.260498046875,1174.37524414062
2020-12-15,42.8199996948242,461.123229980469,78.5,90.8130035400391,855.774230957031,648.18212890625,1171.18017578125
2020-12-16,43.3300018310547,461.920928955078,79.4000015258789,91.6539993286133,862.057250976562,657.22021484375,1191.85498046875
2020-12-17,43.6699981689453,457.982208251953,79.3399963378906,91.875,861.205749511719,671.709289550781,1201.76953125
2020-12-18,43.7299995422363,453.844177246094,78.9000015258789,92.3779983520508,863.90625,657.523071289062,1204.35388183594
2020-12-21,44.1599998474121,427.968658447266,75.5400009155273,91.5770034790039,855.901245117188,639.493469238281,1160.46691894531
2020-12-22,43.7000007629395,457.483703613281,76.2900009155273,91.9459991455078,872.882751464844,639.703125,1186.63928222656
2020-12-23,43.5800018310547,462.269958496094,77.4199981689453,92.7040023803711,881.311157226562,640.890991210938,1188.61279296875
2020-12-24,43.7299995422363,472.291107177734,78,92.0149993896484,873.484802246094,650.88427734375,1186.16955566406
2020-12-28,43.8499984741211,489.441741943359,78.9000015258789,92.3939971923828,874.943359375,658.221923828125,1211.73095703125
2020-12-29,43.6800003051758,487.796508789062,78.6500015258789,93.4240036010742,859.19677734375,664.907287597656,1207.45520019531
2020-12-30,43.5800018310547,482.760986328125,78.8600006103516,92.7799987792969,864.682434082031,667.376525878906,1214.22143554688
2020-12-31,43.75,478.174133300781,79.5100021362305,92.6679992675781,865.199890136719,669.146850585938,1210.03930664062
2021-01-01,43.810001373291,489.740875244141,80.370002746582,93.1169967651367,868.043884277344,663.905700683594,1218.87329101562
2021-01-04,44.5200004577637,493.081298828125,81.4300003051758,93.2570037841797,864.621276855469,659.689453125,1235.41296386719
2021-01-05,44.9700012207031,492.981597900391,82.2799987792969,91.2969970703125,873.103881835938,664.674377441406,1227.61291503906
2021-01-06,45.1599998474121,489.491638183594,82.4499969482422,90.7160034179688,871.080810546875,661.809204101562,1234.84912109375
2021-01-07,44.4099998474121,516.613525390625,83.0199966430664,90.8840026855469,852.829040527344,659.805908203125,1258.29626464844
2021-01-08,43.8300018310547,516.513854980469,84.1600036621094,93.6559982299805,861.248046875,666.98046875,1290.67114257812
2021-01-11,43.0299987792969,517.660583496094,84.120002746582,94.6019973754883,865.256469726562,676.204895019531,1268.6806640625
2021-01-12,43.2299995422363,523.892700195312,84.1800003051758,93.6439971923828,846.797790527344,689.971801757812,1268.49291992188
2021-01-13,43.0699996948242,534.512084960938,84.2799987792969,93.4290008544922,847.748107910156,685.149963378906,1271.03015136719
2021-01-14,42.7000007629395,530.573364257812,83.629997253418,93.4209976196289,853.078491210938,684.264709472656,1293.67834472656
2021-01-15,43.0299987792969,525.787109375,83.3099975585938,92.8560028076172,839.0302734375,683.286437988281,1272.58056640625
2021-01-18,42.5400009155273,506.392974853516,81.7600021362305,92.4229965209961,829.465637207031,690.9501953125,1255.57104492188
2021-01-19,42.7900009155273,528.579040527344,83.5,93.3899993896484,835.299438476562,700.6171875,1287.3349609375
2021-01-20,42.9900016784668,545.181335449219,84.0599975585938,94.3059997558594,831.846252441406,695.096496582031,1299.36401367188
2021-01-21,43.2200012207031,535.359619140625,82.7699966430664,96.0869979858398,833.492858886719,687.083374023438,1288.69775390625
2021-01-22,43.0400009155273,525.288635253906,82.4899978637695,95.9710006713867,827.531982421875,672.524536132812,1280.05163574219
2021-01-25,42.7900009155273,512.425720214844,81.5800018310547,97.0350036621094,819.32958984375,681.515991210938,1279.29992675781
2021-01-27,42.560001373291,511.328765869141,80.1999969482422,97.3369979858398,825.109191894531,656.707763671875,1277.93725585938
2021-01-28,42.5400009155273,510.381530761719,79.7300033569336,92.947998046875,818.030944824219,638.934387207031,1264.31066894531
2021-01-29,42.6500015258789,505.196380615234,79.7799987792969,93.8460006713867,802.616149902344,647.809448242188,1254.30212402344
2021-02-01,42.3400001525879,535.658813476562,82.0199966430664,94.0930023193359,803.919372558594,687.991821289062,1361.576171875
2021-02-02,41.9199981689453,562.581359863281,83.75,96.2050018310547,808.746337890625,727.03271484375,1428.62829589844
2021-02-03,41.689998626709,564.974426269531,84.75,97.5800018310547,807.622009277344,733.671569824219,1436.47546386719
2021-02-04,41.3300018310547,588.008239746094,85.9599990844727,96.7559967041016,803.274841308594,735.6748046875,1437.65026855469
2021-02-05,41.1300010681152,593.641845703125,85.4100036621094,97.8349990844727,805.238891601562,744.293762207031,1425.1513671875
2021-02-08,41.2799987792969,626.497375488281,86.5999984741211,98.4359970092773,810.058898925781,747.857727050781,1458.32495117188
2021-02-09,41.8499984741211,628.04296875,86.75,98.4339981079102,814.799011230469,750.932495117188,1472.09240722656
2021-02-10,41.7599983215332,648.833129882812,87.0599975585938,98.818000793457,808.137084960938,736.909545898438,1459.31176757812
2021-02-11,41.7599983215332,656.710510253906,87.2799987792969,98.5670013427734,819.188293457031,732.530090332031,1438.30798339844
2021-02-12,41.2000007629395,716.887268066406,87.0899963378906,98.4349975585938,813.63916015625,737.002563476562,1429.70910644531
2021-02-15,41.189998626709,761.259643554688,87.9300003051758,98.6809997558594,822.368713378906,753.145446777344,1445.02722167969
2021-02-16,41.3499984741211,777.961608886719,88.9100036621094,99.4739990234375,810.014221191406,757.827575683594,1456.11633300781
2021-02-17,40.5200004577637,783.196594238281,88.8000030517578,98.6760025024414,787.61767578125,739.122375488281,1455.08276367188
2021-02-18,40.4700012207031,805.881225585938,89.1600036621094,97.7710037231445,769.904663085938,724.121032714844,1432.76330566406
2021-02-19,40.0999984741211,779.656677246094,87.8399963378906,97.8970031738281,770.455017089844,717.03955078125,1417.91516113281
2021-02-22,40.4300003051758,803.587951660156,87.4599990844727,96.2160034179688,757.277282714844,721.185913085938,1364.72448730469
2021-02-23,40.6699981689453,797.355834960938,87.6600036621094,94.1269989013672,760.742370605469,712.404052734375,1396.7705078125
2021-02-24,40.6199989318848,802.889953613281,88.6800003051758,94.4169998168945,769.031799316406,748.416870117188,1434.64282226562
2021-02-25,40.3300018310547,841.080017089844,90.3099975585938,94.6829986572266,758.105285644531,748.393371582031,1415.70654296875
2021-02-26,40.25,831.25830078125,88.3000030517578,93.6839981079102,757.526672363281,714.849975585938,1355.60864257812
2021-03-01,39.9599990844727,849.057067871094,90.3899993896484,95.3519973754883,766.505432128906,726.264099121094,1384.13049316406
2021-03-02,39.5200004577637,870.046630859375,91.8099975585938,95.4789962768555,779.852661132812,730.5966796875,1396.15954589844
2021-03-03,39.3300018310547,912.723815917969,93,94.8840026855469,785.644165039062,739.285461425781,1406.73193359375
2021-03-04,38.9300003051758,915.765197753906,93.7200012207031,91.2539978027344,783.882202148438,723.072692871094,1374.498046875
2021-03-05,38.6699981689453,907.28955078125,92.0100021362305,89.3030014038086,789.579467773438,712.800048828125,1375.390625
2021-03-08,38.7000007629395,907.588684082031,92.4400024414062,89.9499969482422,792.851623535156,707.908264160156,1423.92944335938
2021-03-09,38.8499984741211,902.602966308594,92.379997253418,90.3330001831055,795.596801757812,727.941223144531,1417.44506835938
2021-03-10,38.9500007629395,895.573181152344,92.7799987792969,92.0110015869141,796.568298339844,724.796508789062,1432.38745117188
2021-03-12,38.6300010681152,891.534851074219,92.5199966430664,92.1539993286133,786.735595703125,723.026184082031,1422.80187988281
2021-03-15,39.060001373291,893.628845214844,91.8300018310547,92.7180023193359,791.938842773438,712.171081542969,1394.37390136719
2021-03-16,39.0299987792969,895.224243164062,92.1399993896484,93.4100036621094,787.652954101562,704.484008789062,1373.74621582031
2021-03-17,39.1399993896484,871.392700195312,89.9599990844727,94.0839996337891,774.188110351562,696.657165527344,1351.05090332031
2021-03-18,39.1699981689453,868.550903320312,89.9199981689453,93.572998046875,762.214904785156,694.630676269531,1342.076171875
2021-03-19,39.2299995422363,887.09765625,89.3099975585938,92.2310028076172,773.957641601562,697.658874511719,1326.24108886719
2021-03-22,38.8499984741211,988.206726074219,89.9400024414062,92.3349990844727,780.412414550781,684.451110839844,1315.71594238281
2021-03-23,38.9199981689453,1055.36340332031,90.4700012207031,93.3870010375977,784.801940917969,698.893432617188,1319.7568359375
2021-03-24,38.8800010681152,1022.50793457031,89.4400024414062,93.5279998779297,773.828308105469,688.946960449219,1286.67712402344
2021-03-25,38.8899993896484,978.73388671875,88.9499969482422,91.9349975585938,760.749267578125,681.748962402344,1288.50964355469
2021-03-26,38.7900009155273,985.464538574219,88.5899963378906,92.0579986572266,779.645690917969,694.770446777344,1314.0712890625
2021-03-30,38.3800010681152,1028.59057617188,90.4100036621094,93.3850021362305,807.556091308594,723.841430664062,1337.80029296875
2021-03-31,38.1699981689453,1028.19152832031,91.9800033569336,93.427001953125,807.5654296875,695.865295410156,1333.43029785156
2021-04-01,39.0999984741211,1104.0234375,92.5,95.0080032348633,803.705261230469,692.650634765625,1357.58239746094
2021-04-05,39.3300018310547,1134.984375,90.870002746582,96.5459976196289,794.173767089844,675.342956542969,1319.23974609375
2021-04-06,39.4900016784668,1221.88439941406,91.7099990844727,97.6969985961914,803.637023925781,670.987060546875,1316.6083984375
2021-04-07,40.1100006103516,1162.2060546875,92.3000030517578,99.8089981079102,819.075378417969,674.224914550781,1319.56884765625
2021-04-08,40.2799987792969,1159.16479492188,92.4499969482422,100.388000488281,832.250732421875,667.516296386719,1333.66528320312
2021-04-09,40.4500007629395,1197.95324707031,93.2300033569336,101.34700012207,827.663818359375,662.368225097656,1319.52185058594
2021-04-12,40.4900016784668,1071.31762695312,93.25,102.100997924805,823.396789550781,636.884521484375,1264.12268066406
2021-04-13,40.5099983215332,1103.17590332031,90,102.922996520996,807.737182617188,652.398376464844,1290.953125
2021-04-15,40.7200012207031,1126.70812988281,89.6900024414062,102.732002258301,793.942993164062,666.258422851562,1291.84582519531
2021-04-16,40.8300018310547,1155.67492675781,90.5500030517578,102.834999084473,811.653869628906,665.582824707031,1277.27954101562
2021-04-19,41.5299987792969,1133.08972167969,89.1800003051758,103.726997375488,804.025146484375,658.012329101562,1231.51293945312
2021-04-20,41.0999984741211,1139.47143554688,89.3199996948242,103.016998291016,804.293273925781,648.228698730469,1251.294921875
2021-04-22,41.4799995422363,1154.47839355469,89.6399993896484,102.90599822998,789.934692382812,662.717712402344,1256.27575683594
2021-04-23,41.5200004577637,1154.27868652344,89.9100036621094,101.875,782.183776855469,658.827514648438,1243.21313476562
2021-04-26,41.2299995422363,1169.98376464844,90.0899963378906,102.333000183105,793.705505371094,654.471557617188,1255.42993164062
2021-04-27,41.0800018310547,1187.73266601562,91.620002746582,103.233001708984,789.396118164062,670.264953613281,1297.484375
2021-04-28,40.6399993896484,1181.79968261719,93.0100021362305,102.971000671387,782.564880371094,688.015197753906,1293.02062988281
2021-04-29,40.7200012207031,1178.90783691406,93.0199966430664,102.670997619629,780.613708496094,686.011779785156,1276.8095703125
2021-04-30,40.5900001525879,1155.37561035156,92.0899963378906,102.077003479004,771.470092773438,657.965698242188,1259.70581054688
2021-05-03,40.689998626709,1251.94787597656,92.4000015258789,101.959999084473,780.812316894531,658.967407226562,1261.63232421875
2021-05-04,40.75,1258.87817382812,92.3399963378906,101.15599822998,782.697204589844,646.807739257812,1257.02746582031
2021-05-05,40.5299987792969,1263.86352539062,92.6500015258789,99.6600036621094,782.822692871094,653.446594238281,1258.01428222656
2021-05-06,40.8199996948242,1283.05822753906,93.9000015258789,98.7740020751953,790.786071777344,652.654663085938,1259.18908691406
2021-05-07,41.2400016784668,1295.17346191406,93.5299987792969,99.1849975585938,792.855651855469,659.107116699219,1261.82043457031
2021-05-10,41.4599990844727,1300.35852050781,93.9700012207031,99.3310012817383,794.083068847656,661.483032226562,1310.96997070312
2021-05-11,41.4000015258789,1299.76025390625,94.9199981689453,96.6959991455078,797.999694824219,653.889221191406,1300.25671386719
2021-05-12,41.3899993896484,1282.11108398438,94.3899993896484,96.4120025634766,790.800170898438,652.002319335938,1301.85437011719
2021-05-14,41.4900016784668,1216.84875488281,93.1399993896484,96.2730026245117,814.747192382812,646.10888671875,1330.23510742188
2021-05-17,41.8300018310547,1285.40161132812,94.0800018310547,96.5869979858398,805.939514160156,670.987060546875,1303.21704101562
2021-05-18,42.0900001525879,1322.89367675781,96,96.8619995117188,812.687133789062,687.968505859375,1331.92687988281
2021-05-19,41.939998626709,1290.98547363281,95.7699966430664,95.1289978027344,825.399780273438,679.349670410156,1318.9111328125
2021-05-20,42.1300010681152,1298.26452636719,95.6999969482422,95.2900009155273,817.64208984375,667.516296386719,1324.83154296875
2021-05-21,42.1699981689453,1311.32690429688,96.4300003051758,97.3619995117188,827.658447265625,697.565734863281,1332.63146972656
2021-05-24,42.2000007629395,1303.05090332031,97.2699966430664,97.1569976806641,821.187377929688,703.459106445312,1356.31372070312
2021-05-25,42.1199989318848,1279.06982421875,97.4199981689453,98.4339981079102,828.557189941406,689.016723632812,1363.5498046875
2021-05-26,42.6399993896484,1319.0048828125,97.5,98.5530014038086,829.749206542969,688.131713867188,1384.17749023438
2021-05-27,42.3899993896484,1321.99633789062,97.9300003051758,97.8550033569336,839.465148925781,690.740539550781,1393.52819824219
2021-05-28,42.2200012207031,1298.86279296875,97.9599990844727,98.1029968261719,828.240234375,700.430786132812,1389.06420898438
2021-05-31,42.5900001525879,1312.52355957031,97.9599990844727,98.1859970092773,837.045593261719,706.207885742188,1379.29077148438
2021-06-01,42.8300018310547,1412.18688964844,98.129997253418,98.3059997558594,840.023315429688,704.274353027344,1385.82202148438
2021-06-02,42.5699996948242,1542.31237792969,98.9199981689453,98.4599990844727,835.056518554688,700.687072753906,1382.43920898438
2021-06-03,42.5099983215332,1578.55822753906,99.8600006103516,98.0459976196289,841.957946777344,708.397399902344,1419.84155273438
2021-06-04,42.1199989318848,1696.06994628906,100.860000610352,97.6470031738281,824.333129882812,699.266052246094,1444.93322753906
2021-06-07,42.2799987792969,1619.64001464844,101.569999694824,98.6859970092773,829.335327148438,698.753723144531,1463.96350097656
2021-06-08,42.4099998474121,1631.75500488281,102.860000610352,99.3740005493164,826.972412109375,690.926940917969,1455.83447265625
2021-06-09,42.5,1590.07507324219,101.900001525879,99.1230010986328,830.4990234375,689.645690917969,1427.78259277344
2021-06-10,42.3499984741211,1607.37512207031,103.76000213623,98.7470016479492,830.449340820312,689.995056152344,1428.15844726562
2021-06-11,42.6300010681152,1597.0048828125,103.720001220703,100.664001464844,829.517456054688,692.464294433594,1412.88732910156
2021-06-14,42.0299987792969,1497.14233398438,103.589996337891,101.152000427246,831.461547851562,689.249633789062,1424.44641113281
2021-06-15,42.0499992370605,1534.43493652344,103.949996948242,102.185997009277,836.537109375,694.28125,1419.79455566406
2021-06-16,42.0900001525879,1444.14477539062,103.230003356934,101.561996459961,849.800720214844,691.649047851562,1401.09338378906
2021-06-17,41.3499984741211,1363.77612304688,102.440002441406,10.0869998931885,854.240112304688,683.030151367188,1397.94519042969
2021-06-18,40.9599990844727,1483.23217773438,100.980003356934,10.4230003356934,835.867736816406,689.412841796875,1387.0908203125
2021-06-21,40.9500007629395,1535.58166503906,101.790000915527,103.410003662109,834.850891113281,693.559020996094,1378.68005371094
2021-06-22,40.9300003051758,1537.17700195312,102.209999084473,103.569999694824,824.794311523438,691.276306152344,1408.89331054688
2021-06-23,41,1500.43286132812,102.120002746582,104.129997253418,823.765380859375,692.068237304688,1390.14514160156
2021-06-24,40.9000015258789,1504.17211914062,101.720001220703,104.970001220703,833.460205078125,701.7353515625,1413.45141601562
2021-06-25,40.9500007629395,1515.09057617188,102.650001525879,105.339996337891,828.112609863281,705.858459472656,1432.05859375
2021-06-28,40.8199996948242,1521.37255859375,102.98999786377,105.410003662109,828.086486816406,702.713684082031,1423.22473144531
2021-06-29,40.7299995422363,1519.17895507812,102.379997253418,106.470001220703,832.490417480469,702.807312011719,1419.88854980469
2021-06-30,40.5200004577637,1503.22485351562,102.98999786377,107.199996948242,834.0869140625,700.865539550781,1410.162109375
2021-07-01,40.9099998474121,1486.9306640625,102.980003356934,107.25,834.711242675781,695.6484375,1402.40893554688
2021-07-02,41.1500015258789,1418.88256835938,103.360000610352,107.790000915527,832.620483398438,692.677368164062,1396.15954589844
2021-07-05,41.2000007629395,1391.24438476562,103.349998474121,108.330001831055,834.48193359375,699.719116210938,1417.11633300781
2021-07-06,41.6100006103516,1411.64880371094,103.349998474121,108.129997253418,826.381225585938,718.084167480469,1414.81384277344
2021-07-07,41.7200012207031,1422.47448730469,104.540000915527,108.73999786377,838.057861328125,720.330078125,1425.10412597656
2021-07-08,41.7400016784668,1422.72399902344,104.089996337891,108.190002441406,833.419860839844,711.416564941406,1410.30285644531
2021-07-09,41.5800018310547,1428.16174316406,104.349998474121,108.559997558594,834.228759765625,702.783874511719,1409.26928710938
2021-07-12,41.5,1417.53552246094,104.550003051758,109.26000213623,834.484191894531,695.765380859375,1410.34985351562
2021-07-13,41.5200004577637,1414.54211425781,105.040000915527,109.610000610352,836.872985839844,702.713684082031,1422.42602539062
2021-07-14,41.6399993896484,1398.92724609375,105.349998474121,110.069999694824,829.673522949219,701.450317382812,1451.65270996094
2021-07-15,41.9799995422363,1404.81396484375,105.519996643066,109.599998474121,833.559448242188,711.533508300781,1512.40844726562
2021-07-16,41.8499984741211,1392.3916015625,106.720001220703,109.019996643066,835.089782714844,712.305603027344,1521.24206542969
2021-07-19,41.6199989318848,1377.52502441406,105.620002746582,107.949996948242,839.737243652344,688.278991699219,1512.64318847656
2021-07-20,41.689998626709,1362.65795898438,104.410003662109,107.709999084473,844.640197753906,675.247985839844,1494.552734375
2021-07-22,41.2999992370605,1413.59436035156,104.529998779297,109.050003051758,851.200866699219,677.844848632812,1543.23266601562
2021-07-23,41.3600006103516,1398.52795410156,105.169998168945,110.050003051758,858.256164550781,675.060913085938,1514.66369628906
2021-07-26,41.4000015258789,1400.77307128906,105.620002746582,110.849998474121,856.241027832031,671.22412109375,1501.36608886719
2021-07-27,41.3499984741211,1393.63903808594,104.900001525879,111.120002746582,862.142028808594,673.657104492188,1511.37438964844
2021-07-28,41.3699989318848,1396.78198242188,105.410003662109,110.370002746582,852.513671875,663.152893066406,1515.12866210938
2021-07-29,41.6800003051758,1397.13122558594,105.25,110.400001525879,847.414428710938,663.597351074219,1516.83947753906
2021-07-30,41.9199981689453,1417.08654785156,106.470001220703,109.51000213623,837.381469726562,667.43408203125,1522.01892089844
2021-08-02,41.5299987792969,1434.99645996094,107.5,110.580001831055,837.949096679688,665.656127929688,1533.89892578125
2021-08-03,41.4799995422363,1439.58654785156,107.410003662109,110.050003051758,864.885620117188,671.294250488281,1553.28723144531
2021-08-04,41.5299987792969,1426.36596679688,106.870002746582,110.449996948242,854.159790039062,685.611999511719,1542.69006347656
2021-08-05,41.560001373291,1429.15966796875,106.839996337891,110.529998779297,861.321350097656,694.759460449219,1546.68200683594
2021-08-06,41.2999992370605,1533.22729492188,107.120002746582,111.23999786377,852.423706054688,698.409057617188,1530.47766113281
2021-08-09,40.3600006103516,1490.07373046875,106.040000915527,110.819999694824,861.016174316406,703.672912597656,1518.21728515625
2021-08-10,40.2200012207031,1443.27819824219,105.209999084473,111.529998779297,864.374694824219,705.427612304688,1509.66381835938
2021-08-11,40.2599983215332,1433.84936523438,104.080001831055,110.900001525879,859.384338378906,699.485168457031,1504.76940917969
2021-08-12,40.560001373291,1439.68615722656,105.029998779297,110.319999694824,857.778381347656,702.503173828125,1542.927734375
2021-08-13,40.5,1433.79931640625,105.860000610352,110.879997253418,864.197387695312,714.107055664062,1585.64831542969
2021-08-16,40.7799987792969,1426.91455078125,105.120002746582,111.440002441406,865.413024902344,716.165710449219,1573.95849609375
2021-08-17,41.1800003051758,1438.43896484375,105.150001525879,111.01000213623,886.098388671875,708.702819824219,1557.46899414062
2021-08-18,41.0299987792969,1456.74816894531,105.319999694824,109.819999694824,894.53955078125,707.930786132812,1551.86157226562
2021-08-20,40.9700012207031,1426.91455078125,104.099998474121,109.75,925.771057128906,708.749572753906,1514.55834960938
2021-08-23,41.0099983215332,1393.58911132812,103.540000915527,111.190002441406,947.047912597656,713.3583984375,1502.345703125
2021-08-24,41.1800003051758,1434.59765625,103.519996643066,112.480003356934,935.638488769531,729.383972167969,1526.15319824219
2021-08-25,41.0400009155273,1472.06372070312,104.199996948242,113.019996643066,941.787841796875,728.705505371094,1514.74853515625
2021-08-26,40.7999992370605,1472.41296386719,104.349998474121,112.690002441406,948.544982910156,727.488952636719,1516.60180664062
2021-08-27,40.8600006103516,1502.69543457031,105.980003356934,112.610000610352,944.034790039062,724.517761230469,1556.85119628906
2021-08-30,41.0099983215332,1513.17224121094,107.720001220703,112.48999786377,933.85986328125,733.782165527344,1577.76000976562
2021-08-31,40.8300018310547,1584.06384277344,108.709999084473,113.540000915527,920.875427246094,739.93505859375,1589.259765625
2021-09-01,40.8300018310547,1561.71374511719,109.339996337891,113.069999694824,937.861694335938,738.858825683594,1602.75549316406
2021-09-02,40.9199981689453,1567.05187988281,110.580001831055,113.089996337891,957.433166503906,743.491027832031,1602.5654296875
2021-09-03,40.9199981689453,1562.06311035156,110.690002441406,112.959999084473,958.665405273438,737.431884765625,1607.6025390625
2021-09-06,41.2099990844727,1578.47644042969,111.26000213623,113.400001525879,956.610107421875,732.588989257812,1610.16857910156
2021-09-07,41.060001373291,1554.62963867188,110.839996337891,113.5,963.480895996094,734.250061035156,1598.28857421875
2021-09-08,40.8800010681152,1552.48425292969,110.669998168945,113.769996643066,938.46484375,737.595520019531,1583.89013671875
2021-09-09,40.7900009155273,1541.55871582031,111.5,113.339996337891,967.678894042969,733.945983886719,1587.21667480469
2021-09-13,40.7200012207031,1529.03674316406,112.220001220703,112.25,967.444702148438,727.839904785156,1588.78454589844
2021-09-14,40.7299995422363,1509.82946777344,113.73999786377,112.349998474121,956.953063964844,724.564575195312,1612.30700683594
2021-09-15,40.9599990844727,1513.42175292969,114.75,112.209999084473,951.690612792969,723.745788574219,1631.837890625
2021-09-16,40.5200004577637,1499.85180664062,115.050003051758,112.059997558594,947.369506835938,729.898559570312,1635.876953125
2021-09-17,40.2000007629395,1476.953125,113.75,112.080001831055,954.363159179688,740.286010742188,1631.07751464844
2021-09-20,40.1699981689453,1415.68969726562,111.860000610352,110.26000213623,961.311950683594,729.851806640625,1619.81518554688
2021-09-21,40.2299995422363,1438.2392578125,111.800003051758,109.230003356934,955.018371582031,726.155456542969,1635.54443359375
2021-09-22,40.5999984741211,1434.54760742188,114,109.279998779297,942.513916015625,717.616271972656,1626.04028320312
2021-09-23,40.3400001525879,1471.06616210938,115.339996337891,110.370002746582,938.436401367188,734.600952148438,1681.92395019531
2021-09-24,40.0499992370605,1458.44409179688,114.51000213623,110.629997253418,939.630737304688,749.36328125,1681.02099609375
2021-09-27,40.0099983215332,1527.83923339844,114.529998779297,110.949996948242,929.127258300781,760.382202148438,1653.31677246094
2021-09-28,39.939998626709,1483.9873046875,113.830001831055,109.360000610352,924.517639160156,755.679870605469,1650.98815917969
2021-09-29,40.0200004577637,1482.34094238281,114.220001220703,108.519996643066,922.72021484375,745.760375976562,1635.63928222656
2021-09-30,39.7200012207031,1464.830078125,114.709999084473,108.440002441406,919.825378417969,746.275085449219,1618.48461914062
2021-10-01,40.2099990844727,1455.45092773438,115.129997253418,107.529998779297,924.763549804688,740.543273925781,1612.73474121094
2021-10-04,40.2400016784668,1523.24963378906,116.839996337891,107.809997558594,922.067260742188,741.970397949219,1630.17468261719
2021-10-05,40.3499984741211,1524.24743652344,117.610000610352,107.059997558594,917.460083007812,746.508972167969,1631.55249023438
2021-10-06,40.4500007629395,1476.25451660156,116.599998474121,106.589996337891,906.18310546875,755.609680175781,1610.97644042969
2021-10-07,40.5499992370605,1517.36267089844,118.699996948242,109.349998474121,900.908874511719,753.550964355469,1627.51342773438
2021-10-08,40.5400009155273,1544.45227050781,118.860000610352,109.370002746582,898.108581542969,749.8779296875,1641.24682617188
2021-10-11,40.7000007629395,1536.32043457031,119.319999694824,109.379997253418,902.753784179688,764.452941894531,1631.74279785156
2021-10-12,40.8400001525879,1550.98754882812,120.25,109.559997558594,918.413146972656,762.487731933594,1632.97802734375
2021-10-13,40.9199981689453,1566.20361328125,121.900001525879,108.540000915527,913.917053222656,767.073303222656,1665.14929199219
2021-10-14,41.5200004577637,1642.68286132812,122.610000610352,110.150001525879,914.141784667969,789.532348632812,1700.5517578125
2021-10-18,40.9799995422363,1611.90173339844,123.870002746582,111.480003356934,919.489318847656,781.53125,1699.74389648438
2021-10-19,41.2000007629395,1565.95422363281,121.629997253418,112.5,916.178039550781,790.140502929688,1754.48693847656
2021-10-20,41.060001373291,1586.15905761719,118.730003356934,113.440002441406,911.883117675781,783.192260742188,1717.08862304688
2021-10-21,41.1699981689453,1591.49731445312,117.940002441406,113.169998168945,909.778137207031,784.338623046875,1716.18579101562
2021-10-22,41.2900009155273,1539.56323242188,117.160003662109,113.459999084473,899.06640625,786.420837402344,1703.35534667969
2021-10-25,41.5800018310547,1528.78723144531,115.599998474121,113.580001831055,884.381408691406,775.308166503906,1695.65710449219
2021-10-26,41.6599998474121,1540.41125488281,116.889999389648,114.930000305176,914.422607421875,773.319641113281,1707.15698242188
2021-10-27,41.3300018310547,1563.06091308594,117.26000213623,115.019996643066,904.287475585938,768.664123535156,1696.03747558594
2021-10-28,41.5699996948242,1395.43493652344,115.580001831055,115.23999786377,903.659423828125,745.643371582031,1724.26416015625
2021-10-29,41.5,1420.42919921875,115.699996948242,115.730003356934,904.075805664062,740.613525390625,1679.02526855469
2021-11-01,41.2799987792969,1442.08093261719,116.800003051758,117.290000915527,901.194641113281,751.117797851562,1706.30163574219
2021-11-02,41.4500007629395,1469.51965332031,118.48999786377,117.26000213623,893.312622070312,751.796325683594,1725.59497070312
2021-11-03,41.0999984741211,1482.59045410156,118.220001220703,117.569999694824,891.5615234375,739.958374023438,1795.78186035156
2021-11-04,41.3600006103516,1486.13244628906,119.059997558594,120.089996337891,898.798889160156,745.807189941406,1814.26708984375
2021-11-08,41.5,1564.75695800781,120.269996643066,119.709999084473,906.411926269531,748.754943847656,1829.09362792969
2021-11-09,41.6699981689453,1631.80725097656,121.680000305176,119.410003662109,901.249267578125,735.65380859375,1847.19873046875
2021-11-10,41.7900009155273,1652.16186523438,121.290000915527,118.199996948242,901.827514648438,727.699462890625,1853.42370605469
2021-11-11,42.7000007629395,1661.19177246094,120.139999389648,118.360000610352,897.12158203125,724.447631835938,1835.88879394531
2021-11-12,42.4500007629395,1701.40185546875,121.129997253418,117.800003051758,910.846740722656,726.646728515625,1862.73742675781
2021-11-15,42.6500015258789,1745.65319824219,121.150001525879,118.879997253418,926.746459960938,728.635375976562,1850.47741699219
2021-11-16,42.7999992370605,1707.78771972656,121.26000213623,118.620002746582,926.056457519531,724.307189941406,1858.31823730469
2021-11-17,42.5400009155273,1702.64904785156,120.860000610352,119.419998168945,926.767944335938,716.259399414062,1856.03735351562
2021-11-18,42.6100006103516,1684.98840332031,119,118.73999786377,923.363464355469,720.283325195312,1802.90991210938
2021-11-22,42.2299995422363,1672.017578125,115.809997558594,121.290000915527,903.847473144531,709.0302734375,1772.02197265625
2021-11-23,41.3400001525879,1704.14575195312,117.559997558594,119.809997558594,912.707275390625,709.123962402344,1792.7880859375
2021-11-24,41.2000007629395,1751.24060058594,117.110000610352,119.459999084473,908.203430175781,710.293701171875,1770.12109375
2021-11-25,41.2999992370605,1759.12329101562,117.76000213623,120.76000213623,912.540771484375,713.990051269531,1758.14599609375
2021-11-26,41.7700004577637,1665.83129882812,114.290000915527,119.23999786377,914.643798828125,697.122314453125,1689.95471191406
2021-11-29,41.6199989318848,1661.34130859375,113.120002746582,119.519996643066,904.087707519531,702.432922363281,1679.59545898438
2021-11-30,41.5099983215332,1659.14624023438,114.360000610352,120.349998474121,911.327270507812,698.830200195312,1677.21936035156
2021-12-01,41.2099990844727,1689.52856445312,114.290000915527,120.900001525879,922.996948242188,704.023864746094,1697.41540527344
2021-12-02,40.9799995422363,1728.39172363281,115.910003662109,118.160003662109,928.012145996094,713.896545410156,1700.45666503906
2021-12-03,40.9199981689453,1704.29541015625,116.319999694824,118.389999389648,919.359313964844,708.188110351562,1711.9091796875
2021-12-06,41.2999992370605,1641.93469238281,114.709999084473,116.569999694824,904.853820800781,703.626098632812,1694.23156738281
2021-12-07,41.2200012207031,1674.71142578125,116.059997558594,119.279998779297,920.448974609375,713.873046875,1708.91528320312
2021-12-08,41.4700012207031,1711.67895507812,117.569999694824,121.110000610352,926.865478515625,727.021057128906,1734.52868652344
2021-12-09,41.3499984741211,1718.41394042969,117.98999786377,121.389999389648,917.61767578125,714.411071777344,1786.56298828125
2021-12-10,41.2700004577637,1736.52355957031,119.160003662109,120.860000610352,916.927673339844,712.399291992188,1780.48046875
2021-12-13,41.5499992370605,1715.71997070312,119.290000915527,121.980003356934,903.212097167969,707.065185546875,1769.17077636719
2021-12-14,41.5499992370605,1716.26879882812,118.889999389648,120.150001525879,915.431335449219,702.994323730469,1773.16235351562
2021-12-15,41.4700012207031,1691.52392578125,118.330001831055,119.160003662109,913.732666015625,701.84814453125,1787.51342773438
2021-12-16,41.7200012207031,1698.25903320312,117.480003356934,122.099998474121,916.304565429688,701.894897460938,1780.95581054688
2021-12-17,42.1399993896484,1641.63525390625,114.610000610352,118.279998779297,907.858520507812,689.23828125,1755.48498535156
2021-12-20,41.8600006103516,1586.40856933594,111.199996948242,116.680000305176,898.418151855469,667.059875488281,1710.10327148438
2021-12-21,41.689998626709,1616.89074707031,112.540000915527,117.269996643066,914.560607910156,674.616455078125,1736.90454101562
2021-12-22,41.5200004577637,1654.40686035156,113.730003356934,118.540000915527,913.137817382812,676.207336425781,1778.19946289062
2021-12-23,41.689998626709,1672.46655273438,115.099998474121,119.779998779297,913.991943359375,675.692565917969,1785.27990722656
2021-12-24,41.7099990844727,1694.41748046875,114.089996337891,120.540000915527,914.736694335938,673.259521484375,1767.17492675781
2021-12-27,41.5900001525879,1726.34619140625,114.430000305176,120.75,918.455139160156,678.827453613281,1773.63757324219
2021-12-28,41.6100006103516,1747.09997558594,115.150001525879,122.080001831055,920.96044921875,683.506408691406,1805.28576660156
2021-12-29,41.5,1714.22326660156,115.930000305176,122.419998168945,923.085021972656,680.254577636719,1800.86645507812
2021-12-30,41.2200012207031,1692.62145996094,115.889999389648,121.309997558594,923.413330078125,683.834045410156,1792.17028808594
2021-12-31,41.4799995422363,1705.64233398438,117.139999389648,120.569999694824,937.647583007812,692.209411621094,1801.86437988281
2022-01-03,41.7299995422363,1713.32531738281,118.589996337891,120.269996643066,936.327270507812,711.042297363281,1827.47766113281
2022-01-04,41.4599990844727,1715.17126464844,118.819999694824,121.470001220703,946.371948242188,715.206604003906,1841.44873046875
2022-01-05,41.560001373291,1711.62902832031,118.629997253418,119.540000915527,948.594055175781,732.191223144531,1851.95056152344
2022-01-06,41.2400016784668,1709.2841796875,118.709999084473,115.809997558594,934.880737304688,720.447021484375,1829.04602050781
2022-01-07,41.0900001525879,1695.31530761719,119.209999084473,116.709999084473,947.028564453125,725.500427246094,1810.41809082031
2022-01-10,41.0699996948242,1748.6962890625,119.680000305176,115.059997558594,937.757141113281,729.524353027344,1856.22741699219
2022-01-11,41.2099990844727,1839.79296875,119.940002441406,114.930000305176,940.324157714844,732.682556152344,1863.87805175781
2022-01-12,41.3300018310547,1826.02355957031,121,115.639999389648,937.714172363281,728.354553222656,1876.28076171875
2022-01-13,41.4199981689453,1849.22192382812,121.73999786377,116.269996643066,938.0615234375,714.949279785156,1918.28845214844
2022-01-14,41.5299987792969,1866.08447265625,122,114.169998168945,923.108703613281,722.973693847656,1943.33154296875
2022-01-17,41.5299987792969,1873.61743164062,122.120002746582,114.459999084473,919.923095703125,711.907897949219,1966.75891113281
2022-01-18,41.5200004577637,1836.84948730469,120.230003356934,113.669998168945,922.130981445312,715.534118652344,1921.89990234375
2022-01-19,41.5999984741211,1845.18115234375,119.75,112.809997558594,901.070922851562,710.480712890625,1920.66467285156
2022-01-20,42.0499992370605,1861.69409179688,119.269996643066,112.080001831055,891.416442871094,706.059204101562,1904.12744140625
2022-01-21,41.8400001525879,1824.27758789062,117.300003051758,108.48999786377,902.843322753906,711.954650878906,1859.03112792969
2022-01-24,42.0400009155273,1711.97827148438,113.449996948242,107.269996643066,890.638366699219,695.601684570312,1805.66613769531
2022-01-25,42.060001373291,1737.521484375,114.069999694824,106.319999694824,894.111938476562,696.256713867188,1829.80627441406
2022-01-27,41.8199996948242,1682.24462890625,112.779998779297,105.879997253418,874.826721191406,690.127197265625,1816.07299804688
2022-01-28,41.4300003051758,1689.92761230469,114.160003662109,105.23999786377,874.776794433594,684.65283203125,1803.4326171875
2022-01-31,41.25,1711.13012695312,115.400001525879,107.459999084473,881.302856445312,695.157165527344,1814.50476074219
2022-02-01,41.5499992370605,1743.00903320312,117.599998474121,110.160003662109,888.447326660156,700.444396972656,1891.7724609375
2022-02-02,41.5099983215332,1775.38671875,118.480003356934,112.629997253418,880.308349609375,716.446533203125,1884.35925292969
2022-02-03,41.560001373291,1747.94775390625,117.26000213623,109.569999694824,871.074951171875,709.0302734375,1837.74206542969
2022-02-04,41.5999984741211,1753.38598632812,116.48999786377,108.699996948242,872.266845703125,713.077575683594,1851.33288574219
2022-02-07,41.6300010681152,1727.94287109375,115.589996337891,108.199996948242,859.94775390625,686.945495605469,1791.02990722656
2022-02-08,41.8199996948242,1712.17785644531,114.540000915527,107.910003662109,860.6328125,683.997741699219,1782.5712890625
2022-02-09,41.9900016784668,1779.17834472656,115.730003356934,109.849998474121,862.912109375,700.725158691406,1795.11657714844
2022-02-10,42.1699981689453,1782.12170410156,116.019996643066,110.800003051758,863.140502929688,713.59228515625,1806.71154785156
2022-02-11,42.189998626709,1760.37036132812,113.949996948242,108.76000213623,847.692810058594,710.66796875,1778.43701171875
2022-02-14,42.9599990844727,1660.24389648438,NA,106.680000305176,840.795776367188,689.542236328125,1709.77062988281
2022-02-15,42.7200012207031,1740.36486816406,111.660003662109,108.940002441406,865.388671875,710.1767578125,1782.99914550781
2022-02-16,42.6399993896484,1734.22863769531,111.589996337891,109.769996643066,867.135131835938,709.217468261719,1768.41027832031
2022-02-17,43.3899993896484,1727.09448242188,111.410003662109,107.959999084473,862.4814453125,704.889404296875,1776.01354980469
2022-02-18,43.1800003051758,1732.4326171875,110.970001220703,108.300003051758,856.928527832031,707.626647949219,1789.69934082031
2022-02-21,43.0999984741211,1681.4462890625,109.910003662109,103.430000305176,861.534545898438,712.188659667969,1771.49914550781
2022-02-22,43.3800010681152,1663.9853515625,108.910003662109,101.629997253418,861.767761230469,706.854553222656,1752.96630859375
2022-02-23,43.0900001525879,1684.9384765625,108.589996337891,102.569999694824,852.995849609375,702.269226074219,1730.01428222656
2022-02-24,44.6199989318848,1540.51110839844,103.589996337891,98.3600006103516,844.340576171875,664.135437011719,1670.18640136719
2022-02-25,43.6199989318848,1615.09460449219,107.120002746582,103.309997558594,842.9296875,681.307312011719,1688.90930175781
2022-02-28,43.5900001525879,1640.78723144531,108.129997253418,104.01000213623,839.31591796875,667.340576171875,1726.64013671875
2022-03-02,44.3899993896484,1638.14318847656,107.970001220703,104.949996948242,849.091857910156,643.009887695312,1695.98974609375
2022-03-03,44.4000015258789,1640.138671875,107.699996948242,105.790000915527,829.67333984375,641.489135742188,1665.38684082031
2022-03-04,44.6500015258789,1611.40283203125,105.440002441406,104.290000915527,827.548828125,639.383605957031,1626.84814453125
2022-03-07,46,1560.56628417969,103.720001220703,103.050003051758,825.179016113281,619.872253417969,1553.38220214844
2022-03-08,45.9300003051758,1598.03259277344,104.199996948242,103.290000915527,821.43212890625,621.275939941406,1576.23937988281
2022-03-09,45.6599998474121,1652.8603515625,106.319999694824,102.559997558594,815.831604003906,641.559387207031,1607.07971191406
2022-03-10,44.7999992370605,1738.96801757812,107.449996948242,102.800003051758,839.789306640625,651.642517089844,1642.48217773438
2022-03-11,45.2799987792969,1730.23742675781,108.040000915527,102.730003356934,824.484436035156,653.560974121094,1642.91015625
2022-03-14,44.6399993896484,1732.23315429688,108.160003662109,102.650001525879,826.375854492188,674.967346191406,1660.11218261719
2022-03-15,44.3300018310547,1697.61047363281,107.339996337891,99.4300003051758,830.86767578125,666.287719726562,1656.97583007812
2022-03-16,44.2299995422363,1754.08435058594,109.209999084473,104.599998474121,848.082885742188,677.587585449219,1669.09338378906
2022-03-17,44.2299995422363,1815.59704589844,110.589996337891,106.610000610352,870.009094238281,692.513549804688,1699.22119140625
2022-03-21,44.1399993896484,1798.93420410156,110.129997253418,107.75,850.607299804688,695.531433105469,1669.18859863281
2022-03-22,44.3199996948242,1827.47033691406,110.540000915527,109.25,829.328308105469,699.110900878906,1686.05822753906
2022-03-23,44.4199981689453,1806.96630859375,110.599998474121,111.73999786377,825.281433105469,692.139099121094,1679.59545898438
2022-03-24,44.5800018310547,1828.71765136719,111.610000610352,110.550003051758,828.322021484375,675.014099121094,1683.68225097656
2022-03-25,44.7900009155273,1862.84155273438,111.559997558594,112.910003662109,816.573669433594,669.516235351562,1664.24633789062
2022-03-28,44.4900016784668,1905.44641113281,111.339996337891,112.98999786377,802.244384765625,670.405334472656,1655.21752929688
2022-03-29,44.1800003051758,1912.97961425781,111.949996948242,113.769996643066,805.187255859375,679.29541015625,1660.01721191406
2022-03-30,44.1100006103516,1990.80603027344,112.839996337891,116.01000213623,823.083129882812,691.06298828125,1685.63061523438
2022-03-31,44.1199989318848,2010.26232910156,113.440002441406,116.209999084473,827.011108398438,687.974914550781,1679.9755859375
2022-04-01,44.5699996948242,2039.09826660156,113.980003356934,115.589996337891,835.41650390625,704.655517578125,1701.31201171875
2022-04-04,44.2200012207031,2061.24853515625,115.76000213623,115.849998474121,847.928344726562,775.214660644531,1735.76403808594
2022-04-05,44.310001373291,2135.08422851562,117.419998168945,115.940002441406,857.589965820312,752.498107910156,1744.98303222656
2022-04-06,44.4900016784668,2155.18920898438,117.870002746582,114,866.799682617188,725.640747070312,1760.90222167969
2022-04-07,44.6399993896484,2094.37451171875,117.120002746582,112.910003662109,865.450622558594,709.685424804688,1735.71655273438
2022-04-08,44.6599998474121,2166.11450195312,118.110000610352,113.930000305176,878.031433105469,708.702819824219,1739.94580078125
2022-04-11,45.2200012207031,2175.34375,119.169998168945,112.160003662109,876.772888183594,700.046691894531,1693.138671875
2022-04-12,45.2000007629395,2192.05688476562,117.419998168945,111.480003356934,876.366088867188,698.806701660156,1661.01501464844
2022-04-13,45.7299995422363,2194.55126953125,117.080001831055,112.069999694824,874.681640625,685.4482421875,1673.46533203125
2022-04-18,46.189998626709,2228.87426757812,116.180000305176,111.809997558594,883.203796386719,652.92919921875,1652.12878417969
2022-04-19,45.9799995422363,2163.47045898438,114.099998474121,111.019996643066,854.040283203125,628.013610839844,1621.14575195312
2022-04-20,45.2200012207031,2179.08520507812,115.169998168945,111.779998779297,871.00830078125,633.67529296875,1607.69763183594
2022-04-21,45.2099990844727,2281.25732421875,115.790000915527,110.660003662109,870.422485351562,643.056640625,1629.46179199219
2022-04-22,45.3300018310547,2268.236328125,115.419998168945,109.940002441406,869.695678710938,634.283447265625,1610.31103515625
2022-04-25,44.9000015258789,2279.1123046875,113.430000305176,107.709999084473,869.071533203125,639.03271484375,1575.146484375
2022-04-26,44.6399993896484,2389.96508789062,115.080001831055,108.550003051758,880.598083496094,641.98046875,1615.63342285156
2022-04-27,44.4300003051758,2328.9013671875,113.629997253418,105.620002746582,871.381286621094,642.214416503906,1593.86926269531
2022-04-28,44.3300018310547,2373.25244140625,114.089996337891,107.76000213623,881.16943359375,641.652893066406,1633.97619628906
2022-04-29,44.7900009155273,2326.8056640625,114.199996948242,108.319999694824,876.512023925781,647.8525390625,1610.31103515625
2022-05-02,44.1599998474121,2334.2890625,NA,108.050003051758,881.783935546875,656.789428710938,1596.15026855469
2022-05-04,43.9799995422363,2248.7802734375,110.910003662109,107.629997253418,864.913879394531,634.470642089844,1552.90698242188
2022-05-05,44.5400009155273,2250.37670898438,111.139999389648,107.949996948242,841.770141601562,633.043579101562,1556.42346191406
2022-05-06,44.5499992370605,2242.69360351562,109.059997558594,104.569999694824,812.682678222656,616.503356933594,1541.97729492188
2022-05-09,44.4199981689453,2192.7548828125,107.620002746582,103.180000305176,789.199462890625,617.556030273438,1535.98999023438
2022-05-10,44.2599983215332,2104.80126953125,105.599998474121,103.410003662109,789.976501464844,627.4755859375,1528.19653320312
2022-05-11,44.060001373291,2114.57934570312,104.51000213623,103.98999786377,789.584350585938,631.008239746094,1492.88928222656
2022-05-12,44.0200004577637,2040.64465332031,102.25,101.349998474121,775.602416992188,616.784362792969,1450.45385742188
2022-05-13,43.4199981689453,2049.57470703125,103.550003051758,103.059997558594,784.350708007812,611.246337890625,1458.38977050781
2022-05-16,43.1399993896484,2101.20922851562,104.589996337891,103.970001220703,775.547485351562,617.754638671875,1466.373046875
2022-05-17,43.5400009155273,2179.98388671875,107.230003356934,103.970001220703,780.546875,621.967468261719,1524.53747558594
2022-05-18,43.3899993896484,2176.24194335938,106.470001220703,104.26000213623,781.5126953125,621.920166015625,1494.50500488281
2022-05-19,43.5900001525879,2110.03955078125,104.400001525879,99.9899978637695,769.58935546875,609.210998535156,1471.17260742188
2022-05-20,43.9199981689453,2214.60620117188,106.400001525879,100.959999084473,806.30126953125,625.257019042969,1530.23999023438
2022-05-23,44.25,2165.8154296875,105.370002746582,100.879997253418,812.627624511719,617.234069824219,1562.60107421875
2022-05-24,44.0699996948242,2155.38818359375,105.370002746582,99.7200012207031,821.846923828125,624.310485839844,1545.63647460938
2022-05-25,44.1199989318848,2069.53002929688,102.900001525879,98.8899993896484,826.468444824219,628.972900390625,1496.64343261719
2022-05-26,43.8699989318848,2041.84191894531,104.059997558594,98.3899993896484,844.101318359375,646.912353515625,1486.94934082031
2022-05-27,44.0800018310547,2075.5166015625,105.379997253418,99.4100036621094,843.5537109375,658.911499023438,1520.92602539062
2022-05-30,43.9799995422363,2160.82641601562,107.860000610352,100.540000915527,846.702575683594,663.408325195312,1578.47290039062
2022-05-31,43.9500007629395,2162.72216796875,107.970001220703,100.809997558594,845.966125488281,657.444152832031,1572.43786621094
2022-06-01,43.5200004577637,2146.10913085938,108.339996337891,100.139999389648,824.450622558594,660.236938476562,1566.26037597656
2022-06-02,43.9799995422363,2204.47900390625,108.769996643066,100.400001525879,831.730834960938,655.621826171875,1555.94848632812
2022-06-03,44.1500015258789,2185.1220703125,107.349998474121,101.370002746582,821.077087402344,653.349853515625,1570.109375
2022-06-06,44,2220.09423828125,107.120002746582,100.730003356934,812.751953125,652.47412109375,1558.84704589844
2022-06-07,43.8600006103516,2222.5888671875,105.930000305176,100.51000213623,800.797607421875,644.9716796875,1510.6142578125
2022-06-08,43.8800010681152,2172.35083007812,105.870002746582,99.9000015258789,799.690551757812,647.243713378906,1505.95727539062
2022-06-09,43.9500007629395,2214.25732421875,106.269996643066,100.919998168945,801.813598632812,652.119140625,1515.98400878906
2022-06-10,43.810001373291,2198.19287109375,105.669998168945,99.4499969482422,802.136535644531,639.528259277344,1506.47998046875
2022-06-13,44.189998626709,2075.11767578125,102.870002746582,97.0299987792969,805.940368652344,627.931457519531,1456.06127929688
2022-06-14,43.5699996948242,2191.5576171875,102.51000213623,95.370002746582,806.753173828125,621.020751953125,1468.03625488281
2022-06-15,43.6100006103516,2179.73413085938,102.889999389648,94.75,803.446655273438,618.867065429688,1482.95751953125
2022-06-16,43.7200012207031,2078.3603515625,100.629997253418,94.3199996948242,806.875183105469,606.4892578125,1451.64184570312
2022-06-17,44.0800018310547,2091.1318359375,99.4199981689453,96.5699996948242,795.800598144531,610.488952636719,1416.04931640625
2022-06-20,43.8199996948242,2075.2177734375,97.5699996948242,92.1699981689453,811.326904296875,625.8251953125,1398.79968261719
2022-06-21,43.7799987792969,2156.98486328125,100.430000305176,92.3399963378906,811.5517578125,632.641235351562,1425.88598632812
2022-06-22,43.6800003051758,2084.54663085938,99.1100006103516,90.6399993896484,802.148498535156,629.659240722656,1405.40478515625
2022-06-23,43.7599983215332,2105.6494140625,100.129997253418,89.9700012207031,811.766967773438,631.978637695312,1420.18359375
2022-06-24,43.6599998474121,2156.63549804688,101.660003662109,91.5299987792969,823.977172851562,640.806335449219,1420.70629882812
2022-06-27,43.8699989318848,2176.74096679688,102.680000305176,94.4499969482422,830.030883789062,641.966064453125,1459.62536621094
2022-06-28,43.7999992370605,2199.689453125,102.919998168945,92.5,832.213806152344,637.066955566406,1474.54650878906
2022-06-29,43.7599983215332,2215.15502929688,102.75,89.8399963378906,836.763671875,636.143859863281,1471.125
2022-06-30,43.7599983215332,2186.02001953125,102.330001831055,89.9100036621094,835.374572753906,638.060974121094,1480.96166992188
2022-07-01,44.3600006103516,2227.22827148438,102.660003662109,88.4499969482422,850.917724609375,640.782653808594,1494.17224121094
2022-07-04,44.6800003051758,2256.81225585938,102.949996948242,90.0699996948242,860.457214355469,641.682006835938,1503.24853515625
2022-07-05,44.7999992370605,2241.44653320312,103.190002441406,89.8099975585938,860.000610351562,640.23828125,1487.28186035156
2022-07-06,44.1699981689453,2267.78759765625,104.769996643066,91.9199981689453,879.30224609375,649.066162109375,1478.9658203125
2022-07-07,43.5900001525879,2269.234375,106.370002746582,92.6999969482422,870.518127441406,660.686584472656,1531.19030761719
2022-07-08,43.5699996948242,2287.94262695312,106.480003356934,94.129997253418,880.760681152344,661.301879882812,1603.75341796875
2022-07-11,43.560001373291,2367.9638671875,107.730003356934,93.3300018310547,884.119812011719,665.585632324219,1580.51611328125
2022-07-12,43.6199989318848,2360.380859375,107.150001525879,91.4700012207031,866.702209472656,658.793212890625,1571.72497558594
2022-07-13,43.439998626709,2348.2578125,107.120002746582,91.9300003051758,872.655517578125,642.723266601562,1565.54736328125
2022-07-14,43.2999992370605,2378.77197265625,107.089996337891,91.620002746582,878.090026855469,639.504699707031,1564.501953125
2022-07-15,43.1100006103516,2400.8818359375,107.650001525879,92.5500030517578,897.609191894531,644.711486816406,1601.2822265625
2022-07-18,43.5499992370605,2419.19848632812,109.569999694824,94.9499969482422,890.623168945312,637.847961425781,1641.95947265625
2022-07-19,43.3899993896484,2446.84838867188,110.110000610352,93.75,878.778564453125,638.084716796875,1644.0029296875
2022-07-20,43.3899993896484,2446.6484375,109.879997253418,96.0400009155273,890.22607421875,646.131408691406,1653.6494140625
2022-07-21,43.0299987792969,2490.9677734375,111.550003051758,97.3199996948242,900.882385253906,644.096069335938,1699.08288574219
2022-07-22,43.689998626709,2494.86059570312,111.809997558594,97.9000015258789,908.007141113281,659.12451171875,1701.58557128906
2022-07-25,43.5999984741211,2545.9677734375,111.639999389648,96.9800033569336,896.942199707031,661.065185546875,1715.7353515625
2022-07-26,43.4599990844727,2555.05102539062,110.73999786377,95.2799987792969,885.080932617188,659.716247558594,1685.703125
2022-07-27,43.5699996948242,2544.0712890625,111.48999786377,95.9800033569336,886.630187988281,664.75732421875,1729.40380859375
2022-07-28,44.0200004577637,2545.76782226562,112.300003051758,97.120002746582,913.910278320312,670.650390625,1733.83178710938
2022-07-29,44.060001373291,2564.53393554688,114.040000915527,99.3000030517578,925.706909179688,678.862731933594,1740.37719726562
2022-08-01,44.2200012207031,2655.31884765625,115.75,100.129997253418,920.738647460938,684.519165039062,1746.77819824219
2022-08-02,44.1800003051758,2678.77612304688,116.139999389648,98.9300003051758,930.474243164062,676.993103027344,1725.93859863281
2022-08-03,44.189998626709,2706.4755859375,115.089996337891,99.6699981689453,926.031921386719,678.578735351562,1722.81018066406
2022-08-04,44.6599998474121,2718.65380859375,116.110000610352,102.709999084473,949.180603027344,677.774047851562,1713.47326660156
2022-08-05,44.7200012207031,2693.49926757812,116.279998779297,102.949996948242,952.599548339844,675.478454589844,1720.54821777344
2022-08-08,44.6199989318848,2786.82934570312,116.680000305176,102.629997253418,939.758056640625,692.045349121094,1761.16870117188
2022-08-10,44.8699989318848,2822.06518554688,116.569999694824,101.209999084473,945.331298828125,694.057006835938,1785.71435546875
2022-08-11,44.9099998474121,2828.90307617188,117.580001831055,103.550003051758,941.032470703125,703.23974609375,1797.26525878906
2022-08-12,45,2859.34741210938,118.330001831055,103.790000915527,934.512512207031,702.979431152344,1777.33984375
2022-08-16,44.6500015258789,2970.4453125,119.809997558594,105.23999786377,941.192687988281,711.026184082031,1779.6982421875
2022-08-17,44.5999984741211,3003.18579101562,120.26000213623,104.779998779297,943.695861816406,714.694519042969,1786.24377441406
2022-08-18,44.5499992370605,3147.92236328125,120.839996337891,104.190002441406,935.201049804688,715.546508789062,1823.63977050781
2022-08-19,44.4199981689453,3124.51513671875,119.309997558594,103.459999084473,929.618347167969,706.718811035156,1863.58630371094
2022-08-22,43.9900016784668,3046.05810546875,117.220001220703,102.150001525879,930.15869140625,695.973937988281,1810.25988769531
2022-08-23,44.1500015258789,3025.1455078125,118.169998168945,101.300003051758,938.452758789062,693.8203125,1806.79467773438
2022-08-24,44.3300018310547,3128.95703125,118.540000915527,99.8399963378906,940.623596191406,697.157287597656,1822.48449707031
2022-08-25,44.6399993896484,3060.78100585938,119.290000915527,101.459999084473,933.71875,693.370544433594,1807.61267089844
2022-08-26,44.2999992370605,3133.84814453125,119.660003662109,101.540000915527,933.788024902344,693.488952636719,1834.08349609375
2022-08-29,43.8499984741211,3136.89233398438,118.76000213623,98.3199996948242,939.442504882812,681.324157714844,1811.07788085938
2022-08-30,43.9000015258789,3188.548828125,120.930000305176,99.0400009155273,952.8076171875,703.429016113281,1850.54357910156
2022-09-01,43.3499984741211,3227.37768554688,121.25,95.3300018310547,943.583557128906,696.826049804688,1841.35083007812
2022-09-02,43.3699989318848,3349.70532226562,121.120002746582,96.5299987792969,935.399475097656,703.14501953125,1867.86987304688
2022-09-05,43.5400009155273,3340.47216796875,121.790000915527,94.9700012207031,920.953735351562,707.665466308594,1894.67724609375
2022-09-06,43.5,3429.56005859375,122.129997253418,95.9000015258789,910.5390625,704.967407226562,1888.85388183594
2022-09-07,43.4099998474121,3467.44116210938,122.870002746582,94.7699966430664,917.109252929688,701.630432128906,1884.81103515625
2022-09-08,43.5999984741211,3456.51098632812,123.169998168945,96.2600021362305,914.452880859375,708.872497558594,1900.5009765625
2022-09-09,43.6599998474121,3444.93188476562,123.660003662109,97.2900009155273,910.986206054688,709.345825195312,1876.77355957031
2022-09-12,43.5999984741211,3457.50903320312,124.629997253418,97.2900009155273,907.014892578125,706.955505371094,1888.46887207031
2022-09-13,43.5,3549.34228515625,124.949996948242,99.0100021362305,911.5791015625,716.209228515625,1916.81665039062
2022-09-14,43.1800003051758,3565.61279296875,124.599998474121,96.1900024414062,913.735717773438,723.569641113281,1880.76818847656
2022-09-15,43.0499992370605,3741.89184570312,125.379997253418,96.9000015258789,908.965881347656,719.806579589844,1884.2333984375
2022-09-16,42.2599983215332,3695.47607421875,122,94.1500015258789,880.045837402344,706.576782226562,1848.13696289062
2022-09-19,42.3400001525879,3771.787109375,122,93.3300018310547,897.310363769531,711.239196777344,1839.18518066406
2022-09-20,42.4900016784668,3827.5859375,123.730003356934,94.0899963378906,890.20458984375,719.806579589844,1860.36169433594
2022-09-21,42.7000007629395,3633.48901367188,122.940002441406,93.5599975585938,891.794555664062,718.694274902344,1824.69848632812
2022-09-22,42.9900016784668,3709.55078125,123.360000610352,93.120002746582,891.239807128906,703.381713867188,1817.52734375
2022-09-23,42.8199996948242,3667.626953125,121.26000213623,91.379997253418,884.4306640625,684.519165039062,1787.3505859375
2022-09-26,42.6399993896484,3579.68676757812,117.379997253418,90.9899978637695,882.393615722656,675.289123535156,1782.15270996094
2022-09-27,42.4199981689453,3552.63623046875,117.01000213623,91.9199981689453,892.882385253906,669.230285644531,1772.28637695312
2022-09-28,42.2999992370605,3542.3046875,116.73999786377,90.8199996948242,900.93017578125,657.728149414062,1766.75170898438
2022-09-29,42.9000015258789,3464.396484375,117.370002746582,92.6699981689453,907.538696289062,654.320190429688,1747.54821777344
2022-09-30,43.1599998474121,3449.47387695312,119.019996643066,91.0599975585938,915.459655761719,672.780395507812,1778.54309082031
2022-10-03,43.1399993896484,3151.56591796875,117.25,90.6800003051758,908.181701660156,668.922668457031,1751.20629882812
2022-10-04,44.0499992370605,3231.81982421875,120.430000305176,92.379997253418,920.578430175781,687.761535644531,1801.50048828125
2022-10-06,44.2799987792969,3279.03393554688,121.339996337891,93.75,922.888000488281,680.188171386719,1841.35083007812
2022-10-07,44.4900016784668,3271.6474609375,121.699996948242,93.6800003051758,923.884948730469,677.25341796875,1852.51684570312
2022-10-10,43.7299995422363,3240.35424804688,120.339996337891,90.4899978637695,914.228210449219,669.774658203125,1838.17443847656
2022-10-11,43.4199981689453,3268.00390625,118.75,89.7600021362305,882.233459472656,662.982299804688,1808.62341308594
2022-10-12,43.5900001525879,3217.79516601562,119.279998779297,88.5500030517578,895.404846191406,667.313293457031,1839.71447753906
2022-10-13,43.689998626709,3227.77709960938,118.569999694824,88.6999969482422,897.233825683594,659.645202636719,1805.92834472656
2022-10-14,43.2599983215332,3203.67114257812,118.529998779297,89.620002746582,905.092712402344,681.134765625,1840.05151367188
2022-10-17,43.2400016784668,3206.76538085938,118.690002441406,88.7699966430664,904.71728515625,684.70849609375,1812.71435546875
2022-10-18,43.1199989318848,3278.3349609375,119.910003662109,91.4700012207031,927.081665039062,683.430480957031,1846.30822753906
2022-10-19,43.189998626709,3271.2978515625,119.98999786377,91.5,943.877563476562,690.435974121094,1833.60217285156
2022-10-20,43.0400009155273,3351.00317382812,119.610000610352,90.6600036621094,959.274780273438,685.773620605469,1832.88037109375
2022-10-21,42.7299995422363,3305.88500976562,119.01000213623,89.8099975585938,970.457092285156,680.945434570312,1806.50598144531
2022-10-24,43.4799995422363,3303.7890625,120.690002441406,91.8499984741211,998.196044921875,691.571960449219,1838.27062988281
2022-10-25,43.1699981689453,3294.50561523438,119.76000213623,91.879997253418,969.856872558594,686.767578125,1876.14782714844
2022-10-27,43.4599990844727,3318.96142578125,120.519996643066,91.5100021362305,962.724914550781,688.424194335938,1890.53833007812
2022-10-28,43.2799987792969,3317.26440429688,119.779998779297,90.4000015258789,969.859313964844,690.459533691406,1901.12670898438
2022-10-31,43.2299995422363,3341.37036132812,120.629997253418,92.5199966430664,979.525390625,708.446411132812,1947.37805175781
2022-11-01,43.310001373291,3569.2060546875,122.23999786377,93.5899963378906,990.423034667969,716.2802734375,1948.67761230469
2022-11-02,43.5,3574.19677734375,122.26000213623,92.6800003051758,980.677429199219,716.729919433594,1937.94506835938
2022-11-03,43,3583.87890625,122.080001831055,89.4599990844727,982.413879394531,713.582275390625,1933.51721191406
2022-11-04,43.2900009155273,3826.28833007812,124.660003662109,88.1600036621094,982.502990722656,708.659545898438,1939.67749023438
2022-11-07,43.7400016784668,3953.40698242188,123.349998474121,88.6800003051758,985.146118164062,714.173889160156,1942.13220214844
2022-11-09,43.9700012207031,3989.94018554688,122.230003356934,89,977.432983398438,713.960815429688,1928.51159667969
2022-11-10,44.1800003051758,3984.99926757812,121.529998779297,87.5199966430664,970.477355957031,721.7236328125,1903.62927246094
2022-11-11,44.7599983215332,4001.56958007812,121.459999084473,91.9199981689453,977.558044433594,762.620178222656,1935.82727050781
2022-11-14,44.8199996948242,4015.24462890625,121.540000915527,92.5999984741211,965.181335449219,764.466186523438,1924.9501953125
2022-11-15,45.1500015258789,4050.43017578125,121.48999786377,93.1399993896484,964.717224121094,766.335876464844,1921.82189941406
2022-11-16,45.3499984741211,3949.41455078125,120.449996948242,93.9199981689453,966.754333496094,772.915283203125,1928.60803222656
2022-11-17,45.1699981689453,4010.8525390625,120.089996337891,92.9700012207031,961.612121582031,765.933532714844,1953.58666992188
2022-11-18,45.2599983215332,4012.49926757812,119.639999389648,93.5800018310547,958.442138671875,763.921813964844,1948.67761230469
2022-11-21,44.7999992370605,3994.58227539062,119.73999786377,93.0299987792969,950.582397460938,756.088073730469,1936.1640625
2022-11-22,44.9000015258789,4026.67358398438,119.730003356934,92.2399978637695,943.453552246094,754.975708007812,1953.82751464844
2022-11-23,44.7700004577637,3896.2109375,120.220001220703,93.3199996948242,941.12548828125,756.940124511719,1949.20703125
2022-11-24,45.0400009155273,3913.978515625,120.699996948242,94.2099990844727,949.319702148438,769.246887207031,1975.38903808594
2022-11-25,44.9799995422363,3894.01513671875,122.110000610352,94.0500030517578,939.40576171875,765.696838378906,1985.54418945312
2022-11-28,45.1199989318848,3879.091796875,122.389999389648,93.3199996948242,953.167846679688,757.460693359375,1987.18041992188
2022-11-29,45.0999984741211,3871.35620117188,122.080001831055,93.2699966430664,967.875,756.324645996094,1973.80078125
2022-11-30,45.0999984741211,3910.7841796875,123.419998168945,92.6800003051758,970.888671875,761.342102050781,1997.19140625
2022-12-01,45.3699989318848,3907.98974609375,124.470001220703,94.9899978637695,964.426086425781,766.572509765625,2025.49084472656
2022-12-02,45.8800010681152,3915.37622070312,125.23999786377,95.1600036621094,950.077209472656,760.703125,2007.44262695312
2022-12-05,46.0900001525879,3923.26147460938,125.669998168945,95.25,950.125244140625,763.47216796875,2007.53894042969
2022-12-06,45.8199996948242,4024.4775390625,124.580001831055,95.0299987792969,957.768737792969,762.620178222656,2015.14318847656
2022-12-07,45.8400001525879,3992.03662109375,124.279998779297,93.6699981689453,957.756774902344,762.288696289062,2044.50158691406
2022-12-08,46.060001373291,4017.68994140625,124.589996337891,93.8000030517578,952.682006835938,766.572509765625,2086.56567382812
2022-12-09,46.1100006103516,3989.54125976562,124.309997558594,93.9800033569336,973.673767089844,772.039611816406,2073.42700195312
2022-12-12,46.189998626709,4009.40502929688,124.959999084473,93.9400024414062,985.487670898438,778.051025390625,2082.7158203125
2022-12-13,46.1599998474121,4052.82592773438,125.360000610352,94.9800033569336,980.72314453125,780.204650878906,2091.5712890625
2022-12-14,46.5400009155273,4048.43383789062,125.940002441406,95.8899993896484,965.099487304688,786.807739257812,2113.27709960938
2022-12-15,46.0299987792969,4036.40600585938,124.949996948242,94.6100006103516,949.434997558594,772.394592285156,2096.04736328125
2022-12-16,46.0999984741211,3973.57006835938,123.339996337891,92.8300018310547,949.475891113281,776.110290527344,2093.59252929688
2022-12-19,46.4199981689453,4067.8984375,123.839996337891,92.8099975585938,965.972534179688,778.524353027344,2102.255859375
2022-12-20,46.75,4157.73486328125,123.610000610352,91,968.565368652344,773.151977539062,2082.28247070312
2022-12-21,46.8600006103516,3894.86328125,121.709999084473,91.3199996948242,977.158813476562,765.673156738281,2065.96704101562
2022-12-22,46.8699989318848,3861.52416992188,120.690002441406,91.379997253418,976.793273925781,763.046142578125,2030.97741699219
2022-12-23,46.689998626709,3635.58520507812,116.379997253418,89.8300018310547,968.430725097656,756.230041503906,1985.54418945312
2022-12-26,46.689998626709,3709.99975585938,118.559997558594,90.25,957.114562988281,771.2822265625,2012.78503417969
2022-12-27,46.8699989318848,3762.80322265625,120.25,90.1500015258789,951.270141601562,772.063293457031,2044.59790039062
2022-12-28,46.5499992370605,3790.80297851562,120.430000305176,89.0800018310547,954.521850585938,771.447875976562,2041.71008300781
2022-12-29,46.6100006103516,3803.67944335938,121.029998779297,87.9000015258789,952.809509277344,776.891296386719,2031.89172363281
2022-12-30,46.7900009155273,3851.34252929688,121.440002441406,88.9599990844727,943.092834472656,770.666870117188,2007.73156738281
2023-01-02,47.1699981689453,3834.2236328125,121.910003662109,89.7399978637695,940.954711914062,770.927185058594,2011.24450683594
2023-01-03,47.6300010681152,3823.9921875,122.699996948242,90.25,948.927612304688,775.968200683594,2010.76330566406
2023-01-04,48.0699996948242,3820.09936523438,121.389999389648,89.0100021362305,938.951171875,762.099548339844,1993.05224609375
2023-01-05,47.7799987792969,3822.84448242188,121.680000305176,88.6800003051758,951.270141601562,757.200378417969,2009.22338867188
2023-01-06,47.5,3817.3046875,121.180000305176,87.5800018310547,956.525390625,754.691711425781,2008.45336914062
2023-01-09,48.1100006103516,3848.29809570312,122.01000213623,89.5199966430664,966.167297363281,756.159057617188,2042.28771972656
2023-01-10,47.9599990844727,3640.2763671875,121.199996948242,89.5,963.197021484375,742.337585449219,2027.80078125
2023-01-11,48.0200004577637,3629.19677734375,121.190002441406,89.9000015258789,950.418762207031,753.034973144531,2045.80102539062
2023-01-12,47.9500007629395,3640.57592773438,120.930000305176,90.9100036621094,955.948059082031,757.058410644531,2078.91333007812
2023-01-13,48.2299995422363,3714.3916015625,120.879997253418,90.7699966430664,951.671752929688,757.650085449219,2072.80102539062
2023-01-16,48.7000007629395,3613.22583007812,120.639999389648,91.8300018310547,949.326843261719,750.384338378906,2057.20727539062
2023-01-17,48.5,3632.74047851562,120.199996948242,92.1999969482422,959.435546875,761.555114746094,2130.26684570312
2023-01-18,48.4599990844727,3590.16772460938,120.620002746582,92.5100021362305,953.547790527344,774.997985839844,2181.66796875
2023-01-19,48.5,3457.25952148438,120.930000305176,90.9599990844727,946.705261230469,778.216674804688,2188.02099609375
2023-01-20,48.7599983215332,3449.873046875,120.059997558594,90.3199996948242,923.565734863281,786.1923828125,2165.7373046875
2023-01-23,48.7700004577637,3430.10913085938,120.300003051758,92.0999984741211,931.601135253906,791.943481445312,2149.90307617188
2023-01-24,48.9099998474121,3435.7490234375,119.870002746582,93.9499969482422,927.926086425781,802.546264648438,2124.87622070312
2023-01-25,48.7599983215332,3382.79516601562,118.51000213623,92.8000030517578,925.270935058594,780.370361328125,2093.3037109375
2023-01-27,48.7799987792969,2756.4345703125,118.040000915527,94.6699981689453,924.349792480469,764.821166992188,2079.01000976562
2023-01-30,48.7700004577637,2887.59619140625,117.139999389648,95.25,921.922912597656,764.040100097656,2033.81713867188
2023-01-31,48.6699981689453,2968.49877929688,118.449996948242,94.870002746582,914.796630859375,758.999084472656,2044.88671875
2023-02-01,49.4099998474121,2131.47216796875,117.699996948242,95.6699981689453,918.264831542969,770.382873535156,2065.24487304688
2023-02-02,50.4700012207031,1562.4072265625,117.790000915527,99.3300018310547,911.758972167969,758.928039550781,2064.61938476562
2023-02-03,49.4199981689453,1583.91833496094,117.660003662109,99.6900024414062,914.149719238281,785.174682617188,2085.45922851562
2023-02-06,49.0400009155273,1569.84375,118.660003662109,100.220001220703,914.97705078125,781.837707519531,2075.40014648438
2023-02-07,49.0699996948242,1799.67553710938,118.5,100.790000915527,912.884582519531,782.997375488281,2084.255859375
2023-02-08,49.2000007629395,2160.3193359375,119.730003356934,102.050003051758,913.697509765625,782.902587890625,2051.09545898438
2023-02-09,49.1100006103516,1922.20263671875,119.800003051758,101.730003356934,913.957153320312,781.269714355469,2067.02563476562
2023-02-10,48.6599998474121,1843.59558105469,120.01000213623,99.5899963378906,915.090087890625,784.3701171875,2082.86010742188
2023-02-13,48.6699981689453,1714.53051757812,118.529998779297,99.3600006103516,915.231994628906,784.961669921875,2120.83374023438
2023-02-14,48.7900009155273,1746.52221679688,118.230003356934,100.419998168945,917.930419921875,792.227355957031,2109.61938476562
2023-02-15,48.1599998474121,1775.86877441406,118.319999694824,100.629997253418,926.4951171875,790.6181640625,2093.64111328125
2023-02-16,48.1800003051758,1793.33703613281,119.180000305176,101.629997253418,944.192016601562,787.754455566406,2096.76928710938
2023-02-17,47.9500007629395,1719.5712890625,118.150001525879,99.75,914.967407226562,783.802062988281,2143.02099609375
2023-02-20,48.3800010681152,1618.50512695312,118.73999786377,100.019996643066,905.431091308594,776.441589355469,2142.20263671875
2023-02-21,48.2599983215332,1568.24658203125,118.300003051758,99.75,906.664916992188,779.352661132812,2146.00463867188
2023-02-22,48.1599998474121,1402.29846191406,117.410003662109,97.9599990844727,898.268676757812,764.063781738281,2112.603515625
2023-02-23,47.8600006103516,1380.13879394531,116.970001220703,98.4199981689453,897.010925292969,758.880737304688,2078.3359375
2023-02-24,47.7799987792969,1313.26062011719,116.639999389648,98.5100021362305,898.593322753906,752.111999511719,2054.17529296875
2023-02-27,47.439998626709,1191.33239746094,115.860000610352,98.0199966430664,895.796264648438,753.981689453125,2034.58703613281
2023-02-28,47.4099998474121,1361.37292480469,116.589996337891,97.7600021362305,898.069030761719,757.153015136719,2030.20751953125
2023-03-01,47.7700004577637,1561.45910644531,118.349998474121,98.1800003051758,903.304931640625,756.41943359375,2036.12707519531
2023-03-02,47.810001373291,1604.3310546875,117.73999786377,97.4700012207031,889.013793945312,749.98193359375,2042.19165039062
2023-03-03,47.8199996948242,1876.08642578125,118.559997558594,97.2300033569336,887.481811523438,764.868469238281,2071.50170898438
2023-03-06,47.8300018310547,1979.29870605469,119.430000305176,98.870002746582,890.60595703125,770.264526367188,2061.009765625
2023-03-08,47.1199989318848,2035.94567871094,119.529998779297,98.1100006103516,890.769470214844,771.802978515625,2089.5498046875
2023-03-09,47.0699996948242,1949.60278320312,119.290000915527,97.7799987792969,891.60888671875,771.873901367188,2111.11157226562
2023-03-10,47.4300003051758,1892.75610351562,118.319999694824,96.9400024414062,889.206176757812,751.970031738281,2077.08471679688
2023-03-13,48.8199996948242,1870.99584960938,116.230003356934,95.5999984741211,881.110656738281,742.455932617188,2053.98315429688
2023-03-14,49.1300010681152,1735.04309082031,115.830001831055,96.6100006103516,878.570861816406,740.4677734375,2063.9453125
2023-03-15,48.9300003051758,1835.66003417969,115.769996643066,98.3199996948242,865.520629882812,729.841430664062,2095.18090820312
2023-03-16,49.7000007629395,1840.45153808594,114.629997253418,99.5699996948242,887.517761230469,734.57470703125,2092.2451171875
2023-03-17,49.75,1873.14196777344,116.099998474121,100.690002441406,907.119445800781,744.396606445312,2113.56591796875
2023-03-20,50.9099998474121,1801.671875,114.970001220703,100.519996643066,910.953247070312,739.237121582031,2096.04736328125
2023-03-21,50.4799995422363,1820.93676757812,115.720001220703,100.76000213623,910.45068359375,747.615295410156,2125.79052734375
2023-03-22,50.0400009155273,1812.10290527344,116.080001831055,101.050003051758,905.27001953125,745.887634277344,2131.08471679688
2023-03-23,50.3600006103516,1790.74182128906,115.559997558594,101.430000305176,916.080932617188,739.89990234375,2124.05810546875
2023-03-24,50.9000015258789,1737.48876953125,114.25,101.389999389648,911.686828613281,738.716491699219,2085.07397460938
2023-03-27,50.4000015258789,1719.92065429688,113.849998474121,102.349998474121,908.699645996094,741.935180664062,2073.37890625
2023-03-28,50.4099998474121,1597.94262695312,113,101.279998779297,911.345275878906,747.97021484375,2053.74243164062
2023-03-29,50.689998626709,1737.2392578125,115.120002746582,102.98999786377,916.489807128906,751.567687988281,2067.07348632812
2023-03-31,51.0699996948242,1747.27087402344,116.089996337891,104.389999389648,947.830871582031,761.862731933594,2083.19702148438
2023-04-03,50.7999992370605,1714.33081054688,116.059997558594,104.680000305176,947.876586914062,762.336120605469,2088.92431640625
2023-04-05,51.8600006103516,1694.91625976562,116.73999786377,103.910003662109,953.485229492188,782.784240722656,2173.24560546875
2023-04-06,51.810001373291,1750.86450195312,117.199996948242,102.819999694824,948.011108398438,788.748413085938,2189.1279296875
2023-04-10,51.3800010681152,1793.98583984375,117.629997253418,103.650001525879,939.446594238281,785.009033203125,2223.2509765625
2023-04-11,51.5499992370605,1799.87524414062,118.139999389648,104.139999389648,946.392639160156,787.304748535156,2215.35815429688
2023-04-12,51.7200012207031,1843.89514160156,118.709999084473,103.379997253418,935.122192382812,797.528930664062,2202.8447265625
2023-04-13,51.939998626709,1867.35241699219,119.379997253418,102.629997253418,936.327209472656,801.1025390625,2174.20825195312
2023-04-17,51.7000007629395,1875.337890625,119.790000915527,103.800003051758,973.801208496094,788.890441894531,2131.1328125
2023-04-18,51.5200004577637,1847.58825683594,120.389999389648,104.800003051758,993.852600097656,785.553405761719,2133.6357421875
2023-04-19,51.1199989318848,1850.48315429688,120.180000305176,103.75,991.805969238281,788.440734863281,2136.52319335938
2023-04-20,51.6399993896484,1839.55297851562,120.23999786377,103.610000610352,984.80224609375,791.37548828125,2149.18115234375
2023-04-21,51.2900009155273,1799.72546386719,119.550003051758,103.529998779297,990.881469726562,792.653442382812,2132.2880859375
2023-04-24,51.2599983215332,1798.67736816406,120.040000915527,103.669998168945,1000.18499755859,799.067199707031,2145.47509765625
2023-04-25,51.3199996948242,1841.25,119.769996643066,103.319999694824,999.019897460938,787.70703125,2163.8125
2023-04-26,51.4799995422363,1844.54406738281,119.769996643066,103.110000610352,1016.47424316406,791.328125,2190.95678710938
2023-04-27,51.4700012207031,1849.6845703125,120.639999389648,103.019996643066,1022.32623291016,795.682861328125,2219.3046875
2023-04-28,51.25,1921.45397949219,121.819999694824,103.970001220703,1052.013671875,798.806884765625,2275.90356445312
2023-05-02,51.310001373291,1916.36303710938,123.029998779297,105.110000610352,1051.26184082031,798.641174316406,2295.20336914062
2023-05-03,52.060001373291,1835.66003417969,122.970001220703,104.220001220703,1057.53942871094,801.433898925781,2268.10693359375
2023-05-04,52.5099983215332,1907.77880859375,123.720001220703,103.529998779297,1048.74353027344,817.835144042969,2268.6845703125
2023-05-05,52.5,1916.8125,123.029998779297,103.660003662109,1064.50805664062,769.483581542969,2288.51342773438
2023-05-08,52.1699981689453,1884.07214355469,124.48999786377,104.73999786377,1062.73852539062,778.38232421875,2276.86645507812
2023-05-09,52.3699989318848,1892.65625,124.089996337891,104.910003662109,1062.16333007812,778.406005859375,2285.48168945312
2023-05-10,52.4300003051758,1888.71362304688,124.599998474121,104.769996643066,1065.96545410156,782.003356933594,2275.95190429688
2023-05-11,52.3699989318848,1981.04553222656,124.959999084473,106.400001525879,1064.50549316406,782.524047851562,2158.22924804688
2023-05-12,51.9099998474121,1961.13171386719,124.550003051758,106.779998779297,1053.59704589844,789.434814453125,2137.96728515625
2023-05-15,52.2799987792969,1912.57006835938,124.889999389648,106.48999786377,1053.23181152344,793.221557617188,2162.75366210938
2023-05-16,52.0499992370605,1885.71911621094,125.440002441406,106.629997253418,1052.93212890625,788.673217773438,2143.8388671875
2023-05-17,51.6199989318848,1896.05017089844,125.349998474121,107.050003051758,1050.61657714844,784.436096191406,2136.52319335938
2023-05-18,51.5900001525879,1886.56750488281,NA,108.779998779297,1048.05908203125,787.572021484375,2106.29858398438
2023-05-19,51.439998626709,1952.49755859375,124.669998168945,111.279998779297,1048.56921386719,788.481628417969,2108.07934570312
2023-05-22,51.9799995422363,2321.87548828125,125.110000610352,110.769996643066,1039.12536621094,785.680908203125,2133.6357421875
2023-05-23,51.4300003051758,2628.91674804688,125.769996643066,111.089996337891,1034.72155761719,783.837646484375,2115.39501953125
2023-05-24,51.75,2471.10375976562,125.98999786377,109.650001525879,1033.60473632812,773.591979980469,2103.36254882812
2023-05-25,51.4500007629395,2532.84155273438,126.639999389648,111.290000915527,1038.16333007812,770.623657226562,2122.18090820312
2023-05-26,51.3300018310547,2539.72900390625,127.339996337891,111.669998168945,1043.32885742188,773.591979980469,2135.41650390625
2023-05-29,51.1800003051758,2529.44775390625,NA,115.099998474121,1050.46911621094,783.023742675781,2141.28784179688
2023-05-30,51.1399993896484,2491.916015625,128.309997558594,115.900001525879,1042.97595214844,783.622192382812,2128.05297851562
2023-05-31,51.1300010681152,2488.82177734375,129,114.830001831055,1047.74487304688,771.222229003906,2123.09521484375
2023-06-01,50.9900016784668,2487.62377929688,129.149993896484,114,1057.4716796875,767.942565917969,2125.1650390625
2023-06-02,51.3199996948242,2440.609375,129.880004882812,115.620002746582,1065.7939453125,769.139465332031,2150.9140625
2023-06-05,50.7200012207031,2429.52954101562,130.169998168945,116.220001220703,1055.53063964844,768.134155273438,2183.40087890625
2023-06-06,51.0699996948242,2429.22998046875,130.089996337891,116.430000305176,1049.30639648438,765.740234375,2192.68920898438
2023-06-07,50.9900016784668,2435.11938476562,131.830001831055,116.26000213623,1081.32653808594,769.713928222656,2228.833984375
2023-06-08,50.7000007629395,2424.73803710938,131.070007324219,114.639999389648,1070.74658203125,770.192687988281,2252.70556640625
2023-06-09,50.9599990844727,2446.6982421875,131.029998779297,115.610000610352,1067.09924316406,771.102478027344,2274.55639648438
2023-06-12,50.9300003051758,2480.287109375,131.710006713867,116.860000610352,1077.53649902344,766.410522460938,2252.36889648438
2023-06-13,50.8899993896484,2458.07763671875,133.300003051758,118.730003356934,1087.36206054688,767.703186035156,2266.27807617188
2023-06-14,50.560001373291,2452.6875,133.729995727539,119.01000213623,1098.77844238281,766.865356445312,2266.90356445312
2023-06-15,50.1599998474121,2481.13549804688,133.869995117188,118.910003662109,1110.25769042969,757.433654785156,2272.91967773438
2023-06-16,50.6599998474121,2505.04223632812,134.850006103516,120.809997558594,1110.37109375,767.344116210938,2278.2138671875
2023-06-19,50.5299987792969,2397.03881835938,134.910003662109,120.180000305176,1101.97387695312,768.014465332031,2277.78076171875
2023-06-20,50.4900016784668,2410.41430664062,135.559997558594,119.690002441406,1109.74255371094,769.618225097656,2292.84497070312
2023-06-21,50.0900001525879,2401.580078125,136.580001831055,119.919998168945,1106.65087890625,783.071594238281,2304.8291015625
2023-06-22,49.8600006103516,2392.89624023438,135.139999389648,118.379997253418,1089.31030273438,786.901794433594,2325.81298828125
2023-06-23,49.75,2229.49340820312,133.820007324219,118.75,1089.50134277344,786.853942871094,2300.1123046875
2023-06-26,49.9900016784668,2291.4306640625,134.369995117188,118.430000305176,1094.04309082031,783.047668457031,2288.5615234375
2023-06-27,49.7999992370605,2280.30102539062,135.119995117188,117.519996643066,1094.35510253906,794.083251953125,2298.66845703125
2023-06-28,49.5499992370605,2397.63745117188,136.020004272461,118.389999389648,1099.5205078125,802.485717773438,2330.818359375
2023-06-30,49.310001373291,2383.712890625,136.679992675781,119.459999084473,1106.78161621094,814.574523925781,2382.8935546875
2023-07-03,49.560001373291,2381.16748046875,NA,120.900001525879,1094.12768554688,823.383911132812,2362.19848632812
2023-07-04,49.8800010681152,2383.36352539062,NA,120.879997253418,1093.71691894531,827.405456542969,2369.70654296875
2023-07-05,49.9799995422363,2394.79248046875,NA,120.48999786377,1107.05224609375,801.121154785156,2378.3212890625
2023-07-06,49.9000015258789,2398.53588867188,NA,121.190002441406,1116.69909667969,801.93505859375,2395.45532226562
2023-07-07,50.0200004577637,2376.42919921875,137.949996948242,120.940002441406,1107.35705566406,794.945068359375,2357.67431640625
2023-07-10,50.0299987792969,2407.0380859375,137.330001831055,120.620002746582,1091.59948730469,793.053894042969,2347.47094726562
2023-07-11,50.1599998474121,2419.6708984375,NA,120.860000610352,1104.75122070312,789.199829101562,2381.93115234375
2023-07-12,50.0999984741211,2384.71752929688,NA,121.190002441406,1114.79443359375,781.802856445312,2363.064453125
2023-07-13,50.5200004577637,2358.90234375,NA,122.599998474121,1103.22595214844,785.704833984375,2358.44409179688
2023-07-14,50.5900001525879,2372.93359375,139.25,124.190002441406,1118.56530761719,787.332641601562,2379.71704101562
2023-07-17,50.4900016784668,2405.34033203125,140.039993286133,124.080001831055,1115.31164550781,803.80224609375,2376.39624023438
2023-07-18,50.6599998474121,2413.67895507812,NA,124.73999786377,1110.78674316406,803.131958007812,2382.07543945312
2023-07-19,51.0200004577637,2420.52001953125,140.490005493164,126.400001525879,1109.03662109375,806.770629882812,2400.79711914062
2023-07-20,51.0800018310547,2416.52514648438,140.720001220703,125.080001831055,1112.27575683594,808.518127441406,2396.51416015625
2023-07-21,50.6500015258789,2413.080078125,140.550003051758,123.319999694824,1111.0478515625,802.294128417969,2489.4501953125
2023-07-24,50.6500015258789,2414.97729492188,140.759994506836,122.73999786377,1103.19458007812,803.562866210938,2507.7392578125
2023-07-25,50.5800018310547,2463.36254882812,NA,123.23999786377,1100.91284179688,812.276428222656,2465.04907226562
2023-07-26,50.8400001525879,2467.45751953125,141.990005493164,124.290000915527,1102.21789550781,809.45166015625,2547.20434570312
2023-07-27,50.9300003051758,2425.16381835938,NA,125.23999786377,1079.2744140625,801.04931640625,2560.63256835938
2023-07-28,50.6699981689453,2459.91748046875,142.889999389648,125.589996337891,1086.79663085938,786.853942871094,2550.38110351562
2023-07-31,50.6599998474121,2488.87866210938,NA,126.040000915527,1090.29663085938,790.540405273438,2580.99096679688
2023-08-01,50.689998626709,2477.79370117188,NA,126.059997558594,1092.24975585938,795.830810546875,2566.8408203125
2023-08-02,50.6800003051758,2470.25366210938,NA,124.430000305176,1106.20141601562,785.417602539062,2552.724609375
2023-08-03,50.5400009155273,2529.22509765625,143.080001831055,123.48999786377,1086.54992675781,779.744201660156,2529.31176757812
2023-08-04,50.5,2538.41284179688,144.279998779297,124.199996948242,1085.52026367188,791.019165039062,2557.34912109375
2023-08-07,50.4900016784668,2547.10107421875,144.820007324219,123.300003051758,1085.75231933594,790.564331054688,2566.11083984375
2023-08-08,50.560001373291,2471.25244140625,145.130004882812,123.01000213623,1074.63098144531,789.918029785156,2562.5087890625
2023-08-09,50.3699989318848,2503.75903320312,145.619995117188,123.040000915527,1074.1064453125,790.205200195312,2581.39526367188
2023-08-10,50.2299995422363,2548.99829101562,145.669998168945,122.550003051758,1063.05285644531,783.191284179688,2573.50952148438
2023-08-11,50.1300010681152,2536.11572265625,145.369995117188,122.309997558594,1055.92919921875,775.028381347656,2568.64208984375
2023-08-14,50.0900001525879,2452.72705078125,144.679992675781,121.050003051758,1058.68969726562,771.24609375,2589.47509765625
2023-08-16,50.1100006103516,2441.841796875,145.279998779297,121.069999694824,1061.02966308594,768.995849609375,2619.80078125
2023-08-17,49.8199996948242,2476.3955078125,145.589996337891,120.23999786377,1047.47180175781,764.734802246094,2582.271484375
2023-08-18,49.75,2573.96508789062,145.119995117188,118.790000915527,1055.330078125,761.598876953125,2572.00073242188
2023-08-21,49.6800003051758,2636.23217773438,146.259994506836,119.910003662109,1065.208984375,761.000427246094,2591.76318359375
2023-08-22,49.9000015258789,2694.45458984375,147.580001831055,121.019996643066,1064.80285644531,757.744812011719,2607.875
2023-08-23,49.810001373291,2526.92797851562,148.570007324219,120.589996337891,1072.40234375,759.612060546875,2645.64794921875
2023-08-24,50.0299987792969,2536.16577148438,148.580001831055,122.569999694824,1075.38745117188,756.117065429688,2616.9775390625
2023-08-25,49.939998626709,2492.42407226562,148.089996337891,120.180000305176,1072.66101074219,747.594970703125,2568.54467773438
2023-08-28,49.7999992370605,2469.15502929688,148.580001831055,120.910003662109,1065.2138671875,755.374938964844,2623.98706054688
2023-08-29,49.9799995422363,2503.10986328125,149.110000610352,121.449996948242,1066.59399414062,761.383483886719,2646.9619140625
2023-08-30,50.3400001525879,2509.7509765625,150.220001220703,123.209999084473,1073.14453125,755.829772949219,2637.275390625
2023-08-31,50.3499984741211,2416.02587890625,150.179992675781,123.830001831055,1062.890625,752.358642578125,2631.14233398438
2023-09-01,50.3699989318848,2446.78515625,151.190002441406,124.599998474121,1059.46569824219,753.914733886719,2630.55810546875
2023-09-04,50.439998626709,2467.3076171875,152.699996948242,124.75,1050.89208984375,758.630554199219,2639.31982421875
2023-09-05,50.3499984741211,2490.72607421875,154.710006713867,124.529998779297,1061.34631347656,754.010498046875,2660.59130859375
2023-09-06,50.310001373291,2493.17309570312,154.520004272461,124.430000305176,1063.74645996094,763.873046875,2658.15747070312
2023-09-07,50.1699981689453,2506.15576171875,155.330001831055,123.599998474121,1058.53515625,771.222229003906,2771.03759765625
2023-09-08,50.2099990844727,2515.94262695312,157.539993286133,122.900001525879,1057.90417480469,777.230712890625,2824.7763671875
2023-09-11,50.1599998474121,2611.46508789062,158.669998168945,123.830001831055,1069.69030761719,781.252380371094,2817.57202148438
2023-09-12,50.0200004577637,2532.32080078125,153.889999389648,124.129997253418,1078.90930175781,783.694091796875,2866.15087890625
2023-09-13,49.8800010681152,2515.54321289062,154.479995727539,123.300003051758,1072.24035644531,787.045471191406,2829.78955078125
2023-09-14,49.8800010681152,2516.44189453125,155.740005493164,123.879997253418,1086.64184570312,786.566650390625,2841.326171875
2023-09-15,50.1199989318848,2536.6650390625,155.539993286133,124.660003662109,1093.63232421875,795.591369628906,2831.5419921875
2023-09-18,50.439998626709,2499.11499023438,155.119995117188,123.51000213623,1103.16052246094,779.935668945312,2842.54272460938
2023-09-20,50.3800010681152,2467.00805664062,154.550003051758,123.470001220703,1096.43359375,748.648254394531,2813.48315429688
2023-09-21,50.2700004577637,2475.94580078125,153.630004882812,121.75,1089.33947753906,743.692993164062,2822.58544921875
2023-09-22,50.2200012207031,2461.615234375,153.529998779297,120.370002746582,1089.291015625,732.346252441406,2841.22875976562
2023-09-25,50.2200012207031,2478.79248046875,154.240005493164,120.069999694824,1094.42761230469,732.992553710938,2825.65234375
2023-09-26,50.0200004577637,2454.67431640625,153.75,120.059997558594,1112.15979003906,736.176391601562,2835.43627929688
2023-09-27,49.7000007629395,2479.99072265625,155.210006713867,119.75,1105.75183105469,731.005615234375,2886.54614257812
2023-09-28,49.3699989318848,2471.95166015625,153.740005493164,119.180000305176,1089.57873535156,729.49755859375,2930.30590820312
2023-09-29,49.2900009155273,2410.68310546875,155.410003662109,120.569999694824,1088.05334472656,730.742370605469,2943.49755859375
2023-10-03,48.8300018310547,2384.06860351562,154.949996948242,119.940002441406,1078.78833007812,722.0048828125,2991.88134765625
2023-10-04,48.3600006103516,2461.6650390625,152.970001220703,118.459999084473,1111.224609375,732.298400878906,2947.5859375
2023-10-05,48.25,2463.0634765625,153.490005493164,119.879997253418,1107.96118164062,735.266723632812,3014.07763671875
2023-10-06,48.3800010681152,2474.79760742188,154.179992675781,119.559997558594,1107.64953613281,734.452880859375,3011.7900390625
2023-10-09,48.8800010681152,2439.34497070312,151.75,119.5,1106.17980957031,725.930786132812,2993.29272460938
2023-10-10,48.9300003051758,2494.970703125,153.919998168945,121.930000305176,1110.34692382812,730.048156738281,2994.55859375
2023-10-11,49.1699981689453,2485.28369140625,154.460006713867,122.339996337891,1121.65942382812,737.109924316406,3006.92236328125
2023-10-12,49.3899993896484,2503.01025390625,155.279998779297,123.589996337891,1115.52429199219,742.017333984375,3000.15625
2023-10-13,49.4900016784668,2451.279296875,155.210006713867,122.180000305176,1138.69055175781,735.266723632812,3007.79833984375
2023-10-16,50.25,2426.11279296875,155.429992675781,121.680000305176,1117.13928222656,732.322326660156,3019.77294921875
2023-10-17,50.310001373291,2425.16381835938,155.639999389648,122.120002746582,1127.61730957031,737.8759765625,2985.11547851562
2023-10-18,50.7799987792969,2403.14331054688,154.979995727539,121.629997253418,1124.60314941406,727.6064453125,2964.96362304688
2023-10-19,50.9099998474121,2398.99853515625,154.809997558594,120.650001525879,1166.6328125,725.308349609375,2973.5302734375
2023-10-20,51.5900001525879,2390.56005859375,153.429992675781,119.430000305176,1173.75610351562,729.066711425781,2932.59375
2023-10-23,51.5400009155273,2305.5732421875,149.240005493164,117.300003051758,1169.79443359375,721.047302246094,2879.97485351562
2023-10-25,51.4099998474121,2253.9921875,148.229995727539,118.860000610352,1172.93432617188,716.475158691406,2838.89233398438
2023-10-26,51.8300018310547,2200.263671875,146.089996337891,116.610000610352,1138.267578125,700.627868652344,2788.755859375
2023-10-27,51.6399993896484,2258.68579101562,148.770004272461,116.48999786377,1162.98779296875,703.380798339844,2825.06811523438
2023-10-30,52.0200004577637,2296.03637695312,148.910003662109,116.330001831055,1168.53491210938,711.017150878906,2848.87084960938
2023-10-31,52.060001373291,2291.59204101562,149.139999389648,116.48999786377,1171.58544921875,706.899841308594,2851.49951171875
2023-11-01,51.7599983215332,2214.34521484375,149.020004272461,116.959999084473,1160.78625488281,705.942199707031,2818.64306640625
2023-11-02,51.8499984741211,2212.34790039062,150.889999389648,120,1172.41223144531,707.019470214844,2840.83911132812
2023-11-03,51.7999992370605,2226.87841796875,151.759994506836,120.730003356934,1166.92980957031,710.370788574219,2834.17065429688
2023-11-06,51.75,2243.0068359375,153.270004272461,122.819999694824,1181.05517578125,715.517517089844,2896.67065429688
2023-11-07,51.3600006103516,2230.37377929688,153.720001220703,122.610000610352,1184.94250488281,712.046447753906,2882.8955078125
2023-11-08,51.4000015258789,2256.93823242188,155,123.589996337891,1180.66589355469,714.105224609375,2917.11450195312
2023-11-09,50.939998626709,2211.69873046875,155.240005493164,123.76000213623,1178.00134277344,711.280517578125,2944.76293945312
2023-11-10,51.310001373291,2202.16137695312,155.240005493164,122.849998474121,1173.64733886719,714.081298828125,2952.94067382812
2023-11-13,50.9300003051758,2210.69970703125,156.520004272461,124.980003356934,1171.15051269531,712.78857421875,2967.78686523438
2023-11-15,51.4599990844727,2222.43432617188,157.740005493164,127.849998474121,1175.43884277344,720.257385253906,2983.80102539062
2023-11-16,51.3899993896484,2202.96044921875,158.949996948242,127.620002746582,1171.00695800781,722.148498535156,2970.36645507812
2023-11-17,51.8600006103516,2205.8564453125,159.529998779297,128.050003051758,1185.11511230469,720.592468261719,3026.68505859375
2023-11-20,51.6599998474121,2146.98486328125,159.729995727539,128.289993286133,1181.68713378906,720.640319824219,3007.01977539062
2023-11-21,51.8800010681152,2193.72265625,159.419998168945,130.089996337891,1185.13452148438,726.74462890625,2993.43920898438
2023-11-22,52.1699981689453,2169.75439453125,159.800003051758,129.300003051758,1184.03564453125,724.159362792969,3000.69189453125
2023-11-23,52.0200004577637,2172.35131835938,160.089996337891,129.910003662109,1186.09985351562,728.348571777344,2965.01220703125
2023-11-24,52.1500015258789,2222.48413085938,160.520004272461,129.809997558594,1173.732421875,733.519165039062,2973.38452148438
2023-11-28,52.2999992370605,2420.27026367188,161.339996337891,129.320007324219,1177.60522460938,731.867492675781,2969.2470703125
2023-11-29,53.0499992370605,2393.40625,162.380004882812,130.169998168945,1170.25793457031,746.469848632812,3002.10327148438
2023-11-30,53.1500015258789,2355.40673828125,164.240005493164,129.850006103516,1178.45861816406,746.30224609375,3026.87939453125
2023-12-01,53.2900009155273,2359.55151367188,165.080001831055,129.610000610352,1183.44006347656,744.674438476562,3106.1728515625
2023-12-04,53.7200012207031,2527.82666015625,167.25,129.729995727539,1186.56164550781,770.527954101562,3225.8193359375
2023-12-05,52.939998626709,2955.40649414062,167.660003662109,128.789993286133,1196.5830078125,777.374267578125,3227.66870117188
2023-12-06,52.8300018310547,2880.10668945312,167.770004272461,129.610000610352,1214.068359375,779.337219238281,3302.48413085938
2023-12-07,53.0299987792969,2883.30224609375,169.080001831055,128.770004272461,1214.39660644531,780.60595703125,3266.75610351562
2023-12-08,52.939998626709,2818.38891601562,168.470001220703,130,1205.36962890625,791.497924804688,3289.00073242188
2023-12-11,52.0200004577637,2851.994140625,169.309997558594,130.330001831055,1217.71264648438,790.444702148438,3296.15625
2023-12-12,51.8499984741211,2853.84155273438,168.809997558594,131.839996337891,1213.0302734375,782.592834472656,3253.9052734375
2023-12-13,51.8300018310547,2871.21875,170.309997558594,132.630004882812,1217.7587890625,780.821411132812,3309.78564453125
2023-12-14,52.7999992370605,2890.19311523438,172.880004882812,134.770004272461,1205.54943847656,790.037719726562,3342.2041015625
2023-12-15,52.810001373291,2987.81298828125,173.440002441406,134.440002441406,1184.79162597656,793.101867675781,3395.650390625
2023-12-18,52.4900016784668,2976.62817382812,173.339996337891,134.929992675781,1184.20104980469,792.694885253906,3399.15502929688
2023-12-19,52.5900001525879,2937.33056640625,172.660003662109,135.289993286133,1239.41101074219,791.354248046875,3406.31030273438
2023-12-20,52.8300018310547,2780.14038085938,167.860000610352,135.229995727539,1220.35278320312,793.317260742188,3327.99047851562
2023-12-21,52.8600006103516,2796.01904296875,169.860000610352,134.919998168945,1221.23303222656,807.536560058594,3333.49096679688
2023-12-22,53.189998626709,2804.607421875,170.919998168945,135.289993286133,1233.51538085938,799.948120117188,3385.86645507812
2023-12-26,53.4599990844727,2861.63134765625,172.139999389648,136.110000610352,1242.92919921875,805.501831054688,3397.64599609375
2023-12-27,53.6300010681152,2839.56079101562,172.729995727539,136.910003662109,1250.63098144531,815.484191894531,3450.16748046875
2023-12-28,53.8400001525879,2806.1552734375,173.529998779297,137.149993896484,1276.37512207031,816.417724609375,3424.90478515625
2023-12-29,53.6599998474121,2845.1533203125,175.029998779297,136.630004882812,1292.4404296875,818.332763671875,3432.64428710938
2024-01-01,53.7400016784668,2913.31225585938,175.529998779297,137.039993286133,1330.95556640625,812.994567871094,3432.10864257812
2024-01-02,54.0099983215332,2928.4921875,175.509994506836,136.179992675781,1323.69836425781,813.473266601562,3347.07177734375
2024-01-03,53.5299987792969,2998.998046875,175.639999389648,134.970001220703,1295.10998535156,800.929565429688,3349.26196289062
2024-01-04,53.2900009155273,2994.30444335938,178.850006103516,134.149993896484,1318.50769042969,809.523498535156,3367.12622070312
2024-01-05,53.1399993896484,3002.59326171875,179.520004272461,132.460006713867,1296.51025390625,805.382141113281,3428.65258789062
2024-01-08,52.8499984741211,2959.55053710938,178.020004272461,132.470001220703,1273.6083984375,796.4052734375,3408.40356445312
2024-01-09,53.0200004577637,3010.58276367188,178.229995727539,134.690002441406,1260.62573242188,790.205200195312,3461.80126953125
2024-01-10,52.9199981689453,3094.07104492188,178.149993896484,135.509994506836,1253.57531738281,792.814514160156,3451.62817382812
2024-01-11,52.8400001525879,3076.7939453125,179.179992675781,136.229995727539,1243.41296386719,789.487121582031,3412.05419921875
2024-01-12,52.9900016784668,3099.96337890625,179.75,135.740005493164,1239.71752929688,785.752685546875,3474.31103515625
2024-01-15,53.25,3085.3828125,181.130004882812,135.740005493164,1238.72082519531,800.881713867188,3449.24291992188
2024-01-16,53.0499992370605,3052.4267578125,180.399993896484,135.720001220703,1236.04638671875,803.921875,3478.88647460938
2024-01-17,52.6699981689453,2967.09057617188,178.470001220703,135.330001831055,1236.55700683594,736.104553222656,3476.40405273438
2024-01-18,52.4900016784668,2915.01000976562,NA,135.729995727539,1216.57263183594,711.519897460938,3500.791015625
2024-01-19,52.8400001525879,2911.7646484375,180.860000610352,137.580001831055,1222.48034667969,704.098999023438,3549.46704101562
2024-01-23,52.8600006103516,2892.68994140625,176.5,139.899993896484,1197.560546875,683.368347167969,3456.98217773438
2024-01-24,52.9099998474121,2899.58056640625,179.410003662109,141.570007324219,1222.38305664062,697.037170410156,3494.1708984375
2024-01-25,52.7200012207031,2889.74389648438,178.490005493164,141.889999389648,1206.92065429688,686.983093261719,3498.30834960938
2024-01-29,52.9700012207031,3060.56567382812,181.100006103516,141.649993896484,1214.89477539062,696.438720703125,3609.8251953125
2024-01-30,53.1300010681152,3086.98095703125,180.619995117188,142.479995727539,1211.73449707031,691.483459472656,3537.10327148438
2024-01-31,53.3499984741211,3137.81298828125,183.039993286133,140.470001220703,1218.517578125,700.221008300781,3387.61865234375
2024-02-01,53.4599990844727,3149.29760742188,182.119995117188,139.630004882812,1199.94323730469,702.040283203125,3308.033203125
2024-02-02,53.5800018310547,3153.24194335938,183.229995727539,141.809997558594,1206.55590820312,692.369201660156,3286.66430664062
2024-02-05,52.9799995422363,3169.22094726562,183.360000610352,141.809997558594,1197.46325683594,691.746826171875,3253.2724609375
2024-02-06,52.939998626709,3199.48046875,185.380004882812,141.830001831055,1194.52136230469,691.3876953125,3333.58813476562
2024-02-07,53.2099990844727,3225.5458984375,186.580001831055,141.360000610352,1215.40551757812,684.613098144531,3304.82055664062
2024-02-08,53.0499992370605,3164.37768554688,186.199996948242,142.779998779297,1178.18383789062,671.734313964844,3247.18798828125
2024-02-09,53.0499992370605,3210.91528320312,184.699996948242,143.429992675781,1191.33666992188,671.997619628906,3236.52807617188
2024-02-12,52.7900009155273,3165.52587890625,180.240005493164,144.679992675781,1195.6884765625,665.486389160156,3212.18969726562
2024-02-13,52.810001373291,3174.21435546875,180.479995727539,143.300003051758,1194.86181640625,667.616943359375,3233.55859375
2024-02-14,52.0999984741211,3202.92578125,181.949996948242,142.649993896484,1209.27893066406,662.637756347656,3221.3896484375
2024-02-15,52.1699981689453,3189.54370117188,183.639999389648,143.740005493164,1196.38159179688,677.000793457031,3212.919921875
2024-02-16,52.3499984741211,3219.30419921875,185.059997558594,144.339996337891,1213.00891113281,679.801574707031,3297.08081054688
2024-02-19,52.6399993896484,3254.45727539062,185.880004882812,145.160003662109,1225.49206542969,678.460998535156,3251.42309570312
2024-02-20,52.560001373291,3224.29760742188,186.199996948242,142.470001220703,1238.24291992188,696.271118164062,3267.87524414062
2024-02-21,52.6399993896484,3218.90454101562,184.160003662109,141.839996337891,1240.29113769531,689.017822265625,3209.123046875
2024-02-22,52.7200012207031,3258.70141601562,185.429992675781,144.009994506836,1249.82373046875,679.633972167969,3274.68994140625
2024-02-23,52.439998626709,3268.93774414062,185.720001220703,144.990005493164,1257.55249023438,680.13671875,3298.24926757812
2024-02-26,52.7099990844727,3323.3154296875,185.75,144.75,1259.94177246094,680.950622558594,3378.27294921875
2024-02-27,52.7900009155273,3297.89916992188,185.839996337891,145.190002441406,1267.15844726562,679.921264648438,3413.61181640625
2024-02-28,52.5999984741211,3214.71020507812,182.479995727539,144.210006713867,1253.60266113281,674.774475097656,3378.32153320312
2024-02-29,52.7799987792969,3281.02172851562,182.5,143.850006103516,1265.939453125,671.901916503906,3385.47729492188
2024-03-01,52.9000015258789,3314.3271484375,184.309997558594,145.75,1268.49938964844,684.996154785156,3537.2978515625
2024-03-04,53.8899993896484,3312.72924804688,185.699996948242,147.630004882812,1262.47741699219,685.929748535156,3547.95825195312
2024-03-05,54.6199989318848,3305.78857421875,185.190002441406,146.429992675781,1237.87731933594,689.831665039062,3516.95141601562
2024-03-06,54.7200012207031,3229.64013671875,184.050003051758,145.320007324219,1235.14672851562,690.669494628906,3545.767578125
2024-03-07,55.439998626709,3222.25024414062,185,146.210006713867,1248.75109863281,692.34521484375,3579.59741210938
2024-03-11,56.0099983215332,3203.07592773438,183.710006713867,146.320007324219,1273.40002441406,683.583862304688,3544.21020507812
2024-03-12,55.939998626709,3118.33862304688,181.5,145.910003662109,1262.9892578125,698.784729003906,3525.76171875
2024-03-13,55.4700012207031,2902.3271484375,174.850006103516,145.800003051758,1259.478515625,699.191650390625,3444.86206054688
2024-03-14,55.8400001525879,3083.33544921875,177.339996337891,145.850006103516,1274.00952148438,696.821716308594,3512.66796875
2024-03-15,55.7299995422363,3128.02587890625,177.190002441406,145.070007324219,1269.57214355469,695.481201171875,3443.4990234375
2024-03-18,55.5,3107.60327148438,176.75,144.839996337891,1258.21069335938,692.321350097656,3466.912109375
2024-03-19,55.6100006103516,3048.6318359375,174.619995117188,145,1217.10498046875,693.901245117188,3408.98754882812
2024-03-20,55.7200012207031,3047.38330078125,174.080001831055,145.259994506836,1243.53369140625,685.139770507812,3416.77587890625
2024-03-21,56.7000007629395,3062.41357421875,177.919998168945,148.270004272461,1245.19152832031,692.177673339844,3465.74389648438
2024-03-22,55.9900016784668,3103.55834960938,179.539993286133,149.039993286133,1254.82189941406,690.789184570312,3522.013671875
2024-03-26,56.2999992370605,3105.80541992188,181.429992675781,149.710006713867,1261.01452636719,682.434753417969,3572.92895507812
2024-03-27,56.2200012207031,3117.939453125,181.880004882812,149.490005493164,1251.43273925781,689.759887695312,3608.26782226562
2024-03-28,56.6100006103516,3192.83959960938,182.059997558594,149.380004882812,1278.69067382812,693.20703125,3664.24536132812
2024-04-01,58.3199996948242,3247.76611328125,185.110000610352,150.100006103516,1260.77075195312,704.027160644531,3736.38354492188
2024-04-02,58.6399993896484,3264.39379882812,187.330001831055,148.270004272461,1279.15380859375,708.647216796875,3706.59375
2024-04-03,58.7700004577637,3229.14086914062,188.399993896484,147.529998779297,1245.33776855469,709.676635742188,3682.30444335938
2024-04-04,59.1800003051758,3206.52124023438,188.619995117188,148.75,1243.21667480469,731.364807128906,3697.29663085938
2024-04-05,59.0299987792969,3220.50268554688,189.820007324219,147.309997558594,1237.3896484375,741.873718261719,3643.99633789062
2024-04-08,60.2099990844727,3220.2529296875,190.039993286133,148.309997558594,1218.08032226562,740.461364746094,3707.03198242188
2024-04-09,60.5499992370605,3194.1875,189.089996337891,147.800003051758,1220.396484375,741.394958496094,3685.0302734375
2024-04-10,60.6199989318848,3237.6796875,190.600006103516,148.520004272461,1232.4892578125,735.554016113281,3653.82861328125
2024-04-12,61.9099998474121,3205.6220703125,190.369995117188,149.410003662109,1236.68273925781,727.223388671875,3581.8369140625
2024-04-15,61.2299995422363,3143.25537109375,187.600006103516,148.070007324219,1245.19152832031,715.61328125,3505.4638671875
2024-04-16,61.8899993896484,3102.26025390625,187.559997558594,145.75,1241.51013183594,722.579406738281,3449.63208007812
2024-04-18,61.9599990844727,3015.2763671875,186.539993286133,143.970001220703,1200.77001953125,715.61328125,3456.93359375
2024-04-19,62.2400016784668,3022.916015625,186.080001831055,141.630004882812,1188.65283203125,733.13623046875,3425.19677734375
2024-04-22,61.7400016784668,3059.26782226562,187.300003051758,141.660003662109,1198.89270019531,723.99169921875,3517.048828125
2024-04-23,60.25,3061.01513671875,188.820007324219,141.25,1219.64074707031,721.789367675781,3514.56591796875
2024-04-24,60.7299995422363,3039.494140625,190.509994506836,143.300003051758,1219.10424804688,723.752380371094,3538.6123046875
2024-04-25,60.8600006103516,3111.0986328125,191.190002441406,142.149993896484,1249.57995605469,723.297546386719,3555.60034179688
2024-04-26,61.3300018310547,3076.29467773438,192.610000610352,144.830001831055,1210.61975097656,722.842712402344,3509.74731445312
2024-04-29,61.2999992370605,3077.09399414062,192.729995727539,144.899993896484,1223.80981445312,732.274475097656,3538.07690429688
2024-04-30,60.8800010681152,3050.62915039062,194.210006713867,144.720001220703,1222.63928222656,727.773986816406,3499.13598632812
2024-05-02,60.8499984741211,3035.54931640625,194.779998779297,143.229995727539,1225.02868652344,733.591003417969,3504.1982421875
2024-05-03,60.4799995422363,2989.26098632812,193.339996337891,144.139999389648,1197.625,727.534606933594,3407.13793945312
2024-05-06,60.7200012207031,2870.81909179688,193.179992675781,145.679992675781,1198.2587890625,728.994873046875,3371.6044921875
2024-05-07,60.6800003051758,2832.17065429688,189.649993896484,146.479995727539,1223.24877929688,721.09521484375,3336.99560546875
2024-05-08,60.5,2856.73803710938,190.690002441406,146.619995117188,1238.04809570312,709.844177246094,3394.53100585938
2024-05-09,60.4199981689453,2762.962890625,187.710006713867,146.050003051758,1225.58935546875,693.015502929688,3188.72778320312
2024-05-10,61.9199981689453,2793.52221679688,189.220001220703,147.509994506836,1235.21984863281,697.820007324219,3184.83374023438
2024-05-13,61.1500015258789,2875.7626953125,190.029998779297,147.100006103516,1226.95495605469,706.240051269531,3206.640625
2024-05-14,61.189998626709,3033.501953125,191.850006103516,146.309997558594,1212.86291503906,709.006286621094,3289.97436523438
2024-05-15,61.7099990844727,3045.68579101562,193.679992675781,148.210006713867,1201.96484375,698.111206054688,3320.98095703125
2024-05-16,62,3037.59643554688,194.940002441406,150.330001831055,1203.59826660156,708.666564941406,3368.97583007812
2024-05-17,61.9599990844727,3056.42163085938,196.619995117188,149.490005493164,1192.45629882812,710.535034179688,3359.38647460938
2024-05-21,62.6300010681152,3113.34521484375,198.509994506836,150.690002441406,1199.91674804688,707.962890625,3349.84594726562
2024-05-22,62.6800003051758,3136.76440429688,199.809997558594,150.970001220703,1203.98815917969,708.156982421875,3369.21923828125
2024-05-23,61.6199989318848,3382.7861328125,200.179992675781,151.979995727539,1206.42626953125,724.3662109375,3490.47143554688
2024-05-24,60.8899993896484,3380.43896484375,200.880004882812,150.690002441406,1203.30554199219,736.304748535156,3529.89916992188
2024-05-27,61,3284.6669921875,201.309997558594,151.380004882812,1199.47766113281,741.400451660156,3555.30810546875
2024-05-28,61.1199989318848,3239.72705078125,200.020004272461,151.699996948242,1195.47937011719,742.759216308594,3561.34375
2024-05-29,61.2000007629395,3254.45727539062,199.360000610352,151.300003051758,1207.42590332031,731.985534667969,3538.56372070312
2024-05-30,60.7400016784668,3189.99340820312,197.649993896484,150.889999389648,1172.61059570312,735.164245605469,3538.46606445312
2024-05-31,61.2900009155273,3406.80395507812,198.740005493164,150.429992675781,1148.27844238281,743.268798828125,3572.150390625
2024-06-03,60.5900001525879,3640.39233398438,206.839996337891,150.610000610352,1148.35168457031,762.996459960938,3793.96752929688
2024-06-04,60.560001373291,2937.33056640625,207.350006103516,148.779998779297,1183.80114746094,719.780090332031,3313.09545898438
2024-06-05,60.6800003051758,3111.19848632812,196.479995727539,150.190002441406,1223.83422851562,753.096252441406,3318.74194335938
2024-06-06,61.4500007629395,3181.40454101562,200.690002441406,154.240005493164,1205.08532714844,756.930114746094,3390.3447265625
2024-06-07,61.0900001525879,3215.25952148438,203.25,154.800003051758,1220.22570800781,763.554504394531,3438.97216796875
2024-06-10,60.1300010681152,3215.80883789062,204.720001220703,154.369995117188,1242.53393554688,757.706726074219,3449.92431640625
2024-06-11,60.4199981689453,3216.95727539062,206.320007324219,154.539993286133,1239.48657226562,759.4052734375,3503.41918945312
2024-06-12,60.5900001525879,3214.76025390625,208.669998168945,156.130004882812,1237.21911621094,763.942810058594,3534.18286132812
2024-06-13,60.5900001525879,3220.50268554688,209.919998168945,158.929992675781,1244.26513671875,767.145874023438,3605.59033203125
2024-06-14,60.5999984741211,3258.6767578125,212.229995727539,159.240005493164,1239.75463867188,774.983520507812,3590.16064453125
2024-06-18,60.3300018310547,3305.93237304688,213.449996948242,162.020004272461,1243.58251953125,780.273315429688,3591.5234375
2024-06-19,60.7099990844727,3258.82666015625,211.520004272461,162.339996337891,1231.73352050781,804.562866210938,3494.90112304688
2024-06-20,61.0299987792969,3256.37890625,213.320007324219,163.220001220703,1238.41369628906,810.143798828125,3526.7890625
2024-06-21,61.5299987792969,3186.29516601562,212.949996948242,161.660003662109,1218.25085449219,808.396789550781,3468.45849609375
2024-06-24,60.6199989318848,3191.59008789062,213.350006103516,161.360000610352,1233.68395996094,811.6240234375,3465.12255859375
2024-06-25,60.75,3168.1123046875,213.080001831055,160.270004272461,1226.56469726562,830.526672363281,3520.2646484375
2024-06-26,60.4599990844727,3167.5126953125,212.509994506836,162.089996337891,1235.73193359375,825.746398925781,3535.12939453125
2024-06-27,60.3199996948242,3172.15844726562,212.690002441406,162.220001220703,1235.48815917969,823.150024414062,3497.30493164062
2024-06-28,60.6300010681152,3174.15649414062,213.589996337891,162.809997558594,1244.21630859375,817.156555175781,3481.6552734375
2024-07-01,60.5499992370605,3180.80029296875,216.039993286133,161.940002441406,1252.23754882812,827.5419921875,3460.16748046875
2024-07-02,60.7200012207031,3150.22900390625,215.119995117188,162.610000610352,1240.70544433594,839.868774414062,3558.23608398438
2024-07-03,61.0699996948242,3187.94360351562,216.210006713867,163.960006713867,1244.14306640625,858.334655761719,3546.31494140625
2024-07-04,61.2900009155273,3141.28735351562,217.839996337891,165.259994506836,1241.04675292969,838.194519042969,3506.03735351562
2024-07-05,61.4799995422363,3144.93408203125,219.589996337891,165.970001220703,1255.18762207031,799.831115722656,3558.87377929688
2024-07-08,61.5699996948242,3110.66650390625,219.070007324219,167.529998779297,1269.4501953125,793.643493652344,3563.63256835938
2024-07-09,61.3800010681152,3107.81909179688,219.580001831055,168.559997558594,1283.93237304688,794.201538085938,3597.0908203125
2024-07-10,61.5400009155273,3093.0830078125,218.509994506836,168.580001831055,1275.8134765625,789.154357910156,3581.3427734375
2024-07-11,61.6800003051758,3075.39965820312,218.860000610352,169.889999389648,1264.4765625,787.1162109375,3552.93798828125
2024-07-12,61.8899993896484,3062.5615234375,218.949996948242,166.679992675781,1272.18078613281,787.504333496094,3580.65600585938
2024-07-15,61.9199981689453,3087.48828125,219.679992675781,168.929992675781,1270.27917480469,787.213195800781,3582.86352539062
2024-07-16,62.439998626709,3106.37036132812,220.139999389648,167.949996948242,1276.86608886719,786.072692871094,3568.0966796875
2024-07-18,62.9099998474121,3089.28662109375,218.5,166.520004272461,1286.53820800781,783.670532226562,3587.376953125
2024-07-19,62.4099998474121,3002.8681640625,214.059997558594,161.960006713867,1272.23815917969,780.030700683594,3550.38671875
2024-07-22,62.0800018310547,2998.02270507812,215.550003051758,161.759994506836,1267.07153320312,797.1376953125,3582.71630859375
2024-07-23,60.1599998474121,2992.52807617188,215.479995727539,162.490005493164,1264.25561523438,785.417602539062,3471.45092773438
2024-07-24,59.5999984741211,2967.90112304688,217.259994506836,160.919998168945,1244.59289550781,778.453491210938,3453.201171875
2024-07-25,59.3699989318848,2970.69848632812,216.729995727539,156.679992675781,1214.84204101562,784.544006347656,3551.0244140625
2024-07-26,59.9900016784668,3077.59765625,220.649993896484,156.929992675781,1213.00549316406,785.296264648438,3610.630859375
2024-07-29,58.7799987792969,3086.439453125,222.350006103516,157.479995727539,1209.7734375,778.938781738281,3703.8916015625
2024-07-30,58.3499984741211,3125.80224609375,223.490005493164,156.539993286133,1203.57824707031,784.034545898438,3713.40893554688
2024-07-31,58.6800003051758,3166.41357421875,224.770004272461,156.300003051758,1202.94165039062,784.131530761719,3743.18774414062
2024-08-01,59.0900001525879,3214.21875,223.179992675781,158.820007324219,1216.48254394531,795.317810058594,3708.15991210938
2024-08-02,59.6699981689453,3157.921875,221.190002441406,153.789993286133,1221.91870117188,805.193786621094,3596.6982421875
2024-08-05,58.7400016784668,3035.33740234375,217.259994506836,145.039993286133,1229.65637207031,784.131530761719,3461.59008789062
2024-08-06,58.6199989318848,3069.80493164062,211.979995727539,146.869995117188,1228.48107910156,777.0703125,3508.8828125
2024-08-07,58.2000007629395,3182.9482421875,216.059997558594,149.369995117188,1235.48413085938,787.892639160156,3569.76489257812
2024-08-08,58.0900001525879,3164.56567382812,216.089996337891,147.600006103516,1218.98022460938,797.21044921875,3486.6591796875
2024-08-09,58.6599998474121,3184.546875,217.619995117188,152.100006103516,1226.6201171875,800.850280761719,3524.4345703125
2024-08-12,59.0200004577637,3148.78051757812,217.789993286133,151.779998779297,1211.14453125,805.654724121094,3504.712890625
2024-08-13,59.4000015258789,3089.28662109375,216.279998779297,152.339996337891,1216.82543945312,778.040954589844,3484.94213867188
2024-08-14,59.6100006103516,3037.23583984375,215.089996337891,154.839996337891,1211.87915039062,780.273315429688,3478.46630859375
2024-08-16,59.4700012207031,3105.87084960938,217.520004272461,159.399993896484,1236.78186035156,792.066223144531,3501.18090820312
2024-08-19,60.3400001525879,3099.626953125,219.600006103516,158.699996948242,1225.86096191406,791.79931640625,3488.13110351562
2024-08-20,60.6699981689453,3067.7568359375,220.979995727539,161.130004882812,1233.37817382812,794.783935546875,3505.44873046875
2024-08-21,60.3800010681152,3112.76440429688,222.350006103516,160.699996948242,1249.66174316406,789.008850097656,3528.35913085938
2024-08-22,60.4500007629395,3096.13012695312,223.800003051758,161.380004882812,1249.29443359375,791.678039550781,3538.61254882812
2024-08-23,60.25,3073.45166015625,222.770004272461,159.75,1238.61828613281,788.644836425781,3530.81225585938
2024-08-26,60.8300018310547,3066.1083984375,223.729995727539,160.919998168945,1233.892578125,795.875915527344,3573.34594726562
2024-08-27,60.5499992370605,3064.21020507812,NA,160.020004272461,1234.82287597656,794.808227539062,3633.00170898438
2024-08-28,60.5499992370605,3025.14697265625,224.169998168945,160.570007324219,1220.64526367188,794.492797851562,3619.60864257812
2024-08-29,60.5699996948242,3017.30419921875,223.600006103516,158.729995727539,1226.54663085938,795.196472167969,3614.11401367188
2024-08-30,60.6599998474121,3016.50537109375,224.759994506836,159.940002441406,1224.68566894531,794.395751953125,3634.91479492188
2024-09-02,60.25,3039.28369140625,224.320007324219,159.960006713867,1229.16650390625,789.566833496094,3613.77075195312
2024-09-03,60.3600006103516,3033.23950195312,225.080001831055,159.110000610352,1239.37756347656,794.614074707031,3620.68774414062
2024-09-04,59.8300018310547,3009.51196289062,225.089996337891,155.820007324219,1241.33642578125,796.773742675781,3582.07861328125
2024-09-05,60.5499992370605,3012.50903320312,225.919998168945,156.130004882812,1226.71801757812,798.545043945312,3555.93017578125
2024-09-06,60.6599998474121,2972.646484375,223.220001220703,154.669998168945,1225.88537597656,794.419921875,3507.46020507812
2024-09-09,60.1599998474121,2961.35717773438,222.470001220703,153.720001220703,1232.52124023438,799.054626464844,3510.943359375
2024-09-10,60.3600006103516,2983.58618164062,224.889999389648,153.419998168945,1241.70373535156,800.923095703125,3528.45727539062
2024-09-11,60.7099990844727,2935.08203125,224.470001220703,154.399993896484,1237.46752929688,797.792846679688,3470.37182617188
2024-09-12,60.6100006103516,2988.18188476562,226.169998168945,157.460006713867,1237.95727539062,808.809265136719,3553.82080078125
2024-09-13,61.6399993896484,2965.55322265625,227.529998779297,158.479995727539,1239.69580078125,808.493835449219,3544.990234375
2024-09-16,62.0499992370605,2982.08764648438,229.080001831055,158.899993896484,1248.60876464844,810.920288085938,3593.31298828125
2024-09-17,61.7700004577637,2972.39672851562,228.830001831055,158.759994506836,1247.26196289062,809.876953125,3625.64282226562
2024-09-18,61.6800003051758,2953.5146484375,227.220001220703,157.479995727539,1271.89514160156,822.494934082031,3660.22924804688
2024-09-19,62.189998626709,2940.37670898438,226.190002441406,160.490005493164,1290.03979492188,829.1435546875,3614.35913085938
2024-09-20,62.4300003051758,3005.66552734375,228.270004272461,160.440002441406,1322.04333496094,845.013000488281,3722.48486328125
2024-09-23,62.810001373291,3041.08203125,230.229995727539,160.919998168945,1334.58032226562,854.039672851562,3716.40161132812
2024-09-24,62.9900016784668,3090.98486328125,230.880004882812,161.630004882812,1320.50073242188,858.04345703125,3720.22827148438
2024-09-25,63.6599998474121,3102.17456054688,230.160003662109,161.389999389648,1320.96606445312,863.406066894531,3722.43603515625
2024-09-26,63.7700004577637,3119.70776367188,230.259994506836,164.720001220703,1349.44372558594,865.51708984375,3691.33251953125
2024-09-27,63.4799995422363,3127.35083007812,229.399993896484,164.350006103516,1344.64440917969,850.56982421875,3635.89599609375
2024-09-30,63.5499992370605,3132.89575195312,228.779998779297,163.080001831055,1317.34204101562,840.572509765625,3606.36279296875
2024-10-01,63.5900001525879,3183.09838867188,230.25,164.470001220703,1325.71630859375,837.7333984375,3584.72778320312
2024-10-03,63.689998626709,3113.06420898438,226.389999389648,162.199996948242,1309.94714355469,816.282958984375,3431.8115234375
2024-10-04,63.9900016784668,3107.71923828125,225.429992675781,162.399993896484,1272.38500976562,804.4658203125,3428.18090820312
2024-10-07,63.810001373291,3015.15649414062,219.850006103516,162.320007324219,1260.48474121094,785.126403808594,3403.06323242188
2024-10-08,63.4500007629395,3157.72192382812,222.910003662109,162.589996337891,1264.35363769531,801.262756347656,3465.9072265625
2024-10-09,63.0200004577637,3150.77856445312,225.529998779297,164.059997558594,1232.15393066406,792.575866699219,3421.46020507812
2024-10-10,63.0099983215332,3171.20922851562,225.100006103516,165.199996948242,1230.41540527344,806.770935058594,3395.2138671875
2024-10-11,63.5400009155273,3134.244140625,225.479995727539,164.929992675781,1230.09716796875,801.238586425781,3416.99584960938
2024-10-14,63.9799995422363,3098.17822265625,226.899993896484,165.820007324219,1225.322265625,819.243347167969,3488.13110351562
2024-10-15,63.8600006103516,3101.77490234375,226.690002441406,166.460006713867,1216.60510253906,817.302124023438,3485.0400390625
2024-10-16,64.4400024414062,3082.99243164062,226.910003662109,165.149993896484,1205.8310546875,824.921447753906,3466.10375976562
2024-10-17,64.4400024414062,3010.91040039062,223.419998168945,165.75,1164.91442871094,811.988037109375,3503.09399414062
2024-10-18,65.1800003051758,2999.17163085938,223.880004882812,165.440002441406,1150.9814453125,816.210205078125,3510.45263671875
2024-10-21,65.7900009155273,2934.88208007812,220.520004272461,165.289993286133,1153.13647460938,838.946655273438,3518.10595703125
2024-10-22,65.7300033569336,2821.1396484375,215.070007324219,165.050003051758,1150.9814453125,832.079650878906,3445.79321289062
2024-10-23,66.1600036621094,2832.87841796875,215.690002441406,165.850006103516,1139.66882324219,842.392456054688,3390.35668945312
2024-10-24,65.75,2827.53344726562,215.410003662109,165.289993286133,1106.12255859375,849.113830566406,3377.8466796875
2024-10-25,65.4499969482422,2690.912109375,211.75,165.860000610352,1107.12646484375,846.080688476562,3263.78491210938
2024-10-28,65.7799987792969,2796.01318359375,212.979995727539,167.419998168945,1112.68493652344,841.615844726562,3277.9140625
2024-10-29,66.3000030517578,2845.916015625,214.559997558594,166.910003662109,1110.40771484375,850.181518554688,3317.25903320312
2024-10-30,67.0199966430664,2966.50219726562,NA,168.679992675781,1114.76635742188,841.809997558594,3344.19262695312
2024-10-31,66.9199981689453,2944.47314453125,215,166.270004272461,1108.22839355469,842.343811035156,3554.115234375
2024-11-01,66.9199981689453,2946.72119140625,218.009994506836,166.270004272461,1117.70458984375,843.120361328125,3558.08911132812
2024-11-04,66.0199966430664,2894.669921875,213.699996948242,164.020004272461,1100.02551269531,831.861206054688,3507.16577148438
2024-11-05,65.9400024414062,2912.80297851562,NA,164.419998168945,1107.98364257812,853.093322753906,3507.50927734375
2024-11-06,65.5899963378906,3043.3798828125,218.949996948242,171.580001831055,1114.42358398438,851.831604003906,3576.82934570312
2024-11-07,64.3300018310547,2967.3017578125,217.789993286133,172.119995117188,1108.17956542969,847.609436035156,3577.90869140625
2024-11-08,65,2926.34033203125,214.880004882812,175,1124.24243164062,851.443298339844,3591.39965820312
2024-11-11,64.4899978637695,2900.91430664062,213.600006103516,175.429992675781,1116.11315917969,857.194213867188,3560.5419921875
2024-11-12,62.8400001525879,2867.2958984375,211.479995727539,174.860000610352,1104.9228515625,833.850952148438,3523.74780273438
2024-11-13,63.25,2814.04614257812,206.699996948242,173.610000610352,1094.66296386719,815.967468261719,3481.16455078125
2024-11-14,61.7900009155273,2824.13647460938,207.080001831055,174.850006103516,1068.97680664062,821.5,3459.87329101562
2024-11-18,62.9000015258789,2816.04418945312,206.610000610352,169.089996337891,1083.86450195312,827.493469238281,3475.47387695312
2024-11-19,63.7200012207031,2818.84155273438,208.490005493164,169.289993286133,1084.32971191406,845.522583007812,3439.90600585938
2024-11-21,64.5699996948242,2181.59252929688,207.729995727539,170.580001831055,1082.88488769531,845.013000488281,3417.927734375
2024-11-22,65.3300018310547,2225.90063476562,210.589996337891,172.410003662109,1100.56433105469,847.148376464844,3535.6689453125
2024-11-25,64.379997253418,2255.37280273438,213.289993286133,173.479995727539,1105.28991699219,866.560546875,3682.35498046875
2024-11-26,63.3899993896484,2148.4736328125,213.350006103516,172.210006713867,1109.35498046875,866.536315917969,3632.90380859375
2024-11-27,63.9599990844727,2395.541015625,214.419998168945,175.229995727539,1113.61547851562,879.518188476562,3629.07690429688
2024-11-28,64.0400009155273,2434.80395507812,214.199996948242,175.419998168945,1095.15283203125,870.224609375,3597.04174804688
2024-11-29,64.2900009155273,2460.8291015625,215.309997558594,175.880004882812,1094.36901855469,871.632019042969,3654.68579101562
2024-12-02,63.7599983215332,2454.73510742188,217.020004272461,178.380004882812,1102.79248046875,875.829895019531,3634.326171875
2024-12-03,64.0599975585938,2511.83129882812,219.110000610352,182.179992675781,1107.61608886719,886.312438964844,3715.76391601562
2024-12-04,64.0100021362305,2492.3994140625,221.029998779297,181.639999389648,1105.70642089844,902.715759277344,3718.56030273438
2024-12-05,64.0599975585938,2520.17333984375,221.360000610352,181.660003662109,1109.47729492188,905.457763671875,3759.42651367188
2024-12-06,63.9900016784668,2504.03833007812,222.970001220703,179.850006103516,1110.603515625,900.653198242188,3793.91455078125
2024-12-09,64.2900009155273,2493.49853515625,223.779998779297,183.210006713867,1091.52868652344,907.520263671875,3872.99755859375
2024-12-10,64.6699981689453,2464.87548828125,224.169998168945,188.559997558594,1084.47668457031,906.598205566406,3849.3017578125
2024-12-11,65.0400009155273,2454.93481445312,224.919998168945,192.460006713867,1097.50341796875,904.171691894531,3843.0224609375
2024-12-12,65.4899978637695,2501.74072265625,223.75,199.809997558594,1089.17810058594,902.303283691406,3787.24243164062
2024-12-13,64.6100006103516,2525.16870117188,223.779998779297,200.899993896484,1103.60046386719,908.369567871094,3813.83251953125
2024-12-16,64.4800033569336,2510.03271484375,224.419998168945,207.470001220703,1096.37707519531,905.190795898438,3804.85473632812
2024-12-17,64.0999984741211,2485.25634765625,223.380004882812,212.929992675781,1078.8447265625,889.685363769531,3735.53442382812
2024-12-18,64.379997253418,2455.08471679688,222.059997558594,211.399993896484,1071.5478515625,878.74169921875,3687.40795898438
2024-12-19,63.7799987792969,2417.07055664062,221.839996337891,207.940002441406,1058.0068359375,870.394470214844,3646.39477539062
2024-12-20,63.3199996948242,2342.74047851562,216.860000610352,200.960006713867,1059.52514648438,859.7177734375,3561.52319335938
2024-12-23,63.9700012207031,2336.74609375,216.759994506836,208.899993896484,1053.69738769531,874.034240722656,3571.97241210938
2024-12-24,63.6800003051758,2370.21459960938,216.889999389648,212.070007324219,1061.09204101562,872.626892089844,3571.23657226562
2024-12-26,64,2397.98852539062,216.949996948242,214.5,1052.86474609375,869.059875488281,3561.1796875
2024-12-27,64.2099990844727,2407.67919921875,216.690002441406,217.509994506836,1060.55358886719,872.69970703125,3540.1826171875
2024-12-30,64,2589.90771484375,216.839996337891,215.630004882812,1057.76196289062,862.82373046875,3511.5810546875
2024-12-31,64.0899963378906,2526.26733398438,217.419998168945,214.210006713867,1062.73278808594,860.372924804688,3539.74072265625
2025-01-01,64.3499984741211,2552.44287109375,218.509994506836,212.410003662109,1062.34106445312,865.177368164062,3598.46411132812
2025-01-02,64.5999984741211,2595.25244140625,220.149993896484,210.770004272461,1077.498046875,870.515808105469,3643.59838867188
2025-01-03,65.0699996948242,2562.18359375,220.360000610352,210.919998168945,1093.41430664062,848.895385742188,3591.00708007812
2025-01-06,64.6100006103516,2472.11840820312,215.259994506836,205.020004272461,1070.05407714844,830.114196777344,3535.37451171875
2025-01-07,64.7699966430664,2518.17529296875,216.440002441406,204.089996337891,1083.59509277344,831.521484375,3574.7197265625
2025-01-08,65.120002746582,2512.88012695312,214.419998168945,202.410003662109,1087.14575195312,822.252258300781,3528.65356445312
2025-01-09,65.4000015258789,2475.56518554688,212.710006713867,201.179992675781,1104.84936523438,809.391662597656,3461.49194335938
2025-01-10,65.9300003051758,2372.16284179688,208.399993896484,197.889999389648,1100.85803222656,804.028991699219,3469.58666992188
2025-01-13,66.25,2223.05346679688,200.509994506836,189.550003051758,1095.69140625,791.459655761719,3399.08935546875
2025-01-14,66.0400009155273,2378.30712890625,204.190002441406,192.940002441406,1086.72937011719,799.103149414062,3397.42114257812
2025-01-15,66.2600021362305,2385.89965820312,205.210006713867,191.339996337891,1077.228515625,797.380310058594,3435.49072265625
2025-01-16,66.5899963378906,2425.56274414062,207.580001831055,200.490005493164,1062.36547851562,801.748107910156,3441.86840820312
2025-01-17,66.6600036621094,2397.5390625,207.880004882812,204.800003051758,1085.82336425781,794.322937011719,3501.47485351562
2025-01-20,66.5899963378906,2440.49829101562,209.320007324219,211.660003662109,1084.25622558594,801.359802246094,3525.36669921875
2025-01-21,66.9499969482422,2382.05346679688,205.330001831055,206.460006713867,1075.66149902344,797.064880371094,3474.44360351562
2025-01-22,67.620002746582,2374.31103515625,202.690002441406,212.809997558594,1081.21997070312,808.542358398438,3451.974609375
2025-01-23,67.4300003051758,2382.7529296875,206.259994506836,217.110000610352,1076.88598632812,807.984313964844,3437.30615234375
2025-01-24,67.7699966430664,2312.9189453125,202.869995117188,220.789993286133,1081.26879882812,800.656188964844,3393.10400390625
2025-01-27,67.6900024414062,2257.57080078125,197.119995117188,209.789993286133,1065.03442382812,790.950073242188,3392.564453125
2025-01-28,67.5800018310547,2283.89599609375,195.580001831055,200.899993896484,1055.9990234375,810.653381347656,3349.63793945312
2025-01-29,67.8600006103516,2316.41552734375,200.449996948242,207.869995117188,1067.94836425781,814.002014160156,3384.76391601562
2025-01-30,68.0899963378906,2250.4775390625,200.649993896484,206.899993896484,1085.89685058594,820.893371582031,3356.55517578125
2025-01-31,69.0800018310547,2285.64453125,204.380004882812,206.369995117188,1132.83728027344,824.411804199219,3500.24829101562
2025-02-01,68.9499969482422,2267.861328125,203.619995117188,206.580001831055,1139.693359375,820.626403808594,3382.60546875
2025-02-03,69.6399993896484,2259.71923828125,201.440002441406,203.389999389648,1134.7470703125,814.341735839844,3227.28540039062
2025-02-04,70.0800018310547,2299.33154296875,203.589996337891,207.029998779297,1126.10339355469,835.161376953125,3374.41235351562
2025-02-05,71.5699996948242,2322.40991210938,205.380004882812,209.449996948242,1101.37243652344,843.363037109375,3319.515625
2025-02-06,71.4300003051758,2310.27124023438,203.039993286133,209.190002441406,1096.71984863281,846.299072265625,3289.63916015625
2025-02-07,71.5400009155273,2336.59643554688,203.399993896484,209.320007324219,1096.67065429688,840.912170410156,3274.08740234375
2025-02-10,72.5199966430664,2288.64184570312,199.429992675781,207.910003662109,1094.67456054688,832.661987304688,3265.99267578125
2025-02-11,71.9800033569336,2319.5625,193.360000610352,208.369995117188,1082.08178710938,825.697937011719,3178.66796875
2025-02-12,71.4700012207031,2351.23266601562,193.279998779297,207.179992675781,1081.21923828125,828.318542480469,3227.72680664062
2025-02-13,71.870002746582,2242.5849609375,193.589996337891,206.779998779297,1073.23498535156,823.902221679688,3202.21606445312
2025-02-14,72.2200012207031,2150.62158203125,189.380004882812,205.440002441406,1082.25427246094,822.519104003906,3176.70556640625
2025-02-17,71.6500015258789,2221.60473632812,189.649993896484,205.350006103516,1092.43200683594,833.4384765625,3161.203125
2025-02-18,71.9800033569336,2218.20825195312,189.270004272461,204.110000610352,1095.33972167969,836.204711914062,3159.53491210938
2025-02-19,72.7300033569336,2178.74536132812,192.149993896484,206.240005493164,1086.73937988281,838.21875,3214.2353515625
2025-02-20,72.4899978637695,2176.94702148438,193.339996337891,204.610000610352,1087.62658691406,818.757995605469,3214.13745117188
2025-02-21,72.0800018310547,2131.09033203125,191.699996948242,203.240005493164,1091.66796875,821.378662109375,3252.69775390625
2025-02-24,72.5999984741211,2113.15698242188,189.970001220703,197.279998779297,1094.35400390625,813.904968261719,3196.37817382812
2025-02-25,72.75,2127.84326171875,189.25,193.199996948242,1109.13989257812,816.452819824219,3165.17651367188
2025-02-27,71.879997253418,2108.96118164062,187.050003051758,195,1122.84167480469,825.358154296875,3149.08544921875
2025-02-28,71.0999984741211,2094.02514648438,183.020004272461,183.929992675781,1079.19836425781,840.742370605469,3104.294921875
2025-03-03,71.3600006103516,2115.10546875,183.029998779297,187.630004882812,1077.17785644531,825.770751953125,3137.115234375
2025-03-04,72.4199981689453,2142.779296875,183,182.929992675781,1057.93139648438,829.871520996094,3152.51977539062
2025-03-05,72.2699966430664,2243.73413085938,187.820007324219,183.720001220703,1082.82104492188,820.165405273438,3178.66796875
2025-03-06,71.8899993896484,2250.7275390625,189.009994506836,186.580001831055,1084.89111328125,820.747741699219,3198.53662109375
2025-03-07,72.2099990844727,2245.38256835938,188.610000610352,186.740005493164,1103.25024414062,819.801391601562,3183.623046875
2025-03-10,72.1699981689453,2226.20068359375,185.800003051758,187.240005493164,1108.154296875,818.9521484375,3117.88403320312
2025-03-11,72.0800018310547,2248.4794921875,185.919998168945,181.399993896484,1109.6328125,817.981567382812,3135.30004882812
2025-03-12,72.3199996948242,2239.68774414062,185.630004882812,179.25,1082.08178710938,830.429626464844,3133.53369140625
2025-03-13,72.8199996948242,2219.00732421875,184.080001831055,175.979995727539,1080.33215332031,828.221435546875,3127.30346679688
2025-03-17,73.5299987792969,2250.57739257812,185.809997558594,180.770004272461,1071.65783691406,830.065673828125,3113.71411132812
2025-03-18,73.5299987792969,2250.57739257812,189.729995727539,180.770004272461,1071.65783691406,830.065673828125,3113.71411132812
2025-03-19,74.25,2316.46533203125,194.399993896484,182.070007324219,1076.41394042969,846.42041015625,3257.06396484375
2025-03-20,74.4899978637695,2337.09594726562,194.550003051758,187.210006713867,1094.9208984375,858.383117675781,3287.97094726562
2025-03-21,73.9499969482422,2360.57397460938,197.710006713867,185.389999389648,1118.2333984375,859.15966796875,3351.6494140625
2025-03-24,73,2366.46826171875,200.009994506836,188.110000610352,1115.62109375,873.548950195312,3416.30908203125
2025-03-25,73.2300033569336,2318.16381835938,197.990005493164,187.619995117188,1111.33325195312,883.958740234375,3404.28955078125
2025-03-26,73.25,2310.42138671875,196.839996337891,184.740005493164,1105.71472167969,876.727722167969,3379.95654296875
2025-03-27,73.8000030517578,2361.12353515625,197.570007324219,183.429992675781,1105.02465820312,885.851440429688,3435.68725585938
2025-03-28,74.1600036621094,2313.6181640625,197.300003051758,181.449996948242,1109.31237792969,887.234497070312,3426.56225585938
2025-04-01,76.7200012207031,2333.0498046875,195.020004272461,180.279998779297,1101.05712890625,857.946411132812,3372.10693359375
2025-04-02,76.2300033569336,2367.16748046875,197.589996337891,181.619995117188,1089.5732421875,872.044494628906,3355.52490234375
2025-04-03,75.8499984741211,2408.52856445312,197.360000610352,180.320007324219,1106.79895019531,871.049621582031,3355.77001953125
2025-04-04,74.9899978637695,2332.4501953125,192.580001831055,174.949996948242,1114.93115234375,881.94482421875,3198.78173828125
2025-04-07,73.8300018310547,2210.615234375,187.600006103516,163.419998168945,1108.44995117188,853.0205078125,3010.73974609375
2025-04-08,73.6800003051758,2283.54638671875,189.300003051758,164.25,1121.46154785156,858.577331542969,3101.5966796875
2025-04-09,74.8899993896484,2234.79223632812,188.190002441406,163.330001831055,1155.69104003906,856.563293457031,2996.65966796875
2025-04-11,77.9000015258789,2319.212890625,191.600006103516,167.050003051758,1163.84777832031,876.824768066406,3057.29638671875
2025-04-15,77.6600036621094,2415.92138671875,197.520004272461,167.949996948242,1167.05139160156,905.045288085938,3196.2802734375
2025-04-16,79.2300033569336,2413.32421875,198.850006103516,165.130004882812,1174.6416015625,911.402770996094,3166.94287109375
2025-04-17,79.5299987792969,2415.82202148438,199.410003662109,165.580001831055,1191.05395507812,925.330993652344,3186.17407226562
2025-04-21,81.0699996948242,2440.3984375,204.380004882812,166.429992675781,1182.57666015625,935.231201171875,3218.7490234375
2025-04-22,82.9000015258789,2443.19580078125,206.080001831055,166.080001831055,1186.47033691406,952.022766113281,3196.4765625
2025-04-23,80.3899993896484,2451.28857421875,208.089996337891,170.110000610352,1199.333984375,933.67822265625,3238.86303710938
2025-04-24,80.5100021362305,2440.19873046875,207.130004882812,169.360000610352,1199.2353515625,930.232604980469,3238.470703125
2025-04-25,80.0299987792969,2352.08178710938,202.289993286133,170.779998779297,1189.52600097656,927.514831542969,3210.50732421875
2025-04-28,79.0500030517578,2367.5673828125,204.759994506836,170.779998779297,1185.82958984375,931.882568359375,3264.66821289062
2025-04-29,80.0400009155273,2328.404296875,205.289993286133,169.490005493164,1176.71154785156,926.350158691406,3259.76220703125
2025-04-30,79.0899963378906,2299.1318359375,203.919998168945,169.550003051758,1177.05651855469,934.212036132812,3278.11010742188
2025-05-02,78.379997253418,2296.93383789062,203.429992675781,169.940002441406,1149.25915527344,932.707702636719,3272.125
2025-05-05,79.5800018310547,2453.1865234375,206.369995117188,171.089996337891,1147.48474121094,939.938659667969,3267.51342773438
2025-05-06,82.129997253418,2351.7822265625,202.380004882812,169.850006103516,1161.43286132812,937.463562011719,3271.24194335938
2025-05-07,81.2799987792969,2350.8828125,204.600006103516,169.119995117188,1152.51196289062,944.209350585938,3258.87915039062
2025-05-08,80.9400024414062,2283.14697265625,200.990005493164,169.089996337891,1153.64562988281,935.91064453125,3261.33203125
2025-05-09,80.8000030517578,2248.87915039062,201.820007324219,169.070007324219,1146.10473632812,917.080749511719,3379.07299804688
2025-05-12,77.9800033569336,2423.01489257812,209.259994506836,176.139999389648,1174.88806152344,949.838928222656,3519.67578125
2025-05-13,79.0699996948242,2438.89990234375,209.399993896484,176.490005493164,1168.18505859375,933.047302246094,3499.85595703125
2025-05-14,78.5800018310547,2459.58032226562,212.350006103516,177.309997558594,1168.28344726562,927.223693847656,3505.84130859375
2025-05-15,77.0400009155273,2517.62573242188,213.690002441406,178.789993286133,1181.93591308594,938.482788085938,3550.09204101562
2025-05-16,77.7799987792969,2552.5927734375,215.210006713867,181.070007324219,1187.20959472656,938.919555664062,3536.84619140625
2025-05-19,78.3199996948242,2538.20629882812,215.509994506836,178.539993286133,1186.716796875,940.860717773438,3532.43115234375
2025-05-20,78.1900024414062,2499.2431640625,212.240005493164,179.080001831055,1162.41870117188,929.310485839844,3500.64086914062
2025-05-21,79.5,2498.04418945312,213.600006103516,178.279998779297,1179.22521972656,935.085632324219,3521.44189453125
2025-05-22,79.8099975585938,2485.25634765625,213.350006103516,177.490005493164,1163.99572753906,931.737060546875,3484.54956054688
2025-05-23,79.5100021362305,2537.60668945312,214.979995727539,177.320007324219,1189.96960449219,938.385681152344,3532.13671875
2025-05-26,79.7699966430664,2545.29956054688,216.070007324219,177.729995727539,1209.48706054688,941.588623046875,3580.01806640625
2025-05-27,79.5599975585938,2537.90673828125,216.630004882812,176.860000610352,1212.88757324219,934.842956542969,3571.48193359375
2025-05-28,80.0599975585938,2512.63037109375,216.630004882812,178.240005493164,1192.23681640625,933.484069824219,3577.66333007812
2025-05-29,79.0999984741211,2538.40625,217.919998168945,180.710006713867,1200.12268066406,935.42529296875,3586.494140625
2025-05-30,79.4899978637695,2517.52563476562,217.610000610352,179.039993286133,1180.99951171875,943.86962890625,3605.92138671875
2025-06-02,80.5199966430664,2516.4267578125,218.669998168945,178.509994506836,1185.9775390625,937.657653808594,3610.33666992188
2025-06-03,80.9700012207031,2468.57177734375,217.910003662109,179.559997558594,1178.63366699219,934.017944335938,3609.54443359375
2025-06-04,81.3099975585938,2487.05444335938,218.960006713867,181.360000610352,1181.64025878906,942.073974609375,3591.42138671875
2025-06-05,81.7300033569336,2502.04028320312,221.210006713867,180.899993896484,1183.51318359375,946.150512695312,3607.36572265625
2025-06-06,81.2300033569336,2531.81225585938,223.169998168945,180.320007324219,1191.349609375,960.272888183594,3620.93310546875
2025-06-09,80.4800033569336,2579.66723632812,225.460006713867,180.509994506836,1190.4130859375,960.370056152344,3643.314453125
2025-06-10,80.6100006103516,2610.63818359375,225.309997558594,182.320007324219,1198.34814453125,953.769897460938,3644.20581054688
2025-06-11,80.7600021362305,2578.76806640625,225.009994506836,181.979995727539,1192.33532714844,946.538818359375,3649.15747070312
2025-06-12,81.3899993896484,2541.30346679688,221.649993896484,181.009994506836,1175.77526855469,943.141662597656,3569.03979492188
2025-06-13,83.129997253418,2506.77905273438,220.809997558594,180.169998168945,1171.43811035156,930.620788574219,3552.69946289062
2025-06-16,83.0899963378906,2542.86303710938,222.399993896484,180.630004882812,1177.84521484375,939.259216308594,3593.59985351562
2025-06-17,82.5599975585938,2487.38793945312,220.869995117188,181.770004272461,1164.1435546875,936.444458007812,3587.26196289062
2025-06-18,82.7900009155273,2458.0009765625,220.039993286133,182.559997558594,1153.69482421875,938.531311035156,3566.6630859375
2025-06-19,82.7900009155273,2419.51831054688,216.669998168945,180.119995117188,1142.90112304688,939.210754394531,3586.07373046875
2025-06-20,82.2300033569336,2447.3056640625,219.229995727539,180.470001220703,1163.35498046875,953.478637695312,3626.57788085938
2025-06-23,82.6600036621094,2470.89526367188,219.5,182.350006103516,1162.71423339844,945.568237304688,3549.03515625
2025-06-24,80.9800033569336,2504.48022460938,221.699996948242,183.619995117188,1166.01635742188,951.634521484375,3569.93115234375
2025-06-25,81.1100006103516,2526.07055664062,222.669998168945,185.110000610352,1185.04089355469,961.000915527344,3584.7861328125
2025-06-26,81.120002746582,2585.04418945312,223.910003662109,187.220001220703,1198.34814453125,981.189575195312,3624.201171875
2025-06-27,79.8099975585938,2645.11743164062,225.009994506836,188.990005493164,1211.80334472656,988.598266601562,3643.61157226562
2025-06-30,79.9899978637695,2618.22924804688,225.789993286133,192.970001220703,1215.05639648438,982.023681640625,3634.30249023438
2025-07-01,81.0500030517578,2620.62841796875,225.990005493164,192.080001831055,1187.85046386719,987.224487304688,3631.232421875
2025-07-02,81.1100006103516,2629.0244140625,226.130004882812,190.199996948242,1176.9580078125,974.418701171875,3562.00854492188
2025-07-03,81.0100021362305,2610.03295898438,226.229995727539,191.490005493164,1177.15515136719,974.958374023438,3548.24291992188
2025-07-04,80.8899993896484,2597.9384765625,225.5,191.589996337891,1184.28234863281,976.037841796875,3559.830078125
2025-07-07,80.5299987792969,2574.94873046875,225.720001220703,191.929992675781,1198.78393554688,975.105590820312,3546.75756835938
2025-07-08,80.7799987792969,2590.14184570312,225.110000610352,191.789993286133,1196.705078125,981.974609375,3571.515625
2025-07-09,80.0299987792969,2581.845703125,225.360000610352,191.660003662109,1201.60498046875,986.782836914062,3545.07397460938
2025-07-10,80.7099990844727,2579.84643554688,224.770004272461,192.210006713867,1188.53857421875,984.329650878906,3540.12231445312
2025-07-11,81.1500015258789,2557.55639648438,222.960006713867,191.25,1189.57800292969,973.290222167969,3506.35229492188
2025-07-14,81.879997253418,2580.146484375,224.339996337891,191.149993896484,1184.33166503906,972.94677734375,3462.08447265625
2025-07-15,81.6699981689453,2597.03881835938,226.279998779297,192.740005493164,1195.91320800781,979.079833984375,3460.20288085938
2025-07-16,81.3499984741211,2607.33422851562,226.559997558594,192.520004272461,1217.54187011719,979.472290039062,3469.908203125
2025-07-17,81.1600036621094,2615.4306640625,226.559997558594,193.380004882812,1212.14721679688,974.860229492188,3440.396484375
2025-07-18,81.7300033569336,2594.93994140625,225.259994506836,195.529998779297,1223.580078125,960.38623046875,3431.28540039062
2025-07-21,82.129997253418,2618.32934570312,226,196.699996948242,1223.77819824219,981.533020019531,3468.91796875
2025-07-22,82.7699966430664,2586.6435546875,224.720001220703,198.410003662109,1209.37548828125,984.771240234375,3431.08740234375
2025-07-23,83.75,2613.33154296875,225.419998168945,198.889999389648,1213.82995605469,993.210388183594,3451.19091796875
2025-07-24,82.3000030517578,2607.23413085938,224.850006103516,200.759994506836,1149.29028320312,988.254821777344,3443.86254882812
2025-07-25,82.0999984741211,2548.96044921875,221.839996337891,201.309997558594,1125.78088378906,985.992248535156,3409.59716796875
2025-07-28,82.0299987792969,2521.1728515625,219.710006713867,204.990005493164,1103.3603515625,987.910522460938,3389.09741210938
2025-07-29,81.9100036621094,2546.76123046875,221.649993896484,204.149993896484,1100.58862304688,994.353942871094,3461.78759765625
2025-07-30,82.3899993896484,2531.76782226562,221.559997558594,203.169998168945,1104.44921875,996.419799804688,3629.64794921875
2025-07-31,82.1999969482422,2429.61352539062,220.160003662109,208.289993286133,1112.46704101562,992.681579589844,3601.32446289062
2025-08-01,81.9499969482422,2349.84936523438,217.699996948242,204.339996337891,1126.72119140625,989.730407714844,3552.6005859375
2025-08-04,83.2300033569336,2362.54370117188,219.899993896484,200.419998168945,1127.16662597656,979.794738769531,3595.97680664062
2025-08-05,83.6100006103516,2327.15942382812,219.490005493164,202.630004882812,1122.16784667969,972.711853027344,3617.26904296875
2025-08-06,83.4400024414062,2299.27197265625,217.539993286133,201.669998168945,1105.33996582031,976.499267578125,3593.302734375
2025-08-07,83.9400024414062,2248.79467773438,218.050003051758,202.419998168945,1105.98352050781,981.467102050781,3606.37524414062
2025-08-08,84.3600006103516,2177.12670898438,215.199996948242,202.089996337891,1085.39404296875,970.892028808594,3572.7041015625
2025-08-11,83.2300033569336,2282.37939453125,215.710006713867,202.889999389648,1093.80798339844,981.5654296875,3632.916015625
2025-08-12,82.9800033569336,2287.17724609375,216.020004272461,202.190002441406,1080.048828125,968.924560546875,3650.44482421875
2025-08-13,83.1900024414062,2279.0810546875,217.25,204.300003051758,1085.7900390625,974.039916992188,3657.97119140625
2025-08-14,83.1399993896484,2280.58032226562,216.779998779297,204.889999389648,1078.36596679688,979.35205078125,3641.43286132812
2025-08-18,82.75,2332.55712890625,219.5,205.779998779297,1132.51196289062,985.500366210938,3599.93823242188
2025-08-19,82.3099975585938,2387.33251953125,221.449996948242,205.479995727539,1149.63684082031,979.35205078125,3578.05200195312
2025-08-20,82.0800018310547,2386.033203125,222.429992675781,203.479995727539,1178.244140625,977.925659179688,3557.55224609375
2025-08-21,82.5500030517578,2376.13745117188,221.449996948242,202.139999389648,1167.45446777344,979.401245117188,3577.65576171875
2025-08-22,82.620002746582,2323.86083984375,221.339996337891,201.139999389648,1151.12158203125,966.317626953125,3561.01831054688
2025-08-25,83.5,2301.87060546875,221.080001831055,203.399993896484,1141.32189941406,966.071716308594,3568.24780273438
2025-08-26,83.8300018310547,2270.98461914062,217.940002441406,202.490005493164,1150.42858886719,957.5625,3507.04541015625
2025-08-28,84.4199981689453,2274.18310546875,215.070007324219,203.289993286133,1150.62658691406,942.216247558594,3525.66357421875
2025-08-29,85.3399963378906,2243.69677734375,213.5,204.419998168945,1144.48937988281,936.117126464844,3566.16796875
2025-09-01,86.6100006103516,2283.17919921875,217.979995727539,203.660003662109,1162.50512695312,935.133361816406,3563.59301757812
2025-09-02,86.6100006103516,2273.18359375,218.320007324219,202.369995117188,1188.73681640625,929.132690429688,3540.3203125
2025-09-03,87.879997253418,2287.67700195312,219.589996337891,203.470001220703,1182.69860839844,938.920776367188,3565.96997070312
2025-09-04,88.1600036621094,2277.78173828125,218.080001831055,202.479995727539,1200.31811523438,945.610107421875,3557.84936523438
2025-09-05,88.6500015258789,2280.38037109375,217.899993896484,204.850006103516,1196.259765625,947.725158691406,3519.2265625
2025-09-08,89.9800033569336,2309.8671875,219.470001220703,205.279998779297,1175.67028808594,950.282836914062,3495.45874023438
2025-09-09,91.1699981689453,2310.56689453125,219.660003662109,205.5,1190.02355957031,949.446716308594,3490.90307617188
2025-09-10,90.9000015258789,2339.15405273438,221.75,204.860000610352,1205.16857910156,950.184509277344,3515.66137695312
2025-09-11,90.620002746582,2397.72802734375,221.979995727539,205.649993896484,1208.43518066406,952.053527832031,3505.4609375
2025-09-12,91.2600021362305,2390.93090820312,222.339996337891,207.059997558594,1205.26745605469,951.561706542969,3545.17309570312
2025-09-15,90.9199981689453,2382.33471679688,223.460006713867,209.889999389648,1200.21923828125,951.315734863281,3551.51098632812
2025-09-16,92.2699966430664,2398.32763671875,224.949996948242,212.619995117188,1192.00317382812,951.119018554688,3632.32177734375
2025-09-17,91.25,2400.92651367188,225.029998779297,211.839996337891,1192.10229492188,950.774719238281,3649.8505859375
2025-09-18,91.5999984741211,2400.92651367188,225.289993286133,213.429992675781,1196.85363769531,961.005554199219,3650.345703125
2025-09-19,91.2900009155273,2522.8720703125,225.970001220703,213.919998168945,1182.40148925781,951.168212890625,3639.84814453125
2025-09-22,93.1399993896484,2628.32495117188,224.690002441406,214.610000610352,1176.26428222656,948.512145996094,3609.2470703125
2025-09-23,95.129997253418,2675.20385742188,223.360000610352,216.979995727539,1156.56579589844,941.626037597656,3622.22045898438
2025-09-24,94.6399993896484,2618.62915039062,221.979995727539,215.399993896484,1166.66259765625,935.576110839844,3638.26391601562
2025-09-25,94.4300003051758,2575.24853515625,220.449996948242,213.800003051758,1161.61413574219,934.395568847656,3609.14794921875
2025-09-26,94.2200012207031,2542.56323242188,216.440002441406,214.529998779297,1150.82458496094,929.673706054688,3693.42504882812
2025-09-29,95.9000015258789,2508.37841796875,216.809997558594,219.830001831055,1140.82690429688,934.838256835938,3652.72241210938
2025-09-30,95.8499984741211,2504.78002929688,217.509994506836,222.380004882812,1141.22290039062,935.526916503906,3623.60693359375
2025-10-01,97.629997253418,2591.54125976562,218.970001220703,221.509994506836,1154.58618164062,949.545043945312,3634.79760742188
2025-10-03,97.0699996948242,2588.74243164062,220.729995727539,229.610000610352,1158.05078125,949.446716308594,3696.990234375
2025-10-06,99.2200012207031,2572.34985351562,222.440002441406,240.610000610352,1169.73107910156,957.611633300781,3700.8525390625
2025-10-07,99.6600036621094,2541.06372070312,222.589996337891,250.259994506836,1164.880859375,966.514404296875,3693.623046875
2025-10-08,101.690002441406,2522.97192382812,220.899993896484,242.119995117188,1168.54333496094,962.776245117188,3693.72216796875
2025-10-09,101.470001220703,2541.263671875,222.820007324219,241.75,1175.76940917969,961.202209472656,3732.74096679688
2025-10-10,100.669998168945,2549.759765625,223.479995727539,238.929992675781,1187.35083007812,964.9404296875,3747.39770507812
2025-10-13,102.650001525879,2526.27026367188,223.559997558594,233.699996948242,1176.06628417969,961.103881835938,3733.0380859375
2025-10-14,105.089996337891,2515.875,221.270004272461,233.220001220703,1163.59399414062,961.25146484375,3708.08178710938
2025-10-15,105.290000915527,2531.66821289062,224.75,233.229995727539,1209.02905273438,962.333557128906,3791.66528320312
2025-10-16,105.370002746582,2556.45703125,225.919998168945,237.119995117188,1263.669921875,978.171569824219,3824.4453125
2025-10-17,108.110000610352,2548.26049804688,224.309997558594,236.210006713867,1276.43920898438,986.238159179688,3802.26196289062
2025-10-20,105.139999389648,2546.96142578125,225.830001831055,239.160003662109,1272.380859375,986.631652832031,3835.23974609375
2025-10-21,105.690002441406,2548.76025390625,226.279998779297,241.539993286133,1274.26171875,991.304382324219,3850.58984375
2025-10-23,101.699996948242,2544.66235351562,226.130004882812,240.460006713867,1259.90856933594,992.386474609375,3880.794921875
2025-10-24,NA,2503.08081054688,225.550003051758,217.318603515625,1269.01525878906,978.565063476562,3867.12817382812
2025-10-27,100.139999389648,2491.68603515625,227.550003051758,245.289993286133,1270.00512695312,986.631652832031,3885.845703125
2025-10-28,96.8399963378906,2493.28515625,227.479995727539,244.25,1258.12658691406,987.221862792969,3934.37158203125
2025-10-29,99.9499969482422,2536.26586914062,228.800003051758,241.669998168945,1260.1064453125,991.451904296875,3919.81396484375
2025-10-30,99.6800003051758,2525.7705078125,228.509994506836,245.020004272461,1266.93664550781,981.909790039062,3948.92944335938
2025-10-31,100.019996643066,2479.89111328125,227.130004882812,244.550003051758,1258.72058105469,971.236267089844,3991.90942382812
2025-11-03,100.050003051758,2465.8974609375,228.869995117188,245.440002441406,1253.87023925781,976.499267578125,3941.9970703125
2025-11-04,99.8000030517578,2418.71850585938,227.839996337891,241.399993896484,1252.18737792969,969.219665527344,3886.43969726562
2025-11-06,100.069999694824,2313.26586914062,226.130004882812,238.470001220703,1253.27624511719,968.629455566406,3844.05395507812
2025-11-07,99.9400024414062,2368.34106445312,227.440002441406,234.059997558594,1249.91076660156,966.317626953125,3844.94506835938
2025-11-10,101.699996948242,2297.3310546875,228.289993286133,239.869995117188,1250.10876464844,968.481872558594,3880.59692382812
2025-11-11,103.290000915527,2293.5517578125,229.270004272461,241.729995727539,1255.25598144531,975.564697265625,3916.74365234375
2025-11-12,102.690002441406,2407.60913085938,231.059997558594,243.369995117188,1265.25366210938,973.400512695312,3916.34765625
2025-11-13,105.370002746582,2411.19458007812,230.339996337891,240.320007324219,1262.2841796875,970.596923828125,3963.7841796875
2025-11-14,103.809997558594,2438.90942382812,230.429992675781,237.279998779297,1258.72058105469,973.498840332031,3965.66577148438
2025-11-17,101.940002441406,2460.89965820312,232.039993286133,235.779998779297,1257.43383789062,980.335754394531,3988.74047851562
2025-11-18,100.910003662109,2435.7109375,230.639999389648,234.279998779297,1252.28649902344,976.302490234375,3960.91235351562
2025-11-19,102.230003356934,2432.0126953125,231.330001831055,233.550003051758,1266.04565429688,978.41748046875,3980.71899414062
2025-11-20,101.550003051758,2445.0068359375,231.039993286133,236.429992675781,1266.24353027344,992.435668945312,3998.3466796875
2025-11-21,102,2421.21752929688,228.619995117188,232.419998168945,1267.72839355469,981.811401367188,3985.96752929688
2025-11-24,102.230003356934,2398.12768554688,227.899993896484,230.350006103516,1256.34484863281,982.893493652344,3974.47998046875
2025-11-25,103.459999084473,2331.85717773438,227.75,230.899993896484,1250.40563964844,973.695617675781,3958.04028320312
2025-11-26,104.180000305176,2313.96533203125,230.699996948242,232.740005493164,1263.86791992188,987.566223144531,4022.70874023438
2025-11-27,104.110000610352,2253.9921875,231.429992675781,232.100006103516,1253.57336425781,993.075073242188,4041.82202148438
2025-11-28,104.620002746582,2279.18090820312,231.179992675781,231.75,1248.32690429688,991.205993652344,4030.2353515625
2025-12-01,106.720001220703,2260.98901367188,230.910003662109,233.220001220703,1247.83203125,985.795471191406,4033.80029296875
2025-12-02,105.629997253418,2238.59912109375,230.460006713867,234.679992675781,1246.14929199219,973.695617675781,3991.51342773438
2025-12-03,106.51000213623,2188.8212890625,228.460006713867,235.899993896484,1229.32141113281,984.221496582031,3949.42456054688
2025-12-04,105.919998168945,2216.90869140625,228.410003662109,235.309997558594,1229.81640625,980.975219726562,3945.06713867188
2025-12-05,106.889999389648,2264.38745117188,229.279998779297,234.580001831055,1234.27087402344,986.975952148438,3999.13891601562
2025-12-08,106.849998474121,2215.20947265625,225.350006103516,236.050003051758,1202.49597167969,986.779174804688,3958.04028320312
2025-12-09,106.279998779297,2244.19653320312,226.240005493164,234.509994506836,1203.48583984375,980.876831054688,3958.83276367188
2025-12-10,106.230003356934,2210.61181640625,224.169998168945,233.630004882812,1197.05163574219,973.695617675781,3952.69262695312
2025-12-11,107.150001525879,2276.68212890625,225.990005493164,232.479995727539,1202.69384765625,984.024780273438,3965.17065429688
2025-12-12,109.610000610352,2281.3798828125,227.990005493164,233.429992675781,1225.75793457031,985.205261230469,4034.69189453125
2025-12-15,110.949996948242,2277.88134765625,228.110000610352,234.550003051758,1230.90515136719,979.89306640625,4052.7158203125
2025-12-16,109.559997558594,2246.89526367188,226.619995117188,234.399993896484,1228.03454589844,978.122375488281,4024.49145507812
2025-12-17,109.98999786377,2231.50219726562,225.559997558594,234.240005493164,1222.09533691406,967.989990234375,4023.10473632812
2025-12-18,109.879997253418,2228.3037109375,225.25,233.509994506836,1221.00646972656,963.759948730469,3992.10766601562
2025-12-19,109.819999694824,2237.99926757812,228.509994506836,234.800003051758,1231.79614257812,969.465576171875,4034.09741210938
2025-12-22,111.389999389648,2262.48852539062,230.470001220703,234.820007324219,1244.46643066406,971.629821777344,4033.00805664062
2025-12-23,113.099998474121,2247.794921875,230.520004272461,234.399993896484,1243.77355957031,980.384948730469,4019.53979492188
2025-12-24,113.209999084473,2221.70654296875,228.919998168945,234.089996337891,1246.94104003906,980.975219726562,4014.39013671875
2025-12-26,114.309997558594,2228.9033203125,228.460006713867,233.580001831055,1259.71044921875,975.958190917969,4008.15087890625
2025-12-29,113.029998779297,2202.21533203125,227.789993286133,230.470001220703,1267.03552246094,975.564697265625,3999.63403320312
2025-12-30,111.169998168945,2213.71020507812,227.100006103516,231.240005493164,1261.1953125,974.777770996094,4012.80541992188
2025-12-31,110.110000610352,2238.69897460938,229.800003051758,231.630004882812,1274.95446777344,975.072875976562,4044.00073242188
2026-01-01,110.519996643066,2258.98999023438,230.690002441406,234.539993286133,1281.88366699219,975.023681640625,4100.35009765625
2026-01-02,111.819999694824,2278.78125,232.350006103516,234.899993896484,1266.73852539062,985.303588867188,4123.1279296875
2026-01-05,112.919998168945,2278.48120117188,232.940002441406,235,1301.28515625,961.595764160156,4110.25341796875
2026-01-06,113.139999389648,2258.09057617188,232.979995727539,235.279998779297,1306.53137207031,946.544677734375,4100.54833984375
2026-01-07,112.910003662109,2273.08374023438,233.350006103516,236.009994506836,1301.48315429688,933.608642578125,4116.7900390625
2026-01-08,112.290000915527,2213.01049804688,228.559997558594,233.990005493164,1293.6630859375,931.296875,3989.43359375
2026-01-09,113.610000610352,2152.73754882812,226.929992675781,234.669998168945,1285.94201660156,923.72216796875,3986.2646484375
2026-01-12,116.76000213623,2170.62963867188,226.339996337891,235.639999389648,1299.107421875,921.705505371094,3980.12475585938
2026-01-13,116.370002746582,2157.53540039062,225.889999389648,234.789993286133,1305.34350585938,922.098999023438,3849.79760742188
2026-01-14,118.01000213623,2152.33764648438,226.630004882812,234.229995727539,1293.86108398438,910.392639160156,3828.40673828125
2026-01-15,118.01000213623,2152.33764648438,NA,234.229995727539,1293.86108398438,910.392639160156,3828.40673828125
2026-01-16,117.779998779297,2156.3359375,227,235.539993286133,1302.57202148438,915.95068359375,3819.09741210938
2026-01-19,121.099998474121,2133.64599609375,225.860000610352,233.169998168945,1302.27490234375,912.802795410156,3832.36791992188
2026-01-20,125.860000610352,2054.181640625,220.360000610352,231.179992675781,1282.57641601562,916.049072265625,3773.6416015625
2026-01-21,134.970001220703,2031.29174804688,218.050003051758,226.5,1270.20300292969,905.375549316406,3730.06713867188
2026-01-22,124.339996337891,2085.46752929688,220.710006713867,235.740005493164,1292.77221679688,903.75244140625,3757.10302734375
2026-01-23,127.419998168945,1863.36682128906,217.039993286133,237.880004882812,1280.69580078125,901.194702148438,3707.58666992188
2026-01-27,131.449996948242,1958.62426757812,218.169998168945,236.529998779297,1290.09948730469,911.327209472656,3751.1611328125
2026-01-28,135.820007324219,1993.80847167969,220.910003662109,235.279998779297,1279.30993652344,917.524658203125,3757.30102539062
2026-01-29,146.529998779297,2018.29748535156,221.820007324219,233.860000610352,1274.85559082031,920.279113769531,3894.857421875
2026-01-30,131.119995117188,2019.4970703125,221.539993286133,230.559997558594,1318.90478515625,914.130798339844,3894.26342773438
2026-02-02,118.669998168945,1994.50830078125,219.550003051758,225.440002441406,1295.04895019531,912.999450683594,3883.36987304688
2026-02-03,125.199996948242,2201.61572265625,225.839996337891,231.809997558594,1294.751953125,933.264343261719,3999.73315429688
2026-02-04,129.600006103516,2227.2041015625,226.589996337891,228.979995727539,1290.00048828125,937.592712402344,4047.56616210938
2026-02-05,125.220001220703,2235.6005859375,226.289993286133,225.100006103516,1290.29760742188,934.248046875,4023.99633789062
2026-02-06,125.040000915527,2225.40478515625,226.759994506836,227.699996948242,1297.06494140625,925.787963867188,4028.74975585938
2026-02-09,127.980003356934,2249.09448242188,229.970001220703,232.679992675781,1289.40173339844,922.000610351562,4073.80981445312
2026-02-10,128.339996337891,2227.40405273438,231.080001831055,232.220001220703,1302.33959960938,917.229553222656,4128.673828125
2026-02-11,128.699996948242,2233.4013671875,231.210006713867,234.869995117188,1299.05541992188,912.015747070312,4130.06005859375
2026-02-12,128.520004272461,2210.8115234375,229.589996337891,231.880004882812,1299.25439453125,905.621520996094,4145.41015625
2026-02-13,126.099998474121,2135.64526367188,226.309997558594,230.240005493164,1276.46398925781,889.193237304688,4133.5263671875
2026-02-16,126.919998168945,2183.62377929688,227.130004882812,232.669998168945,1283.62963867188,910.736877441406,4160.859375
2026-02-17,124.580001831055,2241.8974609375,227.779998779297,228.839996337891,1279.15112304688,910.638549804688,4238.40185546875
2026-02-18,124.639999389648,2210.21166992188,228.360000610352,227.990005493164,1294.67651367188,909.654846191406,4284.05615234375
2026-02-19,127.089996337891,2155.73608398438,225.360000610352,229.490005493164,1272.38354492188,900.702880859375,4239.09521484375
2026-02-20,127.540000915527,2159.83447265625,226.470001220703,225.789993286133,1287.61047363281,897.013854980469,4338.22705078125
2026-02-23,130,2190.02075195312,225.789993286133,229.320007324219,1308.80847167969,908.572692871094,4375.3642578125
2026-02-24,131.220001220703,2182.0244140625,225.520004272461,228.330001831055,1313.68505859375,895.685852050781,4218.00146484375
2026-02-25,131.690002441406,2230.70263671875,226.220001220703,229.690002441406,1317.06884765625,892.8330078125,4256.9208984375
2026-02-26,130.479995727539,2215.40942382812,227.490005493164,227.130004882812,1311.69458007812,883.979431152344,4245.037109375
2026-02-27,131.600006103516,2160.833984375,225.949996948242,225.190002441406,1285.52038574219,873.306030273438,4236.91650390625
2026-03-02,138.320007324219,2123.65063476562,222.25,222.929992675781,1273.57775878906,865.091857910156,4027.36328125
2026-03-04,133.960006713867,2075.57202148438,217,218.580001831055,1239.34252929688,854.516784667969,3845.04418945312
2026-03-05,132.240005493164,2088.26635742188,220.350006103516,219.229995727539,1244.91564941406,863.468688964844,3999.63403320312
2026-03-06,130.820007324219,2038.98840332031,219.059997558594,221.380004882812,1246.40844726562,843.10546875,3911.59399414062
2026-03-09,131.350006103516,1998.30651855469,214.710006713867,219.240005493164,1229.88793945312,827.021545410156,3804.93603515625
2026-03-10,132.199996948242,1995.60778808594,218.259994506836,223.979995727539,1235.26196289062,835.629150390625,3838.5078125
2026-03-11,132.710006713867,1973.8173828125,215.619995117188,222.270004272461,1227.7978515625,820.38134765625,3801.66772460938
2026-03-12,132.429992675781,2001.10522460938,215.139999389648,223.820007324219,1214.95971679688,819.200866699219,3683.52172851562
2026-03-13,130.320007324219,1960.22351074219,209.270004272461,219.520004272461,1196.44860839844,803.707153320312,3405.73486328125
2026-03-16,127.220001220703,1977.11596679688,208.389999389648,217.690002441406,1207.59509277344,826.923156738281,3435.8408203125
2026-03-17,128.220001220703,1974.51721191406,210.339996337891,218.979995727539,1201.12609863281,831.595825195312,3508.53100585938
2026-03-18,127.910003662109,2006.30285644531,214.029998779297,225.289993286133,1199.03625488281,829.333251953125,3573.00122070312
2026-03-19,121.319999694824,1935.93444824219,209.399993896484,223.199996948242,1180.62475585938,785.213012695312,3401.27856445312
2026-03-20,121.059997558594,1926.23876953125,209.339996337891,225.960006713867,1187.88977050781,767.751831054688,3401.57568359375
2026-03-23,110.720001220703,1832.18078613281,201.490005493164,219.179992675781,1161.21801757812,732.04248046875,3310.0693359375
2026-03-24,115.48999786377,1817.08752441406,206.119995117188,228.350006103516,1177.53942871094,752.454833984375,3482.78247070312
2026-03-25,119.290000915527,1885.7568359375,211.179992675781,236.179992675781,1198.33947753906,769.571716308594,3614.00073242188
2026-03-27,117.529998779297,1822.18530273438,205.5,231.729995727539,1187.49157714844,743.896362304688,3529.625
2026-03-30,121.190002441406,1758.01403808594,200.300003051758,231.539993286133,1169.17980957031,719.647399902344,3470.20532226562
2026-04-01,123.370002746582,1841.67651367188,207.410003662109,238.570007324219,1175.15100097656,730.17333984375,3572.60498046875
2026-04-02,120.580001831055,1833.38024902344,204.919998168945,239.470001220703,1185.60083007812,738.6826171875,3578.15112304688
2026-04-06,122.809997558594,1901.34985351562,207.800003051758,242.179992675781,1210.1826171875,758.45556640625,3691.64233398438
2026-04-07,121.779998779297,1881.2587890625,207.960006713867,245.350006103516,1216.95007324219,759.439270019531,3687.28491210938
2026-04-08,124.389999389648,2042.88659667969,216.309997558594,256.239990234375,1207.8935546875,802.82177734375,3967.1513671875
2026-04-09,123.209999084473,2039.58801269531,216.449996948242,254.330001831055,1222.82177734375,784.72119140625,3858.51245117188
2026-04-10,123.48999786377,2085.86743164062,219.789993286133,256.380004882812,1243.32336425781,797.116149902344,3921.59619140625
2026-04-13,123.76000213623,2128.04858398438,218.889999389648,255.050003051758,1220.23425292969,781.769958496094,3916.05053710938
2026-04-15,125.059997558594,2143.44165039062,223.759994506836,269.959991455078,1250.58837890625,796.72265625,4036.87060546875
2026-04-16,125.610000610352,2202.71508789062,224.699996948242,277.510009765625,1251.38452148438,782.507751464844,4079.94946289062
2026-04-17,124.800003051758,2217.30859375,227.570007324219,286.779998779297,1279.44958496094,786.885375976562,4056.47900390625
2026-04-20,125,2228.60375976562,227.169998168945,285.160003662109,1280.24584960938,782.507751464844,4011.81518554688
2026-04-21,125.220001220703,2225.00512695312,228.550003051758,289.220001220703,1373.29846191406,798.542541503906,4035.97900390625
2026-04-22,124.98999786377,2259.78955078125,229.339996337891,289.769989013672,1389.12243652344,786.885375976562,3982.20458984375
2026-04-23,124.080001831055,2298.97216796875,227.619995117188,289.890014648438,1403.75207519531,771.588317871094,4014.88525390625
2026-04-24,123.940002441406,2286.57763671875,225.779998779297,293.130004882812,1414.50048828125,772.080200195312,3975.47021484375
2026-04-27,124.25,2320.76245117188,229.5,295.100006103516,1410.51965332031,776.949645996094,4014.39013671875
2026-04-28,122.680000305176,2411.32177734375,229.179992675781,301.290008544922,1433.11096191406,769.817626953125,3998.64379882812
2026-04-29,121.580001831055,2424.81567382812,229.059997558594,301.100006103516,1458.58850097656,766.325378417969,4056.47900390625
2026-04-30,123.430000305176,2407.32348632812,227.399993896484,299.170013427734,1451.62194824219,759.144165039062,3975.17309570312
2026-05-01,123.430000305176,2407.32348632812,NA,299.170013427734,1451.62194824219,759.144165039062,3975.17309570312
2026-05-04,122.379997253418,2484.58911132812,228.690002441406,301.869995117188,1450.12915039062,766.718933105469,4061.13330078125
2026-05-05,122.160003662109,2460.89965820312,229.059997558594,305.040008544922,1470.73022460938,759.734375,4015.28125
2026-05-06,124.019996643066,2539.16479492188,232.740005493164,307.820007324219,1478.99035644531,783.58984375,3969.72631835938
2026-05-07,124.470001220703,2512.57666015625,235.679992675781,312.5,1468.93872070312,783.097961425781,3984.0859375
2026-05-08,124.309997558594,2504.78002929688,235.440002441406,316.769989013672,1475.30810546875,768.145263671875,3936.05517578125
2026-05-11,123.230003356934,2499.08251953125,232.919998168945,315.160003662109,1474.810546875,751.225158691406,3902.0869140625
2026-05-12,124.610000610352,2404.125,226.509994506836,323.369995117188,1461.57409667969,738.239929199219,3819.19653320312
2026-05-13,131.740005493164,2496.88354492188,228.419998168945,327.160003662109,1461.87268066406,737.403747558594,3877.92309570312
2026-05-14,131.779998779297,2711.6875,230.630004882812,325.390014648438,1452.6171875,757.029174804688,3902.28491210938
2026-05-15,129.410003662109,2714.7861328125,229.639999389648,329.040008544922,1423.65637207031,755.012512207031,3871.18872070312
2026-05-18,129.699996948242,2688.59790039062,229.570007324219,331.619995117188,1424.8505859375,756.143798828125,3879.90356445312
2026-05-19,130.639999389648,2723.7822265625,230.869995117188,327.269989013672,1424.55212402344,750.044677734375,3883.07275390625
2026-05-20,130.199996948242,2703.59130859375,231.929992675781,327.089996337891,1413.30615234375,747.142700195312,3872.87231445312
2026-05-21,130.740005493164,2696.39453125,232.399993896484,325.739990234375,1399.77124023438,746.798400878906,3890.5
2026-05-22,130.5,2716.08569335938,232.649993896484,332.130004882812,1416.29174804688,754.323913574219,3926.60009765625
2026-05-25,130.509994506836,2848.42626953125,233.949996948242,330.700012207031,1406.83728027344,774.047668457031,4033.39990234375
2026-05-26,129.580001831055,2967.97290039062,235.259994506836,330.339996337891,1421.76550292969,766.22705078125,4037.80004882812
2026-05-27,129.039993286133,2971.771484375,236.190002441406,328.739990234375,1420.67077636719,746.306518554688,4047.5
2026-05-28,129.039993286133,2971.771484375,NA,328.739990234375,1420.67077636719,746.306518554688,4047.5
2026-05-29,128.649993896484,2936.08715820312,233.100006103516,336.100006103516,1414.69946289062,732.435913085938,4076.5
2026-06-01,127.48999786377,2908.099609375,229.919998168945,335.829986572266,1385.1416015625,730.616027832031,4010.80004882812
2026-06-02,128.669998168945,2966.77368164062,230.399993896484,337.399993896484,1392.00854492188,736.075744628906,4000.89990234375
2026-06-03,127.639999389648,2924.29248046875,229.830001831055,339.359985351562,1384.84301757812,741.387878417969,3953.19995117188
2026-06-04,128.5,2971.47143554688,230.570007324219,341.980010986328,1376.2841796875,741.928894042969,3942.10009765625
2026-06-05,127.779998779297,3046.83764648438,230,342.549987792969,1379.568359375,734.895202636719,3953.19995117188
2026-06-08,124.160003662109,2968.67260742188,226.839996337891,330.890014648438,1392.20764160156,726.631958007812,3875.5
2026-06-09,125.389999389648,2978.56811523438,229.380004882812,321.980010986328,1403.65258789062,726.336791992188,3900.60009765625
2026-06-10,121.150001525879,2929.7900390625,226.029998779297,324.399993896484,1431.41918945312,734.698486328125,3917.5
2026-06-11,119.279998779297,2907.5,224.729995727539,321.640014648438,1415.69470214844,732.485107421875,3862
2026-06-12,121.919998168945,2921.60009765625,230.279998779297,318.029998779297,1369.11853027344,759.881958007812,4049.30004882812
2026-06-15,124.110000610352,2942.5,233.690002441406,330.190002441406,1368.12329101562,764.702209472656,4169.7998046875
2026-06-16,124.139999389648,2943.60009765625,234.490005493164,330.070007324219,1385.0419921875,772.129455566406,4186.39990234375
2026-06-17,123.75,2951.89990234375,235.369995117188,333.309997558594,1400.56750488281,774.293579101562,4207.7001953125
2026-06-18,122.120002746582,3013.39990234375,236.389999389648,331.760009765625,1393.70043945312,786,4190
2026-06-19,119.790000915527,3038.39990234375,237,328.410003662109,1408.03161621094,779.799987792969,4209.39990234375
2026-06-22,121.120002746582,3059.60009765625,238.229995727539,335.940002441406,1395.19323730469,786.400024414062,4201.2998046875
2026-06-23,118.900001525879,2962.89990234375,235.610000610352,333.5,1385.53955078125,774.650024414062,4179.39990234375
2026-06-24,117.559997558594,3069.69995117188,236.399993896484,336.299987792969,1375.98559570312,793.200012207031,4181.7001953125
2026-06-25,114.959999084473,3038,234.949996948242,325.820007324219,1395.88989257812,796.299987792969,4216.39990234375
2026-06-26,114.959999084473,3038,NA,325.820007324219,1395.88989257812,796.299987792969,4216.39990234375
2026-06-29,116.430000305176,2962.5,234.25,324.220001220703,1380.6630859375,798.900024414062,4165.2001953125
2026-06-30,115.970001220703,3036,235.190002441406,325.720001220703,1398.47741699219,797.950012207031,4143.39990234375
2026-07-01,115.459999084473,3143.60009765625,236.25,329.910003662109,1446.84497070312,796.150024414062,4092.60009765625
2026-07-02,117.690002441406,3177.5,237.119995117188,335.899993896484,1439.28125,795.900024414062,4059.39990234375
2026-07-03,120.309997558594,3212.10009765625,236.839996337891,332.779998779297,1452.81628417969,801.049987792969,4026.60009765625
2026-07-06,119.51000213623,3206.60009765625,237.589996337891,327.910003662109,1466.64965820312,829.849975585938,4041
2026-07-07,118.580001831055,3107.19995117188,237.059997558594,327.279998779297,1464.75891113281,829.299987792969,3991.89990234375
2026-07-08,116.959999084473,3046.89990234375,233.119995117188,324.700012207031,1443.56079101562,810.299987792969,3892.10009765625
2026-07-09,118.419998168945,3083.60009765625,236.300003051758,324.850006103516,1456.19995117188,817.549987792969,3886
2026-07-10,118.139999389648,3157.30004882812,239.580001831055,327.730010986328,1455.19995117188,824.950012207031,3945.80004882812
2026-07-13,116.949996948242,3177.5,239.339996337891,332.369995117188,1427,817.950012207031,3928.5
2026-07-14,115.980003356934,3188.89990234375,238.529998779297,333.239990234375,1427.09997558594,809.400024414062,3848.69995117188
2026-07-15,116.389999389648,3150.60009765625,239.119995117188,328.049987792969,1424.40002441406,815.450012207031,3783.89990234375
2026-07-16,116.470001220703,3151.39990234375,238.580001831055,333.609985351562,1423.5,808.299987792969,3775.60009765625
2026-07-17,115.790000915527,3160.69995117188,237.75,332.899993896484,1427.19995117188,819.599975585938,3814.5
2026-07-20,116.839996337891,3183.30004882812,238.929992675781,327.959991455078,1446.30004882812,777.599975585938,3838.80004882812
2026-07-21,117.730003356934,3182.69995117188,239.270004272461,322.809997558594,1451.90002441406,761.450012207031,3846.60009765625
2026-07-22,119.139999389648,3147.69995117188,237.070007324219,323.440002441406,1493.59997558594,753.150024414062,3817.39990234375
2026-07-23,118.690002441406,3010,235.080001831055,328.839996337891,1447.90002441406,747.25,3792.39990234375
2026-07-24,117.910003662109,3026.39990234375,234.830001831055,328.149993896484,1443.5,742.799987792969,3785.60009765625
2026-07-27,118.620002746582,3036.60009765625,237.470001220703,322.109985351562,1446.09997558594,739.549987792969,3806
2026-07-28,116.830001831055,3002.30004882812,237.089996337891,318.459991455078,1491.80004882812,735.400024414062,3832
2026-07-29,116.849998474121,3024.5,238.889999389648,315.359985351562,1503.30004882812,748.200012207031,3931.39990234375
2026-07-30,117.370002746582,3049.10009765625,238,312.190002441406,1520.69995117188,753.950012207031,3937.69995117188
