"Date","GOLDBEES","ADANIENT","MID150BEES","MON100","NESTLEIND","HDFCBANK","LT"
2020-01-02,0,0.0161173590854389,0.011635186816406,-0.0025281502842075,-0.00336277351286118,0.00637425363033262,0.026986009016049
2020-01-03,0.0305677757904086,-0.0137311416258943,-0.00450720084921785,-0.0047603455923636,-0.00921649952301107,-0.0142606475564928,-0.00761917456358274
2020-01-06,0.0211864397647474,-0.0420065718432924,-0.0215457426551149,0.00648088152094672,-0.0121251365899065,-0.0216414047959872,-0.0137074476422064
2020-01-07,-0.0179806776885911,0.0225506202320289,0.00941439556129198,0.020355550033764,-0.00873297445519627,0.0158346646864143,0.00284788725295826
2020-01-08,0.0169013654681998,-0.0124970034834363,0.000790437133805444,-0.00936274139137216,0.0070324077071684,-0.00261780540006418,-0.0219234228408398
2020-01-09,-0.0290858526715245,0.0322581977434795,0.0104248907454698,0.0131258151069114,0.0175245939853765,0.0112143459935836,0.0190468350700435
2020-01-10,-0.00285302357482964,0.00528848497727075,0.00734721293941476,0.00476731422307242,0.00289548357443836,0.00888783143116312,0.00642023736695241
2020-01-13,-0.0057224823626193,0.0215207643186104,0.0046554222687385,-0.011743547999829,-0.00187937872274102,0.0025728050724807,0.00762495378444084
2020-01-14,0,0.00351124173109274,0.0040160973866199,0.00196192774673531,0.0143504292996244,0.00272156038166016,-0.00644343940991376
2020-01-15,0.00863307157008775,0.0104968681517781,0.0129230205829327,0.00577867384056696,-0.000564942975627036,-0.00407120959282314,-0.00188534122684647
2020-01-16,-0.00142651178741482,0.0156970776645964,0.00516409456556244,0.00476414508215006,0.0332901525916791,0.00264753507272442,-0.0032486871053552
2020-01-17,-0.00142854963030137,0.0381819384146194,0.0081595786194808,0.0105386264169156,0.00550640929972879,-0.00737791616676786,-0.0114453961258262
2020-01-20,0.00801140981930337,-0.0080998510431165,-0.00509598262986322,0.0192050230552805,-0.00143792067574366,-0.0181904915068366,0.00414044941078218
2020-01-21,-0.00283844664832333,-0.0101523412396968,-0.00165713490363095,-0.0188737127687505,-0.00885362648371668,-0.00840701090923668,-0.00553606586978317
2020-01-22,0.00455450733126583,0.00735778919958685,-0.00316884103078685,0.00980541524287504,0.0175350881706051,-0.00281254948335175,-0.0062579223668624
2020-01-23,-0.00226698296909045,0.0163789159550161,0.0151377541168243,-0.000694662745241659,9.62288991757099e-06,0.00322348367669933,0.0294392041687792
2020-01-24,0.0053962637417404,0.000653364933446143,0.00790335220089733,0.000834221908920796,0.0132902648438613,-0.000240897642076243,0.0201905844297767
2020-01-27,0.0127117776510044,0.00348215886605252,-0.00236715551684608,-0.00719296446112649,-0.00567729187379706,-0.0251899223467926,-0.0077987374507098
2020-01-28,-0.00362614390379434,-0.00281953662138901,-0.00029655410019136,-0.00907959633955124,-0.0159198563223374,0.00824286184491863,-0.00144585050345669
2020-01-29,-0.0030795242607049,0.0104393934061662,0.000741661766017421,0.0114692294294771,0.0291958014125659,0.0103414394024104,0.0141460419041857
2020-01-30,0.00898623109630603,-0.00344380190954208,-0.00667057447893982,-0.00502590647207946,-0.0218034806456306,-0.00792949374993568,0.00329511363813295
2020-01-31,-0.00166995192823227,-0.00885527968590716,-0.00328311018787708,0.0112561019517325,-0.0103957593318503,0.000203772799419299,-0.000656719923186277
2020-02-03,0.00111516355501728,-0.0372630549684331,-0.0130259430252496,-0.0137207957906301,0.0613011170205493,-0.0273179401367617,-0.0603595223960669
2020-02-04,-0.00918958556835536,0.0205976320896124,0.00895030315038903,0.0106760245958091,0.00948402327225417,0.0310193798496441,0.00396387429159573
2020-02-05,-0.00758854535887099,0.0479041048396005,0.00887079114329525,0.0211111626360954,-0.00429926276134018,0.0120752088721054,0.0141669286094581
2020-02-06,0.00764657171517147,0.00105820285295977,0.00700448929047881,0.00610393138618126,-0.00609740858332875,-0.00389666367908414,0.0057630520801264
2020-02-07,0.00337265108794993,0.012685010920771,0.00695576769018591,0.00349252732614347,0.00263142857396148,0.00193566487362129,-0.0141166672885463
2020-02-10,0.00700280097079231,0.0208767973025581,-0.0101411292198966,-0.00583575798412206,-0.00952978929305814,-0.00152946723979674,-0.0105465030784354
2020-02-11,-0.00361616315316604,0.00327202702739338,0.00489980458101247,0.0131434340968983,-0.0108242258337963,0.000241886988920026,0.00124477322746008
2020-02-12,-0.0016750802289841,0.0179372369165043,-0.0026595789651912,-2.97721385963401e-05,0.0187878981306124,0.00677077541725701,0.00808165108117898
2020-02-13,0.00531326762652107,0.00700842159796622,-0.000888852719907463,0.00427481547542752,0.00702536902575468,-0.00608477121585393,-0.00389280951479154
2020-02-14,-0.00278170477596906,0.0186915211949747,-0.00533808714886008,0.00557655815595526,-0.00339657294242957,-0.0177623074441406,0.00224411558976989
2020-02-17,0.00223157139357877,-0.0142494151837614,-0.0116278884616215,0.00728596404582826,0.0141838633498605,-0.00180406428575874,-0.0115431552022889
2020-02-18,0.00584467249343179,-0.0120792644471412,-0.00361999218878917,-0.0121678205434984,-0.0111283752007286,-0.00320423157911276,0.00480384663194888
2020-02-19,0.0157719896084858,0.0182401346720471,0.0136240018035214,0.00306831409304076,0.0232385985903203,0.0114980868736663,-0.0038479303647474
2020-02-20,0.00299647543162407,0.0183070449067695,0.00746714466601506,0.0140976550358165,-0.0146294272525902,-0.0082302800216798,-0.000624439426099133
2020-02-24,0.0478001670510029,-0.044074950432729,-0.0201601041922427,-0.0386885068021403,-0.0122279999479433,-0.00587450528215705,-0.0163203417145248
2020-02-25,-0.029549070768267,-0.00323563435006924,0.00075647583830718,-0.00748830205786633,0.00264734635923403,-0.00797557789888204,-0.0140110866897687
2020-02-26,0.00213680112150483,-0.0148102568720367,-0.0120937722343791,-0.0343942661851977,-0.00856823822612407,-0.00087470843961579,-0.0248783495779241
2020-02-27,-0.00373132697069223,-0.0356260766573701,-0.00749805470865572,0.00131279552681729,0.00145309650177117,0.000166595731478703,-0.000660770389614096
2020-02-28,-0.00026757988080961,-0.0661967990388521,-0.0353068284609585,-0.0520005664169009,-0.0298144962585812,-0.0181749151677459,-0.0188374142844722
2020-03-02,-0.00909821146122103,-0.000228648146730626,-0.00015979417583456,0.0285928454673527,0.020983674410511,0.0016557974827518,-0.022441080346004
2020-03-03,0.00243046598851659,0.0327081107017282,0.0164641744994689,0.0415674153869903,0.0154842087288185,0.00186519050731992,0.0175727474833076
2020-03-04,0.0264008504966455,-0.0205980950055985,-0.0155685119687251,-0.0201097331414544,0.0111313509196365,-0.0278813174143914,-0.00393639490247522
2020-03-05,-0.00157473913376938,0.00293990706720826,0.00575080861224597,0.00723759531672119,0.00210359590963582,0.0021760274123348,0.00492906193239762
2020-03-06,0.0265509541857276,-0.0315671326975188,-0.0196950108291114,-0.00852506104657835,-0.00886806987311572,-0.0142874487399288,-0.0199160821667674
2020-03-09,-0.0151088390298341,-0.0700815103388855,0.045528151377469,-0.0346317818812092,-0.0242217974367799,-0.024319292193864,-0.0491416653090723
2020-03-11,-0.0072802596454018,-0.0197796576985643,-0.0909654275984279,-0.00263417588065085,0.00107290594425913,0.00587018045347643,0.0136123190541064
2020-03-12,-0.00576221107764896,-0.171647586437328,-0.0756903961516949,-0.0525586303461488,-0.0300961857097667,-0.0830491827767652,-0.0898876029829052
2020-03-13,-0.0353003209933166,-0.082639473006405,0.0108815960771798,-0.0297233480461973,-0.0368601213262648,0.0474885863492602,0.0343317365135432
2020-03-16,-0.0259421297282534,-0.0944536992208824,-0.037766824356128,-0.00772132008941284,-0.0396619953379512,-0.065713206474588,-0.0787007688282414
2020-03-17,-0.0235490995517329,-0.00965116123417253,-0.00815320992587953,-0.0427614736550137,0.00998823181814079,-0.0244121910284046,-0.0123360544059804
2020-03-18,0.017513544748379,-0.0239879788041742,-0.0730261822698914,-0.0220806337170146,-0.0690600952759705,-0.100707581867686,-0.0545598407523212
2020-03-19,-0.00648982932135311,-0.00998472729106314,0.157764434860369,0.0182875977465935,-0.0307680180619107,0.0212679877007071,-0.0679343507176857
2020-03-20,0.025560964194282,0.0682701725288999,-0.127182035398543,0.051010921947346,0.0781387766665247,-0.0141811839757697,0.0256197757649146
2020-03-23,-0.0301855478860176,-0.11577898219632,-0.132857108602718,-0.0898630562118338,-0.0848929978906324,-0.126068864691075,-0.162657593108623
2020-03-24,0.0391204715584477,0.0781637857671165,0.0232995487093908,0.0735506656622744,0.0412293114293745,-0.00499010486046203,-0.00861260120065943
2020-03-25,0.0164881093399809,0.0149596582997471,-0.0365685411528897,0.0607657673699618,0.0716521360120685,0.115995892056936,0.0817203751269924
2020-03-26,-0.00729928211711461,0.0600906571795368,0.123657206508717,-0.0552805999645123,0.0329235158507255,0.0517652680692782,0.0943519936202477
2020-03-27,0.0394879330076019,-0.0873438484207347,-0.0365413476068549,0.0465798686051853,0.0126644703997925,0.00371773587253821,-0.00113371366055626
2020-03-30,0.041131872801577,0.00546867957623975,-0.0324144973641998,-0.00655705914975957,0.0364065849658697,-0.0804908887750044,-0.0458752077164072
2020-03-31,-0.0385003152836598,0.069152947848973,0.0642661719731208,0.0448537086849423,0.0409964321774245,0.0363735908255176,0.0123331371060262
2020-04-01,0.000785202688118769,-0.0265259293355862,0.0355460346957739,-0.0417904623564153,-0.0396334513856487,-0.0374172847793049,-0.0422386948534954
2020-04-03,0.0143828246056343,-0.0365810260582132,-0.0769231011942305,0.011377299834197,-0.03512726409322,-0.0190443826508726,0.000387406628275633
2020-04-07,0.0226861880033036,0.0705153562912864,0.017473091172975,0.0724373382329724,0.128040022852823,0.101062831825571,0.034854559799937
2020-04-08,0.00302502526143233,-0.000361881264176356,0.0319242805238784,-0.0121233380583874,-0.00982463054126481,-0.00803463945475591,0.00679840727647085
2020-04-09,0.0251319421209102,0.0314988349565342,0.0409644127885063,0.0230557565226104,-0.00187017369354869,0.0406681543132823,0.00706237782827746
2020-04-13,0.0416768993572716,0.0249210990137416,-0.032793651543244,-0.0103627594860347,-0.0142371454129071,-0.0321064280198515,0.0647761856246096
2020-04-15,0.00423620812822256,-0.00513698791663808,0.0288196789559094,0.0408396633793737,0.0437320170057622,-0.0357960303159621,0.0169851822391822
2020-04-16,0.0138270489314736,-0.013425175472624,0.0115345289823103,0.0276857273804139,0.0328614359877411,0.0190547703052857,0.0357894035582489
2020-04-17,-0.0182616072926857,0.00418704311504303,0.0120138494248669,0.0278868665090661,-0.0319052506116598,0.0347257502125977,0.0233093308893557
2020-04-20,-0.0216623959783193,0.0194580273415192,0.0331991486087062,-0.0179481491364405,-0.0200816615345687,0.0379546322968021,-0.0185443425899585
2020-04-21,0.0120336945651258,-0.0732789244596779,-0.0426484652733277,-0.00349490608031477,0.00229440022389671,-0.0245542308216803,-0.0494211683240924
2020-04-22,0.0133175120915927,0.0121367974113629,-0.00793326669770056,-0.0263413700709402,0.0368313939944827,0.00754075710344182,-0.0203939414145217
2020-04-23,0,0.0210755680596753,0.0241952079987717,0.0080148440751111,-0.0116766463056539,0.0283761936868396,-0.014074672967194
2020-04-24,0.00187744696577141,-0.041636941683122,-0.0100100098571165,-0.0036196696175177,-0.00172061976636662,-0.0176973995596195,0.0126100791971191
2020-04-27,-0.00304514541109957,-0.000371174113730888,0.0291202953385634,0.0321218447804252,0.0312966703840856,-0.00890134858887748,0.00475803868851532
2020-04-28,0.00281952368450988,0.0349179879258819,-0.0117901057440991,0.0052044678778751,-0.0212329611960802,0.00182852865446437,0.00222153801801173
2020-04-29,-0.00726338732601706,0.001435794815144,0.00417576219227733,-0.0194085706192829,-0.00455046602404607,0.0490659398159505,0.0212331337705738
2020-04-30,0.00472033910741843,0.0136201654182813,0.0255445725846999,0.0182667003686219,0.0248688504389962,0.0252789505701159,0.0253612114910808
2020-05-04,0.00375851182896669,-0.0696605832511923,-0.0318594612224502,-0.0394298592141927,-0.0261204879337138,-0.0786584430497791,-0.0522533084104139
2020-05-05,-0.0278492543753185,0.00874201974146294,-0.00698042437936985,0.0261330117866079,-0.00200198627233039,-0.0125136350248926,-0.0161641607711115
2020-05-06,-0.00433318009650063,0.00414452706206658,-0.0136573667939764,0.0136840743776103,-0.00644027150303039,0.0383455752407644,0.000477988967152898
2020-05-07,-0.00725336635960938,0.0123828367738268,0.0122174397610295,0.0181941667801482,-0.00963939067246433,-0.0226120631031422,-0.0172579253225881
2020-05-08,0.0109594966680859,0.01667902755188,-0.00543151202446934,0.00297564692166774,0.0385300510249864,0.00437834752169475,-0.00838548833295483
2020-05-11,-0.00819080140534523,0.021144717279546,0.00202270007273686,0.00468532346963602,-0.0135287532451926,-0.0142618847982374,0.00692455683703819
2020-05-12,0.00170035250509892,-0.00107113386561863,-0.00545015043952179,0.00739729165637293,-0.00570250464341149,-0.0155601681268652,-0.00827656335221016
2020-05-13,-0.00654705254060772,0.00893506702612856,0.0196874611668545,-0.0151066653735115,-0.0543811435589042,0.0289501806716108,0.0590330247811877
2020-05-14,0.0126922246099641,-0.00177127445571368,-0.00477710331306902,-0.0143660000319255,-0.0163422216252006,-0.0365977956063523,0.0101400867456483
2020-05-15,0.0074716207773653,0.00106478078972105,0.000800018310546768,0.015875925104329,0.0123934082288779,-0.00621010162164382,-0.00831741369569483
2020-05-18,0.0177033897601295,-0.0365120800127325,-0.024780208948438,0.0229559940133348,-0.0123725909592519,-0.0579857151170308,-0.0590585743914589
2020-05-19,-0.0275035721312249,0.0279619299591511,-0.0145491617945243,-0.00332290669883373,-0.00554497354839434,-0.00717151955383544,-0.0209011667839311
2020-05-20,0.0123278257045687,0.0118108955382632,0.0126845624540664,0.010723766710669,0.0094797960880828,0.0318425649120702,0.0485339524743937
2020-05-21,-0.0107450036165843,-0.0215775014571932,0.00616014850843372,-0.00268469098598823,-0.000487531282787668,0.00285841633600881,-0.0173652081116071
2020-05-22,0.00531019114367814,-0.00144617624141563,-0.00857139120296557,-0.00796105075907239,-0.00492770812722687,-0.0240823007671362,-0.00584994519822324
2020-05-26,-0.0108043396507405,0.0101374516375099,0.00864549512381507,0.0275533211939578,0.027134986114405,0.0161530849069489,0.0120753465733601
2020-05-27,-0.0133494957979536,0.0107529122836425,0.00428569560148273,-0.0104785890319458,0.00368351829859792,0.060124256422615,0.0306462306689459
2020-05-28,0.0132840610223914,0.011701999963968,0.0258077724322576,-0.00306607510438206,0.016310272678244,0.0460355236416041,0.0642298499374752
2020-05-29,-0.00485547353508531,0.0399581029124032,0.0174326679099699,-0.0118466303934313,0.0324707906963162,0.00677079168173345,0.0295418205633504
2020-06-01,0.00536709921925738,0.0144925293783797,0.0147974749318835,0.0106917497795249,-0.0203724642167392,0.0378289475948452,-0.00439795768223838
2020-06-02,-0.000727949040605025,-0.00365444586456154,0.0270529523466574,0.0109779484922043,-0.00983502504145572,0.0135169641541322,0.0186392456318125
2020-06-03,-0.00728507126851186,0.00466826527674602,-0.00672521237737811,0.00878556841520539,0.0231039747130546,0.0212287567157246,0.0167644621882039
2020-06-04,-0.00171232125722265,-0.0175904268227091,0.00282116853572734,0.00376051716149917,-0.0121185677246145,-0.0201027150138638,-0.0318319049332012
2020-06-05,0.00931137565868023,0.0300675148562772,0.0127531940935437,0.00281319507068201,-0.00580035256386524,0.0315962884088437,0.0263779485748794
2020-06-08,-0.0131099082018402,0.00131194616824892,0.000555532949942039,0.0142767851835575,-0.0152456847139124,-0.0168868060639147,0.00638577086295689
2020-06-09,0.00861004824066924,-0.00491330195404305,-0.00425688594174944,-0.00194430321352201,-0.0168475848463725,-0.0281523401864907,-0.00837350073017529
2020-06-10,0.00512192888957697,-0.000329023024257524,0.0107807033323366,0.0213195165276336,-0.00107853104737399,0.00460849794813689,-0.0070807409730097
2020-06-11,0.0126183079183713,-0.000329232091089371,-0.00680402242211386,-0.00639395428512279,0.00816772762906104,-0.0234411571393701,-0.017009134119506
2020-06-12,0.00167744298087924,0.00329370763029657,0.0235141732499802,-0.019089112056246,-0.00674047092594199,0.0146088246049028,-0.00435277823095537
2020-06-15,-0.00933012910925268,-0.0200262306032345,-0.023154826475435,-0.018619815311806,-0.00581952858291013,-0.0334775185391691,-0.0286052978134977
2020-06-16,0.0106254196650639,-0.0204355786919269,0.0103703958016854,0.0298991344045658,-0.00354867392959324,0.0426909745233972,-0.00538952497909462
2020-06-17,-0.00477889977381629,0.00649809700232606,-0.00549858951991655,0.0136087967695102,-0.00880873970112572,-0.0112581914192816,-0.0114519007187068
2020-06-18,0.004561791590594,0.0047569893206667,0.012900862229877,0.00856955909257695,-0.00118508711560861,0.0415625199424561,0.0133929396967496
2020-06-23,-0.00165523039273607,0.0164887124711746,-0.00896243456844181,0.00535360828932241,0.0252558063531667,0.0131714037348267,0.0662844885896692
2020-06-24,0.0113690082510218,-0.0152670655945306,-0.00539132823114807,-0.00411241347705893,0.00963835942993074,-0.0094023374368738,-0.012453377652746
2020-06-25,-0.00913347500421891,0.0442505817840428,0.000349719500680967,-0.0152339484072989,0.00473126334952823,-0.00363198491579209,-0.0130291971262047
2020-06-26,0.000472712292944877,0.0030931982770861,0.00856496567572562,0.00878984106384961,-0.00652272011512445,0.0269259363873717,0.020252444784342
2020-06-29,0.00377982141486055,-0.0148011900520707,-0.018544188573243,-0.025979868676587,0.00283906361473663,0.0185526211197284,-0.0266057454717734
2020-06-30,0.00282416867838298,-0.0219092415717126,0,0.0107648262253803,0.0268821214471049,-0.00947908064855363,0.00752721830330616
2020-07-01,0.00915276658207076,0.00896008185985941,-0.0139502189762829,0.0207862938300449,-0.0218696888339064,0.0175916469376576,-0.0205055351201149
2020-07-02,-0.0176743795705396,0.00348860607085411,0.0227435611442206,0.00880276632939858,-0.000565283468408784,0.00442565716732934,0.018392328539875
2020-07-07,0.00354856185373165,0.0240560745817062,-0.000851550591252082,0.00957293813124305,0.00657083086233556,0.00194946869762358,-0.00798985395756524
2020-07-08,0.0139085379079487,-0.0306274067156929,0.00323849407424759,-0.00189647255907166,-0.00652492146550709,0.00470492423209645,-0.00249048295651588
2020-07-09,0.00744021209043555,-0.00153383664480133,-0.00373770333710177,0.0161050867858825,-0.00255597688211451,0.0131491215846862,0.00393097897936601
2020-07-10,-0.00300025531090709,-0.0187403688235769,-0.00119371922839029,0.00736522442869791,0.00441525166044965,-0.0176453009877298,-0.0135456803982416
2020-07-13,0.00138883235032772,-0.0228553425081774,-0.0064879813914156,0.0152288269179894,0.00735160000385315,-0.0224866589545818,-0.00429117856027006
2020-07-14,-0.00323623197134404,-0.040371649980309,-0.0094517829530949,-0.0169034194296468,-0.00360023690030753,-0.0198101634145045,-0.0164305170779104
2020-07-15,0.00231916259961706,-0.0133555967487783,-0.014052698944671,0.00323886561516629,0.000766438966521621,-0.00538305102948511,-0.000766879187961034
2020-07-16,-0.00231379652924346,0.00778329606830086,0.00651062678098624,-0.0141244106570411,0.0347097298776702,0.00892543426574832,0.00981140485032594
2020-07-17,-0.00556581330506634,0.0181331268583036,0.012587367069973,0.0107322910707346,-0.0151864962549473,0.0337866716955626,0.00477669394431546
2020-07-20,0.00443093801250538,0.0600263214368701,0.0101864670448872,-0.00530284150385218,0.000989425735390626,0.0314991245141176,-0.00642862441074854
2020-07-21,0.00441139141061608,0.0410703504859342,0.00683646449074837,0.0282842361247821,0.00165838133096163,0.00485396985474273,0.0200630892650573
2020-07-22,0.0143320104169633,0.012552231984053,0.000509230680267869,-0.0187210828457383,-0.00716329428577489,-0.0107154063869911,-0.018282489273674
2020-07-23,0.0141294192523453,0.00324680867939109,-0.00169661480235905,0.0123573967992234,0.00609555644128612,0.0035956018576675,-0.00472381810453926
2020-07-24,0.00943816109989459,-0.0070609385705187,0.00356898511094617,-0.0336800430594892,-0.000263780924069867,-0.00999622060319449,-0.0132561546484341
2020-07-27,0.0340606112279827,-0.0165925623381825,-0.0110075820419943,9.01787121792008e-05,0.00570374945160634,-0.0353856365698872,-0.000663545114938935
2020-07-28,-0.00947260353453661,0.0457969604307142,0.00136982901142524,0.0143966132834541,-0.0146885145872961,0.00662336729272228,0.0107325389347146
2020-07-29,0.0110845936717145,0.0319793191902544,0.0121408873124198,-0.0146623378662821,-0.0291042888960926,-0.0202917203046507,0.00925024008178577
2020-07-30,0.000644857674154897,-0.0226132074439944,-0.00929209747966386,0.00041260176698632,-0.00444940223073598,-0.0131034414439037,-0.0148598321951513
2020-07-31,0.0126745469872782,0.0011426535315564,0.000511575368504769,0.0265264123889182,-0.00010873294073932,-0.0169895005748083,0.00572534238819533
2020-08-03,0.0031820434412615,-0.0171184940859573,0.00801092952738314,0.0112505334713453,0.000157260442366525,-0.0298219164875979,0.00268198575441825
2020-08-04,-0.000634438431239004,0.0571844520378966,0.00558001072811054,0.00912624740127699,0.00334025001665728,0.0395709102010811,0.00911684758931153
2020-08-05,0.0264494296317073,-0.0137287237135739,0.00437192393133312,0.00132879805311137,-0.00462297215561536,-0.0135361489697057,0.0103682587766172
2020-08-06,0.00803964580169003,0.0353562025060628,0.0120542646278441,0.00199069266335905,0.0105312133513007,0.012797280534856,-0.00388868419787947
2020-08-07,0.00552140357139908,0.0373755210898183,0.0160462761582054,0.0142380995732265,0.00668267053402394,0.00302687167660332,-0.00704879687782689
2020-08-10,-0.0156598875684465,0.0145155062942943,0.021165794375017,-0.00731537351126121,-0.00731742158075066,0.00651440696776096,0.0484901608240695
2020-08-11,-0.0227273193003972,0.000766463881894719,-0.00605869038136753,-0.00838017874034602,-0.00257695942640424,0.0152286960388881,0.0019270094818189
2020-08-12,-0.034249449429493,0.00944586675742798,-0.00272701288460808,-0.00550307893522484,-0.00493005754709985,-0.00276561892407023,-0.0126311413521901
2020-08-13,0.00678636977276659,0.0154275458086177,0.00836417038891635,0.0133025802944273,-0.00402945574045654,-0.00437165247342697,0.0431164847880716
2020-08-14,0.00717542953497929,-0.02266505887401,-0.00685915320777464,0.000560679905990957,-0.00725378919719921,-0.0232284003462998,-0.00797410670705467
2020-08-17,-0.00367008139173863,0.00815496245965597,0.00449731130007591,0.00696836940453349,0.00416998647556821,-0.0016433691397667,0.0183148939518316
2020-08-18,0.0251354238149186,0.0803842383815971,0.0113527194448182,0.00741617745143119,0.00801949240350597,0.0229967710254397,0.00374703805185517
2020-08-19,-0.00908899371578842,0.120964022346657,0.011225281967947,0.00670116859753178,-0.0126160883048771,0.00955993413672385,0.00452937884715632
2020-08-20,-0.0255972853156698,-0.0231685495482368,0.00562852744691411,-0.0122393584566614,-0.0081855824278575,-0.00712539300023685,-0.0132295996571078
2020-08-21,0.000875676778899104,-0.00277770039236369,0.00948384038006522,0.0262674255580748,0.0215892654745653,0.025165200383751,-0.00160673255914612
2020-08-24,-0.00481192508375317,0.0657809838853833,0.0115509009159855,0.00136513347647549,-0.00502065139535091,0.0289227383673365,-0.00281660670514217
2020-08-25,-0.0125274658203125,0.236630449269083,-0.00563341572568288,-0.00252669386935356,-0.0115663520236117,0.00237237934941592,-0.0110454113099098
2020-08-26,-0.00289341347055938,-0.071533010876331,0.013474275236697,0.0169184555073474,-0.00602586306625785,-0.00111645574093078,-0.0116789513017665
2020-08-27,0.00558035723789008,0.0040273061539382,-0.0046835651390511,0.0136593505601215,-0.00471590447426162,-0.0056775407521974,0.00686296441198619
2020-08-28,0.00110986099683252,0.00540627498963708,0.0121433376610578,-0.0167098859231374,-0.000772477187212517,0.00215828685671515,0.00640651102985035
2020-08-31,0.00532154515713601,-0.0301822721926739,-0.0308937844805897,0.0138090172668142,-0.00942169667855774,0.00121135563920438,-0.0375821895256596
2020-09-01,0.0026466460406025,0.00554498943071247,-0.00324975356773349,0.00408162408418011,0.0155083591562759,0.0102612294055995,0.0108471531083616
2020-09-02,-0.0101187658103093,0.0425112089070254,0.0166123215958405,0.0169454891393834,-0.0126167396584717,0.00607644588696332,0.000366441042394916
2020-09-03,-0.0124444749620226,-0.00614217422649199,0.01038485446418,0.00449142180326612,0.0250866574756416,-0.00286566215243245,0.00586049329409799
2020-09-04,0.00630068862841626,-0.0209441716785065,-0.0163240896504547,-0.0513978424929449,-0.00982989517788269,-0.0102573174166106,-0.0194038480374701
2020-09-07,0.000670813472227527,0.000350757133099178,-0.00399511568708044,-0.0178527166608783,0.0105280312224747,-0.00786222634016709,-0.0109813474719973
2020-09-08,0.0015642389904853,-0.0264680498046406,-0.0117248093151588,0.00157172153488272,-0.0168864568350614,0.00175603883883668,-0.0165747998836347
2020-09-09,0.00267735235836297,0.0192653010662731,-0.0120199293226965,-0.0123985776352176,0.0115336050709653,-0.0143375922954055,-0.00785414992650091
2020-09-10,0.00623058750668792,0.0538773743097705,0.0109021743834372,-0.0030566810274224,0.00663309370741882,-0.00542642193265186,0.0125893108926787
2020-09-11,-0.00110577289712499,-0.00771023890259726,0.00437640819002039,0.000474435263303707,-0.00580674384358371,-0.0109119371604661,-0.00385467693276953
2020-09-14,-0.00309938887145422,-0.00962849510122576,0.0376594785013382,-0.015152739596577,-0.014826565635125,-0.0191906614965579,-0.0166776202057398
2020-09-15,0.0117699890819853,-0.0156915904037624,0.00809839401703516,0.00439592470901418,-0.0026332078182052,0.0118624579739577,0.00870202366652761
2020-09-16,-0.00395084064420825,0.029631062701108,0.000743758129357008,0.019006937732061,0.00977805602972515,0.0216255533879683,0.0130225332577054
2020-09-17,-0.00881448912437233,-0.0114440022980304,-0.00341899418784597,-0.0244314589333133,-0.00471954163588173,-0.00918937321458502,-0.016814915130364
2020-09-18,0.00755891854264323,-0.00732038667614388,-0.00193909981567231,-0.00810040532219614,-0.00212782576892478,-0.0242709059062312,-0.00617889088963319
2020-09-21,-0.00706089357853112,-0.0495626647709629,-0.035570239912575,-0.0282650488032015,-0.0407967151545636,-0.00756648734240151,-0.020928182147946
2020-09-22,-0.0164444817437066,0.0119089287199428,-0.0100727990621035,0.0304729386451359,-0.015002432116823,-0.0132469340425067,-0.0287463808297301
2020-09-23,-0.00632622661353899,0.0112339449971872,-0.00500938775005655,0.0118909038333257,0.0109740837114145,0.0114448833931866,0.00478676158615898
2020-09-24,-0.0140972928226011,-0.046199940008909,-0.0127438853963177,-0.0287812786361645,-0.00697629236671349,-0.0160897784530336,-0.0115035187912732
2020-09-25,0.0059962711686663,0.0364208050987476,0.0132271208136205,0.0142786414266771,0.0313227490737609,0.0131987533218114,0.045315583891739
2020-09-28,-0.00710677593270526,0.0549411973704481,0.0221767221155718,0.0210977690101115,-0.00108039683020444,0.00976982934845227,0.015293912252365
2020-09-29,0.019395061786027,0.00743989230051567,0.000615493411943113,0.00768240664200159,-0.00629449072970723,0.00792086270630987,-0.00819630658403026
2020-09-30,0.000679474026275884,-0.00268534262980913,0.00169153640498898,-0.00549941028790579,0.0190640288851409,0.0151051823623107,0.00686808179977549
2020-10-01,-0.00181081553875218,0.0371928014411209,0.00951800356756771,0.0103271568639687,0.00514205779736376,0.0262838879012275,0.00133099736906628
2020-10-05,0.00181410054019926,0.0598735262189265,-0.000608286408575132,-0.0153807438120518,0.00204043305202428,0.00668547202239789,-0.00647982232958122
2020-10-06,0.00973291765969964,0.00168385821968142,0.00684718411265695,0.0135717528987169,-0.00974847678775836,0.0266970253662948,-0.00484982310833759
2020-10-07,-0.0147948854154232,0.00901724575849006,-0.00392919017727822,-0.00581115671151011,0.0149619060734165,0.0158640823503209,-0.00526552472008546
2020-10-08,0.00113763904875075,-0.0419569164048303,-0.00348965777809263,0.00893816900856237,0.0118032376092339,0.0254247461667874,-0.00771491470891428
2020-10-09,0.0090909437699751,-0.0102767317107302,0.00015228587369065,0.00774873504886142,-0.0165904450373788,0.0350309936319875,0.0310993640872148
2020-10-12,0.00878376973525841,0.00750799993507356,-0.00913390289566229,0.0139408802582124,-0.00822634678598333,-0.0161322972207719,-0.00297219918107106
2020-10-13,-0.00156284200476431,-0.0068177172914462,0.0104470785594426,0.0290814410119873,-0.0144130163493779,-0.0125242192441102,-0.0102676389707743
2020-10-14,-0.0127459677832106,0.000638491604138425,-0.0139881133632732,0.00291546006506271,3.00358527960398e-06,0.0108890793174177,0.0209158846341033
2020-10-15,0.00339745653448542,-0.0201019958148552,-0.018658428881159,-0.0255679674926234,-0.00448525711280234,-0.0348741267815819,-0.0288462282719572
2020-10-16,0.00428899423653473,-0.000325786364470337,0.0142992405851186,0.00848005228860771,-0.0110556084154874,0.0257431311593792,0.00596304556440486
2020-10-19,0.000674281370310448,0.0324106058530658,0.00681634068489378,0.00458876147512477,0.0429609633460502,0.00350182311522218,0.00984244957431923
2020-10-20,-0.00179698630350611,0.015617483238255,-0.000615493411943113,-0.0155118426008135,0.00990494905370354,0.0169499052871767,0.0159485308545331
2020-10-21,0.00787583932570168,-0.0307548463042072,0.00554273483089518,-0.00785454170400024,-0.0136412141432868,0.0185872372418658,0.00779466525283601
2020-10-22,0,-0.0016027607625253,0.00107180672853979,-0.000106854266536893,-0.00757284204835273,-0.0107483310883618,0.012818418532716
2020-10-23,-0.00312568400952862,0.0126806528547116,0.0152951979505891,0.00566225118181674,-0.00276546344978867,0.00202702415602629,0.00528676313104959
2020-10-26,-0.00223969284212455,-0.025518945408896,-0.0158179491685534,-0.00995045216229218,0.0248275549438095,-0.0201488792078603,0.0111553851554649
2020-10-27,-0.000673373284188927,0.0216330470425832,0.00887803175874069,-0.00163335645519169,0.0596886990986627,0.0183334739830485,0.0317310452009194
2020-10-28,0.00202156674893295,0.0152840774925747,-0.0080413651834782,0.00168376933280334,-0.00642481591693789,-0.0190576707666682,0.000916463227292219
2020-10-29,-0.00582833742822542,0.0315195638821317,-0.00611798582575596,-0.0186454074555799,-0.00668573844079234,-0.0185185646498601,-0.0491935933661745
2020-10-30,-0.000676409928500488,0.0328368139320103,0.00169272045667412,0.000352288447589721,0.0172489061310108,-0.00307429432425832,-0.00535057589624532
2020-11-02,0.00676893590086336,0.00412123046789659,0.00384083598195661,-0.00743204899726724,-0.00271824729518977,0.0267837554286237,-0.00021503189010541
2020-11-03,0.00403407237751319,0.0108471903970697,0.0125498526197994,0.00625200748359078,-0.0129974646802834,0.0269080804448112,0.0198535858598128
2020-11-04,0.000892877593940966,0.0204467587449697,0.00634821864718016,0.0367559717206383,0.00619225124186396,0.00757241730305536,0.0108631666831873
2020-11-05,0.00178407707594097,0.00255785665425456,0.0103633943081372,0.0289909483926045,0.0131903938303624,0.00938427690806054,0.0194179373157948
2020-11-06,0.0153606961160402,-0.00184274342233692,0.0142709493351243,-0.00778434777588011,-0.0124640708672599,0.0302947287233954,0.002765940168165
2020-11-09,0.00482353031701543,0.016472495006524,0.00381055978373346,0.0322317536950951,0.0191306819421431,0.0251598136277449,0.00530827637243081
2020-11-10,-0.0403666204430475,0.00447066145522768,-0.00365016802157392,-0.0367559667710459,-0.0419599954340377,0.0396104859426518,0.0702489961686534
2020-11-11,0.00500230156873571,0.00166895121603838,0.0106975876287529,-0.00207948602417574,0.00559177714209325,-0.00265488372827571,0.0249105222334933
2020-11-12,0.00135741080448248,0.0151346649721658,-0.00289987783234491,0.00952773445749289,0.00125766070137012,-0.0131300101267617,0.0129784998442906
2020-11-13,0.00180754256865323,0.00834370397261353,0.0148321117093406,0.00766027826033389,0.00640293234032563,-0.00940430128949665,-0.0202200403518462
2020-11-14,0.00834458571518915,0.00718927586053142,0.0169078706074819,0.00612254749932006,0.000743132577535111,0.0080217945988641,0.00732290090594012
2020-11-17,-0.00447328935439217,0.0620875074133045,-0.00154995925686241,-0.00441130885686025,0.00859338041429814,0.0282907302038156,0.0204873014773197
2020-11-18,-0.00741401996858249,0.000507243727622786,0.0191927829330683,-0.0049988619053456,-0.00649176041973343,0.000177569469287819,0.0622166138938078
2020-11-19,-0.00792210212094746,-0.0221799444649946,-0.00235389318847834,-0.00947717841600715,0.00364788649331649,-0.0243841716506407,-0.0121064621989548
2020-11-20,-0.000456318889530571,0.00661044585004866,0.0119361634132586,0.00993670827629534,0.0310764008060642,0.0213190356131017,-0.00171917979136904
2020-11-23,0.00159780170349166,0.0534381246645763,0.00877793659995429,-0.00444008102514348,0.0186707510637358,-0.0064474019848455,-0.00569641664694476
2020-11-24,-0.0250684198277666,-0.00452268356216601,0.00271919700807421,-0.000183426661961916,-0.00611714880442582,0.0312633953671229,0.00857131022983459
2020-11-25,-0.0023375053056216,-0.01952356013387,-0.0142373295153602,0.00689170373565262,-0.00890378446800244,-0.0246140302741787,-0.0171731016894437
2020-11-26,0.00609180692769762,0.00676262103212788,0.00701516035266914,0.00895148587123562,0.0126567665758939,0.0170017621135501,0.00255389816904295
2020-11-27,-0.00232879546621345,-0.00883197067852437,0.0150252491172944,0.00452632788216256,0.00828548758569836,0.00995321793807036,0.0031729210633431
2020-12-01,-0.0128384508660494,0.0589859691506298,0.023146296288691,0.00655100525332064,-0.0263180967999995,-0.00523984702352631,-0.0057466608585921
2020-12-02,0.0127689974896423,0.0754918606283352,0.00368274081010656,0.0120008138974437,-0.00870921236562028,-0.0183842405074109,-0.00197132224321017
2020-12-03,0.0056034987977871,-0.0136639304046683,0.00353825555103215,0.00398226249099576,0.0130716376051838,-0.0211449155957685,0.0102355284169395
2020-12-04,-0.00023214120278725,-0.00357485682211534,0.00509270541033446,0.00164813295984256,0.0192400600155602,0.00609929937536324,0.0216416182195041
2020-12-07,-0.0069670934089634,0.0260117945500804,0.00870466621176424,-0.000767852015375103,-0.0149282664173783,-0.00963493120661763,0.0175730218541803
2020-12-08,0.0135641219322173,-0.0123484413093686,-0.00193201348606531,0.00420444595871494,-0.0024540839866698,0.00295148001710066,0.00145330597959847
2020-12-09,-0.00369173619863394,-0.00619591442818079,0.00954969045766418,-0.0026673189912011,0.00283696671823574,0.0224515747781528,0.00819520977485988
2020-12-10,-0.0122741726621375,-0.00411935758002824,-0.0127828193415432,-0.0223058094937757,0.0445980412955547,-0.0151720732411014,0.00791708910866262
2020-12-11,0.0014067422379187,0.00570139425732874,0.00414346343279659,0.00562797974447338,0.00263712002685046,-0.00220074916224056,0.00331821614236638
2020-12-14,-0.00351200455155642,0.0118941862015847,0.00438422081896905,0.00218507621016784,0.0103636550405148,-0.00770179942351146,0.0463451103980175
2020-12-15,0.00610898292161166,0.0160386606225598,0.00783156522187145,0.0102119910034333,-0.0216170840487216,0.0139561741835028,-0.00272065370529251
2020-12-16,0.0119103722528078,0.0017299041183485,0.0114649875908142,0.00926074191790627,0.00734191307969723,0.013943744411391,0.0176529667381953
2020-12-17,0.00784667259457517,-0.00852682884933331,-0.000755732831676625,0.00241124962364547,-0.000987755121691913,0.0220459967295374,0.00831858820386921
2020-12-18,0.00137397242516224,-0.00903535318905424,-0.0055456873244345,0.00547481199511046,0.00313572045914978,-0.0211195802743863,0.00215045440805062
2020-12-21,0.00983307362627506,-0.0570141032894586,-0.0425855582429805,-0.00867084032276055,-0.00926605737927289,-0.027420485817227,-0.03644025527092
2020-12-22,-0.0104166459706094,0.0689654360978222,0.00992851457387034,0.00402934855352099,0.0198404973056572,0.000327846603294546,0.0225533040657779
2020-12-23,-0.00274597093340401,0.0104621319732481,0.0148118657734604,0.00824400454514307,0.00965582805660259,0.00185690231064206,0.0016631092293562
2020-12-24,0.00344189318217869,0.0216781309221186,0.00749162806474124,-0.0074322895779152,-0.00888035390939323,0.0155928016930471,-0.00205553677290071
2020-12-28,0.00274408719736807,0.0363136940437263,0.0115384811010115,0.00411886980653509,0.00166981397404475,0.0112733503324429,0.0215495341666203
2020-12-29,-0.00387681128531026,-0.00336144838763519,-0.00316856774607288,0.011147979738843,-0.0179972587511246,0.0101567017559216,-0.0035286354707097
2020-12-30,-0.00228934234025735,-0.0103229981564198,0.00267004552318495,-0.00689335499394006,0.00638463374506637,0.00371365802016022,0.00560371544258365
2020-12-31,0.0039008297797769,-0.00950129185506743,0.00824247426893354,-0.00120715146790606,0.000598434794430558,0.00265266253514063,-0.00344428848298695
2021-01-01,0.00137145996093757,0.0241893928128556,0.0108162569141685,0.00484522705904245,0.0032870948933843,-0.00783258547470456,0.00730057637509751
2021-01-04,0.0162063241775088,0.00682079800326885,0.0131889700431649,0.00150356029411158,-0.00394289676347914,-0.00635067232327191,0.0135696408916965
2021-01-05,0.0101078337446643,-0.000202199775110823,0.010438394583514,-0.0210172601985277,0.00981077520011886,0.00755647114379698,-0.00631371780631851
2021-01-06,0.00422500826220817,-0.00707929004177965,0.00206609347918563,-0.00636377614804018,-0.00231710261648188,-0.00431064207841581,0.00589453399034756
2021-01-07,-0.0166076174166103,0.0554082748127736,0.00691327733076852,0.00185192536320278,-0.0209530158379595,-0.00302699915024163,0.0189878610707674
2021-01-08,-0.013060076972534,-0.00019293031494072,0.0137317160339607,0.0305003681893778,0.00987185701656035,0.0108737440172577,0.0257291377549571
2021-01-11,-0.0182524074455089,0.00222013118247988,-0.000475296028835004,0.0101007854636799,0.00465420254490789,0.013830129519113,-0.0170380182760567
2021-01-12,0.00464793791803864,0.0120390018052547,0.000713237715582293,-0.0101266380169864,-0.0213331883031768,0.0203590758358583,-0.000147983764506865
2021-01-13,-0.00370112998164129,0.0202701521927409,0.00118791249416228,-0.00229589022613952,0.00112224830230212,-0.00698845716103447,0.00200019361989723
2021-01-14,-0.00859064161844492,-0.00736881506320453,-0.00771240549707475,-8.56611415094299e-05,0.00628769707775767,-0.00129205860551207,0.0178187695508352
2021-01-15,0.00772829064311953,-0.00902091059453713,-0.00382637457053292,-0.00604783535187814,-0.0164676731604101,-0.00142966818371937,-0.0163083647541242
2021-01-18,-0.0113873548145506,-0.0368859071964279,-0.0186051550568482,-0.0046632018774081,-0.0113996318527132,0.0112160243466595,-0.0133661647312513
2021-01-19,0.00587682168828407,0.0438119539084165,0.0212817737072744,0.0104627950299432,0.00703320427977561,0.0139908668570936,0.0252983820741115
2021-01-20,0.00467400697967446,0.0314092948243114,0.00670655758794902,0.00980833464179742,-0.00413406962352836,-0.0078797537606351,0.00934415136649047
2021-01-21,0.00535007055725556,-0.0180155035947825,-0.0153461926361365,0.0188853120118671,0.00197946007507976,-0.0115280721424958,-0.00820883113076465
2021-01-22,-0.00416474549032542,-0.0188116240498022,-0.00338285357802215,-0.00120721134893009,-0.00715168270644284,-0.0211893322427102,-0.00670919006249115
2021-01-25,-0.00580855006231673,-0.0244873278723136,-0.0110315923903609,0.0110867135205341,-0.00991187380349901,0.0133697056316013,-0.000587248954171393
2021-01-27,-0.00537507682438187,-0.00214070898947694,-0.0169159702358229,0.00311222045996984,0.00705406239738449,-0.0364015340197411,-0.00106516921476807
2021-01-28,-0.000469935552592005,-0.00185249720072334,-0.00586026944130569,-0.045090767434633,-0.00857855801370988,-0.027064361726846,-0.0106629545790172
2021-01-29,0.00258581589055429,-0.0101593608584264,0.000627059077615622,0.00966134444400657,-0.01884377971201,0.0138904106788675,-0.00791620696377116
2021-02-01,-0.00726849618288794,0.0602982009178898,0.0280771859870073,0.00263198906913598,0.00162371845671005,0.0620280750086444,0.085524887343297
2021-02-02,-0.00991974449997512,0.0502606243179022,0.0210924582752936,0.0224458722716805,0.0060042903514923,0.0567461593969796,0.0492459587707834
2021-02-03,-0.00548663054109377,0.00425372502002475,0.0119402985074626,0.0142923961730663,-0.00139021169012488,0.00913143912911196,0.0054927989255702
2021-02-04,-0.00863508773117738,0.0407696568296949,0.0142772753330107,-0.00844440573366423,-0.00538267644865176,0.002730424546451,0.000817838325158249
2021-02-05,-0.00483911817272598,0.00958082825414808,-0.00639827161727635,0.0111517881798158,0.00244505391177086,0.0117157165973523,-0.00869397908557623
2021-02-08,0.00364691726930011,0.0553457105879072,0.0139327334151567,0.00614297470668723,0.00598581039054391,0.00478838467379039,0.0232772354910218
2021-02-09,0.013808132550384,0.00246703868553988,0.00173211926699657,-2.03066096541304e-05,0.00585156500468464,0.00411143450844831,0.0094405955569945
2021-02-10,-0.00215054135888548,0.0331030871569049,0.00357345888868865,0.00390111844411622,-0.00817615900082003,-0.0186740476806263,-0.00868195473714617
2021-02-11,0,0.0121408417793285,0.00252700697073949,-0.00254001749345467,0.0136749181565252,-0.00594300289741378,-0.0143929382646899
2021-02-12,-0.013409903762017,0.091633614618462,-0.00217692992740182,-0.00133922897502614,-0.00677394116237129,0.00610551457688802,-0.0059784670963221
2021-02-15,-0.000242770292360417,0.061895890002291,0.00964524058568239,0.00249913347251507,0.0107290229503947,0.0219034289713087,0.0107141481895296
2021-02-16,0.00388443439540098,0.0219399064083337,0.0111452672982182,0.00803598736879474,-0.0150230571597727,0.0062167658667851,0.00767398092005145
2021-02-17,-0.0200725041592656,0.00672910499922219,-0.00123721297740131,-0.0080221618596843,-0.0276495706176793,-0.024682659744124,-0.000709812336080695
2021-02-18,-0.00123393969633989,0.0289641598476547,0.00405406078805792,-0.00917141712621039,-0.0224893539593848,-0.0202961556447635,-0.0153389611677412
2021-02-19,-0.00914264233806716,-0.0325414558712129,-0.0148049267608961,0.00128872002828562,0.00071483396619576,-0.0097794175471525,-0.0103632920193808
2021-02-22,0.00822947240927352,0.0306946315121581,-0.00432601627117846,-0.0171711053593189,-0.0171038335564025,0.00578261310714279,-0.0375132978940922
2021-02-23,0.00593613311793151,-0.00775536353717554,0.00228681202527281,-0.021711611814999,0.00457571878850316,-0.0121769715578403,0.0234816776616231
2021-02-24,-0.00122938872170208,0.00694058839190026,0.0116358270642793,0.00308095359367844,0.0108964993028324,0.0505511124544937,0.027114199677968
2021-02-25,-0.00713926904125162,0.0475657508288578,0.0183806635973007,0.00281727698240664,-0.0142081428642972,-3.13976556308715e-05,-0.0131992988101181
2021-02-26,-0.00198368032289764,-0.0116775052421019,-0.0222566112409851,-0.0105510024342703,-0.000763236046768978,-0.0448205412685394,-0.0424508177129698
2021-03-01,-0.00720499169012034,0.0214118368178888,0.0236692668817413,0.0178045269337976,0.0118527308584577,0.0159671594390145,0.021039885472915
2021-03-02,-0.0110109768966425,0.0247210273402587,0.015709682249516,0.0013318955539765,0.0174130912116766,0.00596557171371881,0.00869069267224742
2021-03-03,-0.00480765750273815,0.0490516065977291,0.0129615779659158,-0.00623166994323365,0.00742640782662374,0.0118927199915524,0.00757247817870921
2021-03-04,-0.0101703917431061,0.00333220387470523,0.007741948609711,-0.0382572907979296,-0.00224269837291724,-0.0219303224540892,-0.0229140221736509
2021-03-05,-0.00667870881562516,-0.00925526214956018,-0.0182458286619709,-0.0213798457700811,0.00726801247609021,-0.0142069312591232,0.000649384789617846
2021-03-08,0.000775862307080155,0.000329699929337623,0.00467340827293006,0.00724494736193715,0.00414417534304179,-0.0068627726330982,0.0352909329735871
2021-03-09,0.00387590977324437,-0.00549336705148573,-0.000649125772430814,0.00425795717462529,0.00346241105040068,0.0282988064959824,-0.00455385976478007
2021-03-10,0.00257406158934526,-0.00778834705695675,0.00432995819194071,0.0185757298042495,0.00122109161309458,-0.00432001136284654,0.0105417720559677
2021-03-12,-0.008215653107989,-0.00450921282940697,-0.00280235114950755,0.00155413743175203,-0.0123438287177778,-0.00244251274056073,-0.00669202406179992
2021-03-15,0.0111312527384499,0.00234875186102035,-0.0074577911483682,0.0061202226146635,0.00661371761838514,-0.0150134293585016,-0.0199802789956719
2021-03-16,-0.000768115538640424,0.00178530265418542,0.00337577646098786,0.00746350574282295,-0.00541189349529247,-0.010793856916026,-0.0147935109274847
2021-03-17,0.00281836058908391,-0.0266207524547373,-0.0236596518300031,0.00721545814426605,-0.0170948939883793,-0.0111100367986667,-0.0165207461455665
2021-03-18,0.000766448128888042,-0.0032612126247592,-0.000444652244713573,-0.00543133358385139,-0.0154654991549394,-0.00290887592648026,-0.00664277816865111
2021-03-19,0.00153181966034888,0.0213536741010649,-0.00678381475503886,-0.0143416933011545,0.0154060708373529,0.00435943638200698,-0.0117989450521944
2021-03-22,-0.00968649178050873,0.113977383562971,0.00705413615535222,0.00112756311532669,0.00833995635195461,-0.0189315497220887,-0.00793607329219836
2021-03-23,0.00180179401733693,0.0679581260419897,0.00589280370146938,0.0113933174154535,0.00562462396208052,0.0211005892877032,0.00307125073469061
2021-03-24,-0.00102767478704535,-0.0311319007714617,-0.01138497585276,0.00150983368954383,-0.0139826779730747,-0.014231743644695,-0.0250650051685953
2021-03-25,0.00025715846858354,-0.0428104725367805,-0.0054785943625737,-0.0170323573840463,-0.0169017343903645,-0.0104478261173859,0.00142422640228479
2021-03-26,-0.00257131590872972,0.00687689672014269,-0.00404722453853523,0.00133791376406367,0.0248392264641952,0.0191001161616953,0.0198381483876939
2021-03-30,-0.0105697302844865,0.043762140502845,0.0205441629919147,0.0144148634378305,0.0357988259484419,0.0418425740783348,0.0180576229796323
2021-03-31,-0.00547167517784108,-0.000387955966938414,0.0173653316140967,0.000449749059632243,1.15637526689749e-05,-0.0386495357529349,-0.00326655266870213
2021-04-01,0.0243646934710209,0.0737527076337314,0.00565336621100698,0.0169223163398897,-0.00478000706212123,-0.00461965938772169,0.0181127574859288
2021-04-05,0.00588243902581809,0.0280437320878888,-0.0176215919288429,0.0161880508209782,-0.0118594397727748,-0.0249876017633518,-0.0282433327353825
2021-04-06,0.0040681372988336,0.0765649521951017,0.00924393432927695,0.0119217886286411,0.0119158517041107,-0.00644990216288222,-0.00199459398039015
2021-04-07,0.0157001495450135,-0.048841236335598,0.00643336575264497,0.021617854612384,0.0192106063217083,0.00482550885745447,0.00224854195238566
2021-04-08,0.00423829883715943,-0.00261679910662893,0.00162506924729211,0.00580110402215528,0.0160856428493239,-0.00995011904674614,0.0106826071045194
2021-04-09,0.00422050617662761,0.0334624139021162,0.00843706256829946,0.00955293091927856,-0.00551145692494848,-0.00771227806261676,-0.0106049342329873
2021-04-12,0.000988897769415908,-0.105709985282718,0.000214487207405245,0.00743976439190308,-0.00515550965735345,-0.0384736203333487,-0.0419842762719502
2021-04-13,0.000493866195047321,0.0297374705369069,-0.0348525469168901,0.00805083802213957,-0.0190182997217382,0.0243589763247989,0.0212245573521734
2021-04-15,0.00518397699015205,0.0213313457007838,-0.00344441731770828,-0.00185570056402651,-0.0170775714551481,0.0212447591635991,0.000691504732452941
2021-04-16,0.00270139015358462,0.0257092285985483,0.00958858944076169,0.00100257781322033,0.0223074913656729,-0.00101401816676439,-0.0112755592777375
2021-04-19,0.017144181162142,-0.0195428701923011,-0.0151297923844237,0.00867407301946788,-0.00939898573762621,-0.0113742352182856,-0.035831311856846
2021-04-20,-0.0103539686447124,0.00563213463601731,0.00156985186330294,-0.00684488226244984,0.000333481412339687,-0.014868460571935,0.0160631543430307
2021-04-22,0.00924576842392111,0.0131701046113633,0.00358262086786332,-0.00107749267476798,-0.0178524202656626,0.0223517004110605,0.00398054437356299
2021-04-23,0.000964342236470239,-0.000172984641691798,0.00301209587571805,-0.0100188351283113,-0.00981209662277693,-0.00587006757342323,-0.010397893933106
2021-04-26,-0.00698460771507814,0.0136059673529119,0.00200192045879222,0.00449570731882676,0.014730206450899,-0.00661168049967431,0.00982679199033965
2021-04-27,-0.00363807210397815,0.0151702116759891,0.0169830888099161,0.00879483181640839,-0.00542945359187907,0.0241315238413029,0.0334980410291934
2021-04-28,-0.0107108671322801,-0.00499521783663681,0.0151713528484945,-0.00253795814575108,-0.00865375143832292,0.0264824291422914,-0.0034403074157926
2021-04-29,0.00196854902205201,-0.00244698466724991,0.000107456258535477,-0.00291347126668429,-0.00249330365307832,-0.00291188039928525,-0.0125373557046663
2021-04-30,-0.00319256051616079,-0.019961040062384,-0.00999785356630734,-0.00578541315850079,-0.0117133681142649,-0.0408827987644063,-0.0133957014133587
2021-05-03,0.00246362339850137,0.08358516897861,0.00336632859502828,-0.00114623657183777,0.0121096387385653,0.00152243344455671,0.00152933617972173
2021-05-04,0.00147459757473745,0.00553561213253917,-0.000649406785685813,-0.00788545372412253,0.00241400866063324,-0.0184526090902237,-0.00364992106657458
2021-05-05,-0.00539880296203987,0.00396015410080541,0.00335721464460437,-0.014788985270749,0.000160328004896515,0.0102640314540556,0.000785039653533826
2021-05-06,0.00715521648807638,0.0151873218609619,0.0134916349639871,-0.00889024236762015,0.0101726469847767,-0.00121192942059312,0.000933856399007338
2021-05-07,0.010289122655134,0.0094424665342252,-0.00394039127337031,0.00416096821798861,0.00261711751380944,0.00988647439178969,0.00208971605900654
2021-05-10,0.00533456345906824,0.00400337000889994,0.00470439909279285,0.00147203434731424,0.00154809641492126,0.00360474870798266,0.0389512919479302
2021-05-11,-0.00144711914902618,-0.000460078195457125,0.0101095768426243,-0.0265274899299229,0.00493226229120602,-0.0114799785711742,-0.00817200780746452
2021-05-12,-0.000241597484585077,-0.0135787887564902,-0.00558363663633399,-0.00293700447320366,-0.00902196325697491,-0.00288565982481059,0.00122872370737337
2021-05-14,0.00241609785680175,-0.0509022423382761,-0.0132429283619329,-0.00144172857392244,0.0302820135422688,-0.00903897492755845,0.0218002396858972
2021-05-17,0.00819474906804718,0.0563363821265646,0.0100923603990353,0.00326151000559083,-0.0108103204343636,0.0385046148404926,-0.0203107452626278
2021-05-18,0.00621559431393992,0.0291675886347686,0.0204081434053665,0.0028471899076854,0.00837236481193959,0.025308156164233,0.0220299750261195
2021-05-19,-0.00356382811440037,-0.0241200057764291,-0.0023958683013916,-0.0178914509066552,0.0156427313240506,-0.0125279505904889,-0.00977211832488711
2021-05-20,0.00453033971453798,0.00563836920170124,-0.00073091466302444,0.00169247144941909,-0.00939870668140663,-0.0174186792735075,0.00448886206883792
2021-05-21,0.00094937336377976,0.0100614148075344,0.00762803950065338,0.0217441344976814,0.012250295754453,0.0450167863155113,0.00588748569522579
2021-05-24,0.000711467756625117,-0.00631116539243126,0.00871094405508921,-0.00210556307473952,-0.00781852629827717,0.00844848203902426,0.0177710428686046
2021-05-25,-0.00189577795280393,-0.0184037930064406,0.00154211505146185,0.0131436793821413,0.00897458023563269,-0.0205305222153986,0.00533511080358595
2021-05-26,0.0123456901935017,0.0312219535146505,0.000821205425563187,0.00120896537970516,0.00143866544884697,-0.00128445324368731,0.0151279296700149
2021-05-27,-0.00586303948354872,0.00226796361189074,0.00441025954026442,-0.00708246361787646,0.0117094928277095,0.00379117199661172,0.0067554255677349
2021-05-28,-0.00401033666886119,-0.0174989478100877,0.000306328798155731,0.00253429524021076,-0.0133715075189782,0.0140287792987122,-0.00320337203326304
2021-05-31,0.00876359358567069,0.0105174824281007,0,0.000846051453988972,0.0106314068325397,0.00824792359752102,-0.00703598684408258
2021-06-01,0.00563516500603289,0.0759326027722902,0.00173538352933966,0.00122219817730929,0.00355741932331965,-0.0027379087006536,0.00473522344601141
2021-06-02,-0.00607056094127811,0.0921446652954303,0.00805055475021765,0.00156653031346754,-0.00591268930727162,-0.0050935835701208,-0.00244101511417505
2021-06-03,-0.00140947553960891,0.0235009782246767,0.00950265324308663,-0.00420476811591841,0.00826462409347006,0.0110039523322925,0.027055326199463
2021-06-04,-0.00917429793100899,0.0744424353184603,0.0100140195662721,-0.00406946183921431,-0.0209331320667399,-0.0128901484639961,0.0176721654302658
2021-06-07,0.00379866693897246,-0.0450629597015446,0.00703945151870045,0.0106403043788208,0.00606817448467245,-0.000732666915427727,0.0131703479958802
2021-06-08,0.00307476518137673,0.00748005119952833,0.0127006096229523,0.00697164299788544,-0.00284916723273698,-0.0112010597830383,-0.00555275340873584
2021-06-09,0.0021221446100379,-0.0255430083044963,-0.00933306512518184,-0.00252580603876396,0.00426448485642905,-0.00185439288023381,-0.0192685915945034
2021-06-10,-0.00352944766773899,0.0108800201444892,0.0182531951177567,-0.00379326136735358,-5.98226075954056e-05,0.000506586554481325,0.000263243503660693
2021-06-11,0.0066116317374898,-0.00645166091936,-0.000385513827137585,0.0194132458191387,-0.00112214522887633,0.00357863184559526,-0.0106928738847576
2021-06-14,-0.0140746486930569,-0.0625311480903278,-0.00125342153184005,0.00484780015994879,0.00234364181571456,-0.00464234859525958,0.00818117750309244
2021-06-15,0.00047586148809331,0.0249091897894671,0.00347524493752571,0.0102222059639341,0.00610438514751821,0.0073001362122993,-0.00326572865949415
2021-06-16,0.000951270303284346,-0.0588426129930165,-0.00692634547807713,-0.00610651720959143,0.0158553765173113,-0.00379126204032942,-0.0131717450249365
2021-06-17,-0.017581413062107,-0.0556513818512491,-0.00765282272437595,-0.900681354790371,0.00522403898259993,-0.0124613725864982,-0.00224695469681058
2021-06-18,-0.00943166636130632,0.0875921294329582,-0.0142522359398395,0.0333102454706851,-0.0215072732170276,0.0093446686312626,-0.00776451765884412
2021-06-21,-0.000244099652262797,0.0352941960743132,0.00802136593054614,8.9213278644906,-0.00121651507569598,0.00601407306021784,-0.00606360194905453
2021-06-22,-0.000488411657900922,0.00103891375521337,0.00412612403151313,0.00154720072574044,-0.0120459589812897,-0.00329130582206483,0.0219146253364686
2021-06-23,0.00171022952118971,-0.0239036497282442,-0.00088050424319297,0.00540694757404481,-0.00124749970954818,0.00114560725616597,-0.0133070182142005
2021-06-24,-0.00243898717368518,0.00249211938026339,-0.00391697527536827,0.008066877839638,0.0117689143584014,0.013968440880139,0.0167653532833354
2021-06-25,0.00122247518814667,0.00725878168615979,0.00914274768005496,0.00352477005701446,-0.00641613742595248,0.00587558814156308,0.013164356074457
2021-06-28,-0.0031746291988568,0.0041462751604906,0.00331219028579266,0.000664584456545825,-3.1545283290968e-05,-0.00445524927614305,-0.00616864585237054
2021-06-29,-0.00220480532240919,-0.00144185821101739,-0.0059229111855934,0.0100559484087637,0.00531820134028926,0.000133237663942465,-0.00234410038479094
2021-06-30,-0.00515588231850805,-0.0105017921089353,0.00595820108142453,0.00685635126485851,0.00191773568621123,-0.00276288027706961,-0.00685014357713176
2021-07-01,0.00962486143244146,-0.0108394891256737,-9.70434706597523e-05,0.000466446391616637,0.000748517453942998,-0.00744379878360857,-0.00549807272268954
2021-07-02,0.00586657734935137,-0.0457641350385554,0.00369001010905845,0.00503497357135063,-0.00250476951842837,-0.00427093511000298,-0.00445618213777321
2021-07-05,0.00121504824317209,-0.0194788379320971,-9.67698932992089e-05,0.00500974961444278,0.00223565265619552,0.0101659854508298,0.0150103096533205
2021-07-06,0.00995145242280948,0.0146663082120901,0,-0.00184625287783746,-0.00970746960683289,0.0262463191930216,-0.00162477150304807
2021-07-07,0.00264360991920287,0.00766882213571218,0.0115142956843317,0.0056413634129846,0.0141298415073603,0.00312764261661891,0.00727324181600686
2021-07-08,0.000479397343683408,0.000175406814657775,-0.00430461616315025,-0.00505789436424597,-0.00553422466669673,-0.0123742065676271,-0.010386096890364
2021-07-09,-0.00383324966406628,0.00382206537905971,0.00249785901986654,0.00341986420961482,0.000970577932911443,-0.0121345086059368,-0.000732870483253989
2021-07-12,-0.00192404587618211,-0.00744048827381616,0.00191667063307444,0.00644808947475251,0.000306189550427494,-0.00998670275014502,0.000766756514268829
2021-07-13,0.00048193874129332,-0.00211169889974128,0.0046867321804569,0.00320335408455064,0.00286259939794564,0.00998656071975601,0.0085625363415307
2021-07-14,0.00289014765322171,-0.0110388146147599,0.0029512333957713,0.00419668900566728,-0.00860281430090615,-0.00179783989957316,0.0205470682120614
2021-07-15,0.00816522952861565,0.00420802351690375,0.00161365136599478,-0.00427002109572305,0.00468368000843933,0.0143747756157417,0.041852804660367
2021-07-16,-0.00309673819754186,-0.00884271055963748,0.0113722954493249,-0.00529198758329941,0.00183590321708116,0.00108511365600528,0.00584076224913543
2021-07-19,-0.00549580766122493,-0.0106770086315909,-0.0103073319109717,-0.00981471039966564,0.00556522308582363,-0.0337307627877843,-0.00565253692922052
2021-07-20,0.00168187642048667,-0.0107925919066416,-0.0114561546393428,-0.00222323177910422,0.00583867648913317,-0.0189327380561248,-0.0119594986044145
2021-07-22,-0.00935474700156458,0.0373801811609069,0.0011492683936285,0.0124408502337303,0.00776741263647973,0.00384579124621731,0.0325715717625596
2021-07-23,0.00145281778206852,-0.0106582246453311,0.00612263844946304,0.00917010519958783,0.00828864035221377,-0.00410703946853042,-0.0185124189992186
2021-07-26,0.000967140109696452,0.00160534309015103,0.00427883032681842,0.0072693811919935,-0.00234794319223419,-0.00568362338540418,-0.00877924746889636
2021-07-27,-0.00120780313803992,-0.00509292572033804,-0.00681690212062058,0.00243576252753819,0.0068917521874694,0.0036246960172901,0.00666612950396495
2021-07-28,0.000483687025434554,0.00225520687211378,0.00486179341098159,-0.00674945987636844,-0.0111679475212446,-0.0155928162202037,0.00248401222533001
2021-07-29,0.00749338605982142,0.000250034127342369,-0.00151791724267714,0.000271801925798121,-0.00598142098161003,0.000670219511155867,0.00112915521465062
2021-07-30,0.00575810609434502,0.0142830694069243,0.0115914605292458,-0.0080615885629296,-0.01183949510942,0.00578171529892391,0.00341462853259733
2021-08-02,-0.00930342096096159,0.0126385450038518,0.00967407502101714,0.00977079421013194,0.00067785946267751,-0.00266386471627511,0.00780542522809102
2021-08-03,-0.00120393061714874,0.00319867541049534,-0.000837175236191867,-0.00479289899186841,0.032145775374941,0.00847002276705444,0.0126398847656717
2021-08-04,0.00120538181321916,-0.00918359585564199,-0.00502747320655605,0.00363465593268764,-0.0124014434147625,0.0213285738899494,-0.00682241362332547
2021-08-05,0.000722431853503958,0.00195861457501589,-0.000280774847199683,0.000724326240517437,0.00838433293408269,0.0133420373972666,0.00258765091827895
2021-08-06,-0.00625606659381783,0.0728173550412567,0.00262080136923504,0.00642358719183878,-0.0103302258117252,0.00525303702321511,-0.0104768437413159
2021-08-09,-0.0227602577257551,-0.0281455754121074,-0.0100821676938311,-0.00377560389258247,0.0100800437630808,0.00753692255714422,-0.00801081668025638
2021-08-10,-0.00346876579611677,-0.0314048434447881,-0.00782725220566416,0.0064067775349923,0.00390064740709306,0.00249362974702794,-0.005633888429873
2021-08-11,0.000994457971559948,-0.00653292831506513,-0.0107403979018258,-0.00564867981989892,-0.00577337175092496,-0.00842388892070989,-0.00324205238289843
2021-08-12,0.0074516409405152,0.00407071491169742,0.00912756467649034,-0.0052299533189758,-0.00186872969349128,0.00431460952596185,0.0253582542032897
2021-08-13,-0.00147932374900084,-0.00408897508027239,0.00790252157194438,0.00507612001579827,0.00748329228998679,0.0165179066347914,0.0276879986683189
2021-08-16,0.00691355010609573,-0.00480176377978503,-0.00699034441245949,0.00505055196482718,0.00140666614403129,0.00288283776056786,-0.00737226484724629
2021-08-17,0.0098087674804439,0.00807645703534954,0.000285376507924928,-0.00385858126126537,0.0239023023392391,-0.0104206198594999,-0.0104764528378917
2021-08-18,-0.00364258195160949,0.0127285234542791,0.00161672055614259,-0.0107197767634117,0.00952621313534596,-0.00108936167574125,-0.00360034254042663
2021-08-20,-0.00146228516643354,-0.0204795988764909,-0.011583756401806,-0.000637403888351318,0.0349134997109743,0.00115659134640334,-0.0240377256083412
2021-08-23,0.000976253347287237,-0.0233548949619156,-0.00537941946976073,0.0131207511745444,0.02298284797835,0.00650275620722529,-0.00806350345467033
2021-08-24,0.00414537894660949,0.0294265681243684,-0.000193203325130953,0.0116017707276077,-0.0120473565026189,0.0224649681921041,0.0158468820243343
2021-08-25,-0.00339969374965843,0.026116078114236,0.0065687821409075,0.00480079365235486,0.00657236005268524,-0.000930191535273739,-0.00747281668647248
2021-08-26,-0.00584799398422997,0.000237247314196276,0.00143955403332119,-0.00291978598001841,0.00717480181140262,-0.00166947103515491,0.00122348458596377
2021-08-27,0.00147062192188763,0.0205665607721832,0.0156205549271449,-0.000709928381590785,-0.00475485396302067,-0.00408417391835458,0.0265391940535746
2021-08-30,0.00367101588206142,0.00697200936370779,0.0164181714347502,-0.00106564910693197,-0.0107781268923273,0.0127869940429632,0.013430193923736
2021-08-31,-0.00438908797477333,0.0468496577136308,0.0091904739375297,0.00933419034312211,-0.0139040519308042,0.0083851766307026,0.00728865973798087
2021-09-01,0,-0.0141093414626008,0.00579520981256221,-0.00413952102266413,0.0184457816847623,-0.001454496442163,0.00849183238069018
2021-09-02,0.00220417178189236,0.0034181262618167,0.0113408225232796,0.00017685188927552,0.0208681858808899,0.00626940084819561,-0.000118585446983732
2021-09-03,0,-0.00318353820654815,0.000994760431634045,-0.00114950267598879,0.00128702327498309,-0.00814958464808146,0.00314315364707585
2021-09-06,0.00708702171319819,0.0105074692369063,0.00514951379756234,0.00389520578056324,-0.00214391573979478,-0.00656724452503388,0.00159619058611282
2021-09-07,-0.00363983777029875,-0.01510748031901,-0.00377499362102807,0.000881820747579809,0.00718243359641679,0.00226739932172149,-0.00737811247654652
2021-09-08,-0.00438383582940816,-0.00137999796788923,-0.00153372586216149,0.0023788250490433,-0.0259642431417708,0.00455629377770639,-0.0090086594700447
2021-09-09,-0.00220156923278769,-0.00703745438239223,0.00749979077245166,-0.00377955803694741,0.0311296160826149,-0.00494788272672242,0.00210023284369254
2021-09-13,-0.00171609936879336,-0.00812292942704207,0.00645741005114919,-0.00961704934806173,-0.000242014056494266,-0.00831952110321099,0.00098781163192041
2021-09-14,0.000245538340704066,-0.0125616833450837,0.0135447926085568,0.00089085500330599,-0.0108446903066342,-0.00450006872158315,0.0148053183159573
2021-09-15,0.00564693210953315,0.00237926549516065,0.00887992047828412,-0.00124610050333629,-0.00549917375265163,-0.0011300395425391,0.0121136258207988
2021-09-16,-0.0107421542124931,-0.008966400980291,0.00261440567980675,-0.00133679286251476,-0.0045404524316468,0.00850128745925383,0.00247516160962102
2021-09-17,-0.0078973270288526,-0.0152672961016819,-0.0112994612540165,0.000178513946963887,0.00738218012431879,0.0142313627499004,-0.00293386276235152
2021-09-20,-0.000746333169769464,-0.0414796019571542,-0.0166153792496566,-0.0162383981539153,0.00728107684906765,-0.0140948281477067,-0.00690483989903445
2021-09-21,0.00149368623415569,0.0159283214326056,-0.000536362938194035,-0.00934154506930152,-0.00654686451893904,-0.00506452140561231,0.00971052017984664
2021-09-22,0.00919709013410031,-0.00256678460873039,0.0196779685884596,0.000457707780159078,-0.013093418868678,-0.0117594441980307,-0.00581100103146803
2021-09-23,-0.006403899785832,0.0254564954823144,0.0117543538411458,0.00997441416051381,-0.00432621161252955,0.023668192652728,0.0343679474423
2021-09-24,-0.00718891706570157,-0.00858021932501063,-0.00719606578821685,0.00235566277399579,0.00127268713762585,0.0200957119077889,-0.000536857865337859
2021-09-27,-0.000998774439184724,0.047581626194573,0.000174627916281311,0.0028925219449405,-0.0111783050371844,0.0147043779354348,-0.0164805934590881
2021-09-28,-0.00174955505525587,-0.0287019260615502,-0.00611190915657922,-0.0143307470177971,-0.00496123550293337,-0.00618416834281821,-0.00140844956032471
2021-09-29,0.00200305042076754,-0.00110941805195175,0.00342615640318855,-0.00768108963603686,-0.00194417525450252,-0.0131265831137708,-0.00929678197132033
2021-09-30,-0.00749623272436395,-0.0118129802376398,0.00428994798225157,-0.000737137892873885,-0.00313728514799194,0.000690180772855209,-0.010488047867489
2021-10-01,0.0123363003200043,-0.00640289309366893,0.0036613910931691,-0.00839177094818933,0.00536859658646516,-0.00768056127719607,-0.00355263056669675
2021-10-04,0.000746147592073143,0.0465826121394737,0.014852767525988,0.00260391316354025,-0.0029156523990046,0.00192713116665288,0.0108138932960264
2021-10-05,0.00273351866466642,0.00065504872756339,0.00659024560591526,-0.00695668321105736,-0.0049965744697047,0.0061169208789118,0.000845190170034815
2021-10-06,0.00247837156381792,-0.0314863051574744,-0.00858772324622858,-0.00439007314983264,-0.0122915184517804,0.0121910229442825,-0.0126113318007511
2021-10-07,0.00247215011705793,0.0278462513303659,0.0180102787444476,0.0258936319641221,-0.0058202706773075,-0.00272457576222895,0.0102651950020303
2021-10-08,-0.000246567736653991,0.0178530816191327,0.00134796685950334,0.000182938022314394,-0.00310829768467724,-0.00487430159565971,0.00843827043357659
2021-10-11,0.00394671543657577,-0.0052651908335285,0.00387009155401774,9.1382523406347e-05,0.00517220604744506,0.0194365131043464,-0.00579073675498287
2021-10-12,0.0034397883789703,0.00954691087078774,0.0077941695235868,0.00164564188787408,0.0173462167286267,-0.00257074026828541,0.000757000119022244
2021-10-13,0.00195881528057118,0.00981056518772294,0.0137214264106353,-0.00930993670861391,-0.00489550238345382,0.00601396074587845,0.0197009782800128
2021-10-14,0.0146628131883375,0.048830974081747,0.00582443868404647,0.01483324669957,0.00024589917052098,0.0292788776715347,0.0212608358845452
2021-10-18,-0.0130058022537033,-0.0187383265841105,0.0102765037921719,0.0120744603961009,0.00584978640007128,-0.0101339718969938,-0.000475058359390435
2021-10-19,0.00536850227331942,-0.0285051556267962,-0.0180835185557132,0.00914959286286177,-0.00360121561936666,0.0110158780339078,0.0322066413095607
2021-10-20,-0.00339804337514404,0.0129025699981844,-0.0238427522977098,0.00835557725694436,-0.00468786817582512,-0.00879367930353814,-0.0213158129647638
2021-10-21,0.00267892820202986,0.00336552428982562,-0.00665375973377502,-0.00238015044649176,-0.00230838846333203,0.00146370484253922,-0.000525792331934505
2021-10-22,0.00291481058827325,-0.0326322146821189,-0.00661352181745445,0.0025625246992973,-0.0117740034838776,0.00265473903016544,-0.00747613947342174
2021-10-25,0.0070235143884021,-0.00699938836523839,-0.0133151684809378,0.00105766567557164,-0.0163336072358045,-0.0141306923340742,-0.00451945755329675
2021-10-26,0.00192395413262525,0.00760342786648649,0.0111591776172568,0.0118858817781069,0.0339686004649509,-0.00256481935382136,0.00678195957143801
2021-10-27,-0.0079212198167572,0.0147036436739409,0.00316539266416327,0.000783053490399865,-0.0110836409267182,-0.00602017242368613,-0.00651346475481285
2021-10-28,0.0058068679684693,-0.107242126752154,-0.014327138619902,0.00191272150168675,-0.00069452665747205,-0.0299490391814444,0.0166427245722038
2021-10-29,-0.00168389933457069,0.0179114497144401,0.00103819964774621,0.00425204358076536,0.000460772969282708,-0.00674564595234639,-0.0262366362689247
2021-11-01,-0.00530123423381024,0.0152430923064284,0.00950739958971392,0.0134796294248987,-0.00318686169094529,0.0141832036559111,0.0162453583625812
2021-11-02,0.00411826522940295,0.0190271711403376,0.0144691332864335,-0.000255765871452929,-0.00874618942832572,0.00090335741473857,0.0113071068777038
2021-11-03,-0.00844396338663755,0.00889460767109651,-0.00227864501590103,0.00264367689703437,-0.00196023048320326,-0.0157462217567933,0.0406740230703377
2021-11-04,0.00632608627453313,0.00238905638283393,0.00710536566754416,0.0214340107987374,0.00811762905015456,0.00790424991904137,0.0102936942956806
2021-11-08,0.00338489815238052,0.0529054539621141,0.0101629355726904,-0.00316427067204494,0.00847023422168292,0.00395243428329195,0.00817219149756743
2021-11-09,0.00409634142036897,0.0428502922614358,0.0117236526271298,-0.00250601808251283,-0.0056957091381773,-0.0174972270454509,0.00989840118767193
2021-11-10,0.00287983565767136,0.0124736633236746,-0.00320512318105126,-0.0101332105917282,0.000641606147283147,-0.0108126208417656,0.00336995445225208
2021-11-11,0.0217755402602537,0.00546551001846396,-0.00948142070408453,0.00135366891912381,-0.00521821805250866,-0.00446864567107186,-0.00946082218118427
2021-11-12,-0.00585480083215784,0.0242055635444451,0.00824036847676912,-0.00473130750005057,0.015299106571854,0.00303554954567864,0.0146243241426418
2021-11-15,0.00471144309410843,0.0260087542700169,0.000165147138731392,0.00916803203464811,0.0174559764309707,0.00273674590815243,-0.00658171655839013
2021-11-16,0.00351694503669897,-0.0216912950142413,0.00090797035877932,-0.00218703325069658,-0.000744542840158569,-0.00594012612873118,0.0042371877875953
2021-11-17,-0.00607472724691238,-0.00300896406247886,-0.00329870954009648,0.00674418651019915,0.000768297451660738,-0.0111110184174684,-0.00122739138177463
2021-11-18,0.00164550289886489,-0.010372451418297,-0.0153897120714747,-0.00569419122091908,-0.00367349777393111,0.00561797274080011,-0.0286241229496909
2021-11-22,-0.00891811928354957,-0.00769787208609463,-0.0268067432050946,0.021475518760607,-0.0211357628542951,-0.0156230907535742,-0.0171322700295028
2021-11-23,-0.0210750508949995,0.0192152129549699,0.0151109579215265,-0.0122021876969425,0.00980232009198412,0.000132136762496016,0.0117188802405885
2021-11-24,-0.00338653577967329,0.0276354581636207,-0.00382780671646321,-0.00292127936944431,-0.00493459988353462,0.00164955470630046,-0.0126434308467901
2021-11-25,0.0024271473851778,0.00450120356223471,0.00555035029025053,0.0108823293296574,0.00477573764256123,0.00520397420328789,-0.00676512906293925
2021-11-26,0.0113801750456539,-0.0530332311919071,-0.0294667217880046,-0.0125869844780742,0.0023045845286771,-0.0236246104359774,-0.0387859053407368
2021-11-29,-0.00359113057780747,-0.00269534510339287,-0.0102371000050133,0.00234819510494089,-0.0115412046986145,0.00761789975740812,-0.00612989972846933
2021-11-30,-0.00264297484801934,-0.00132126273392497,0.0109617913159661,0.00694445995956139,0.00800758922842104,-0.0051289198630492,-0.00141468507794684
2021-12-01,-0.00722715608747504,0.0183120230646203,-0.000612099461792748,0.00457002956984742,0.0128051448826636,0.00743194061923735,0.0120413855213559
2021-12-02,-0.00558115863494368,0.0230023688248602,0.0141744923755787,-0.0226633401917951,0.00543360166407636,0.0140232187549822,0.00179170034405041
2021-12-03,-0.00146416237094327,-0.0139414654369646,0.00353719281995746,0.00194647698384265,-0.00932405041095918,-0.00799616568436268,0.00673496413281094
2021-12-06,0.00928643903028381,-0.0365903219605105,-0.013841133206461,-0.0153729175116741,-0.0157778280414714,-0.00644180783617687,-0.0103262559220078
2021-12-07,-0.00193699801053837,0.0199622637553696,0.0117687950910623,0.0232478261265106,0.0172349980185664,0.0145630587923016,0.00866688834218543
2021-12-08,0.0060650168024361,0.022073969716681,0.0130105304841845,0.0153420678217873,0.00697105878027959,0.0184178549834064,0.0149881059477119
2021-12-09,-0.00289372421146983,0.00393472463488642,0.00357232431772991,0.00231193772509108,-0.00997750261363206,-0.0173447319412739,0.0299991012902221
2021-12-10,-0.00193465584787111,0.0105385662409703,0.00991614390645834,-0.00436608272478556,-0.000751949814849384,-0.00281599749028416,-0.00340459282496475
2021-12-13,0.0067845596363254,-0.0119800210901458,0.00109094704114465,0.00926694308229314,-0.0149581876200955,-0.00748752350721171,-0.00635204518179999
2021-12-14,0,0.000319882110351166,-0.00335318570549903,-0.0150024740178093,0.0135286477224603,-0.00575740667143398,0.00225618532804051
2021-12-15,-0.00192534338932226,-0.014417830740599,-0.00471021584211151,-0.00823968249019369,-0.00185559459001938,-0.00163042454331142,0.0080934913773103
2021-12-16,0.00602845412686404,0.00398168025838852,-0.0071832879317848,0.0246726646664797,0.00281471759708163,6.66140247742586e-05,-0.00366856946960759
2021-12-17,0.0100670699102687,-0.0333422512053863,-0.0244297128411057,-0.031285829177417,-0.00921750828330137,-0.0180320675598612,-0.0143017727023173
2021-12-20,-0.0066444894008626,-0.0336412637575255,-0.0297531074421911,-0.0135272107764103,-0.0103985020122555,-0.0321781397886027,-0.0258513825215652
2021-12-21,-0.00406120356339745,0.0192145821218896,0.0120503957199645,0.00505653356485691,0.0179676423738202,0.0113281878696607,0.0156723105429688
2021-12-22,-0.00407767269237569,0.0232026272333035,0.0105740397345426,0.0108297459607374,-0.00155570939207073,0.00235820122038377,0.0237750094491973
2021-12-23,0.00409436818571907,0.0109161130889985,0.0120460307460633,0.0104605859135531,0.000935374661199084,-0.000761261347049902,0.0039818054631664
2021-12-24,0.000479742346426004,0.0131248829451847,-0.00877499695586492,0.00634498366985992,0.000814833196258968,-0.00360081575011606,-0.0101412559428152
2021-12-27,-0.00287698236678791,0.0188434735273548,0.00298013829607102,0.00174215267029765,0.00406504390524987,0.00827011271467848,0.00365704967092984
2021-12-28,0.000480895832899675,0.012021797414099,0.00629206692985185,0.0110145079176371,0.00272774352472416,0.00689270160365463,0.0178436642507085
2021-12-29,-0.00264360991920287,-0.018817875017913,0.0067737626483797,0.00278502893832799,0.00230690987404358,-0.0047575721505132,-0.002447984471598
2021-12-30,-0.00674695853727414,-0.0126015129192888,-0.000345043693798397,-0.00906715101253075,0.000355663993731659,0.005261953232087,-0.00482887943615462
2021-12-31,0.00630757675481619,0.0076927265377682,0.0107860903148098,-0.0061000567031757,0.0154148228816269,0.0122476590148624,0.00540913542720789
2022-01-03,0.00602700103083276,0.00450445163405977,0.0123783247037503,-0.00248820645697234,-0.00140811166575472,0.0272069195044351,0.014214877399189
2022-01-04,-0.00647017638929992,0.00107740616851726,0.00193948363298935,0.00997758885117506,0.0107277423725225,0.00585662295487532,0.00764500143179703
2022-01-05,0.00241201859687967,-0.0020652376827518,-0.00159907794895009,-0.0158886991502462,0.00234802704974624,0.0237478499856416,0.00570302657952038
2022-01-06,-0.00769970366338513,-0.00136995142873542,0.000674381125406187,-0.0312029724641661,-0.0144564661735652,-0.0160398012007281,-0.0123677929052185
2022-01-07,-0.00363728224475868,-0.00817235205024036,0.00421194510871992,0.00777136296392333,0.0129939859317889,0.00701426421516316,-0.0101845057361258
2022-01-10,-0.00048674757092726,0.0314873470471644,0.00394263253345106,-0.0141376192170533,-0.00979001445980421,0.00554641407521195,0.0253031752191111
2022-01-11,0.00340879938370398,0.0520940544434609,0.00217247773702778,-0.00112982145121088,0.00273740021698465,0.00432912638473848,0.00412160422564067
2022-01-12,0.00291198129696757,-0.00748421665566146,0.00883773167431423,0.00617766538403708,-0.00277562299144285,-0.00590706424405119,0.00665424969688355
2022-01-13,0.00217750626429924,0.0127043072014204,0.00611568482454161,0.00544791816623236,0.000370423189129498,-0.0184048735306005,0.0223888083738635
2022-01-14,0.00265573672656605,0.00911872642804146,0.00213571661567968,-0.0180613961877698,-0.0159401270072613,0.0112237529142085,0.0130549140262326
2022-01-17,0,0.00403677276926939,0.000983629070344438,0.00254007988244176,-0.00345095642331938,-0.0153059454204281,0.0120552605904154
2022-01-18,-0.000240749381822503,-0.0196240404871456,-0.0154765750666619,-0.00690198254277741,0.00240007643301965,0.00509366550584844,-0.0228085956723718
2022-01-19,0.00192673447676861,0.00453584525931294,-0.00399237580912792,-0.00756576602625925,-0.0228384676553663,-0.00706242460001272,-0.000642712708753046
2022-01-20,0.0108173264289755,0.00894922400012077,-0.00400837876353732,-0.00647101979733578,-0.010714450700413,-0.00622326364226466,-0.00861016067982345
2022-01-21,-0.00499403301504875,-0.020098094564041,-0.0165170927035749,-0.0320307272362165,0.0128187896624483,0.00834979098508537,-0.0236834533739284
2022-01-24,0.00478013294001101,-0.0615582393555025,-0.0328218755613914,-0.0112452875354931,-0.0135183544554101,-0.022969112271977,-0.0287058077902144
2022-01-25,0.000475748271363319,0.0149202903541981,0.00546498689519481,-0.00885612918776568,0.00390009223408727,0.00094167295940295,0.0133691030776939
2022-01-27,-0.00570617381432614,-0.0318136241570754,-0.0113088535020472,-0.00413847293706937,-0.0215691307265347,-0.0088035296169966,-0.00750531712521596
2022-01-28,-0.00932566696543291,0.00456710235028823,0.0122362555218065,-0.00604457316065687,-5.70704536144717e-05,-0.00793240036918574,-0.00696028236363255
2022-01-31,-0.00434468510378683,0.0125464040554506,0.0108619290819199,0.0210946528484053,0.00746025963793917,0.0153425692623357,0.00613948281137056
2022-02-01,0.0072727087772253,0.0186303225849715,0.0190640980862451,0.0251256709532846,0.0081067140116402,0.00760580730157856,0.0425833549004895
2022-02-02,-0.000962717599562901,0.0185757416801073,0.00748303481488688,0.0224218728140635,-0.009160899927942,0.0228456909636661,-0.00391865732316388
2022-02-03,0.00120460259647559,-0.0154552045219022,-0.0102971065676606,-0.0271685841535514,-0.0104888229693575,-0.0103514490222572,-0.0247390127055244
2022-02-04,0.000962394117142162,0.00311120993732317,-0.00656664044374111,-0.00794015468654896,0.00136830307156299,0.00570822205724975,0.00739539055461647
2022-02-07,0.000721216228236177,-0.0145108466890722,-0.00772599830357468,-0.00459981613649973,-0.0141230769661372,-0.0366468964517267,-0.032572736637501
2022-02-08,0.00456398322926077,-0.00912357399782471,-0.00908379146664173,-0.00268015983652503,0.000796628156348067,-0.00429110304253744,-0.00472276768240054
2022-02-09,0.00406508811293982,0.0391317339078028,0.010389404853278,0.0179778958963459,0.0026483964379409,0.0244553687423477,0.00703774831498349
2022-02-10,0.00428665118560412,0.00165433633099465,0.00250577445537981,0.00864819836898345,0.000264677656282908,0.0183625866793093,0.00645917421226416
2022-02-11,0.000474281684422762,-0.0122053071478657,-0.0178417493080313,-0.018411560102344,-0.0178970779596843,-0.00409802133105974,-0.0156497234804499
2022-02-16,-0.00187270198428546,-0.00352582988831718,-0.000626968672064465,0.00761881937818543,0.00201812205046958,-0.00135077576142606,-0.00818220649418477
2022-02-17,0.017589118450646,-0.00411373397853609,-0.00161298218198913,-0.0164890007647466,-0.00536673737758098,-0.00610259075464081,0.00429949518931583
2022-02-18,-0.00483980381255211,0.00309081802990852,-0.00394939796197036,0.00314935133538796,-0.00643830369992104,0.00388322428406229,0.00770590461831211
2022-02-21,-0.00185275197983492,-0.0294304826745719,-0.00955210910095938,-0.0449677064575391,0.00537503177547283,0.00644691905254158,-0.0101694149946761
2022-02-22,0.00649658013705645,-0.0103844753255458,-0.00909835289492167,-0.0174031039973587,0.000270697597840375,-0.00748973796886809,-0.0104616685596819
2022-02-23,-0.00668512928508191,0.0125921330859822,-0.00293827300944338,0.00924926170235274,-0.0101789739831633,-0.00648694576208397,-0.0130932501410138
2022-02-24,0.0355070497535142,-0.0857167013354183,-0.0460447570551702,-0.0410451311006984,-0.0101469115488236,-0.0543008117779461,-0.0345823045936796
2022-02-25,-0.0224114752115203,0.0484147733094176,0.0340767113957336,0.0503253041635428,-0.00167099475222643,0.0258559836488548,0.0112100663586403
2022-02-28,-0.000687729941115323,0.0159078154813124,0.00942862659577526,0.00677576802031865,-0.00428715417767278,-0.0204999059801717,0.0223403559455013
2022-03-02,0.0183528156517581,-0.0016114477965683,-0.00147966370830355,0.00903754247385291,0.0116475092776331,-0.036459177435505,-0.0177514642299739
2022-03-03,0.000225324090290524,0.00121813734750087,-0.00250073417994146,0.00800384937313936,-0.0228697494688036,-0.00236505220561334,-0.0180442749397058
2022-03-04,0.00563063043712475,-0.0175203721103041,-0.0209841650034776,-0.0141790338124465,-0.00256066046324943,-0.00328225322587916,-0.0231409876338879
2022-03-07,0.0302351271665386,-0.0315480070166444,-0.016312606040188,-0.0118899017440215,-0.00286365218725293,-0.0305158786638857,-0.0451584511005362
2022-03-08,-0.00152173249617871,0.0240081494605942,0.00462780294918907,0.00232894572209763,-0.00454069618090835,0.00226447710104405,0.0147144583623797
2022-03-09,-0.00587852070476136,0.0343095372628834,0.0203455163980002,-0.00706751234836955,-0.00681800078820993,0.0326480488968202,0.0195657667387696
2022-03-10,-0.0188348798341116,0.0520961531530626,0.0106282661461763,0.00234014721994269,0.0293659898919583,0.0157165962869135,0.0220290664849148
2022-03-11,0.0107142756788097,-0.00502055859110717,0.00549096309020247,-0.000680930863289686,-0.0182246552610823,0.00294403293360546,0.00026056813366182
2022-03-14,-0.0141342625199243,0.00115344143422114,0.001110725153324,-0.000778758185928652,0.00229406205182814,0.0327534429348382,0.0104704607867614
2022-03-15,-0.00694438984839307,-0.0199873097788132,-0.00758142840657106,-0.0313687401153261,0.00543556695738978,-0.0128593279568555,-0.00188924132471457
2022-03-16,-0.00225586024560698,0.0332666873998917,0.0174213043635247,0.0519963607872602,0.0207195567510197,0.016959438675072,0.00731305399328974
2022-03-17,0,0.0350682652701122,0.0126361804320734,0.0192160818886413,0.0258538509203676,0.0220280959627874,0.0180504026376245
2022-03-21,-0.00203482146776757,-0.00917761010600759,-0.00415949995212228,0.010693174965968,-0.0223006800297652,0.00435786895669033,-0.0176743280541264
2022-03-22,0.00407794081705393,0.0158627996218192,0.00372290631376226,0.0139211136890951,-0.0250162345233866,0.00514637815498231,0.0101064846237673
2022-03-23,0.00225628327639127,-0.0112198966550321,0.000542767849618597,0.0227917424601329,-0.00487970199551579,-0.00997238313556215,-0.00383306368020309
2022-03-24,0.00360206368088578,0.0120374921601971,0.00913202667418478,-0.0106496763447457,0.00368430484067095,-0.0247421364025613,0.00243320019134763
2022-03-25,0.00471061184045007,0.018660016400933,-0.000448015872093532,0.0213478113541674,-0.014183314877622,-0.00814481323677507,-0.0115436942301105
2022-03-28,-0.00669790647306168,0.0228708976004426,-0.00197204397201223,0.000708477540214636,-0.0175480611295097,0.00132797245854221,-0.00542516356394318
2022-03-29,-0.00696788855013819,0.00395351088384666,0.00547871951154333,0.00690325510260914,0.00366829752832709,0.0132607472322497,0.00289972920914283
2022-03-30,-0.00158442042418949,0.0406833483407609,0.00794997243331697,0.0196888947812111,0.0222257293483084,0.0173232115940445,0.0154296010526176
2022-03-31,0.000226667907387457,0.00977307609694789,0.00531731764434795,0.00172396297353172,0.00477227435846506,-0.00446858503904124,-0.00335484491428073
2022-04-01,0.0101994735683062,0.0143443654504969,0.00476023363809652,-0.00533519276711591,0.0101635823539179,0.0242459465811127,0.0127004380062721
2022-04-04,-0.00785278161358705,0.010862776413225,0.0156167637030395,0.00224934807914035,0.014976769984564,0.100132818528003,0.0202502692803435
2022-04-05,0.00203528154915,0.0358208591055604,0.0143399792854297,0.000776900893142862,0.0113943839167987,-0.0293035644030364,0.00531120240905025
2022-04-06,0.00406229518386514,0.00941648118619076,0.0038324355702104,-0.0167328135290207,0.0107390678108805,-0.0356909347113605,0.00912283337953856
2022-04-07,0.00337149259435154,-0.0282177996308193,-0.00636294207621668,-0.00956137138500546,-0.00155636888850774,-0.0219879083830983,-0.0143027072345269
2022-04-08,0.000448038934523609,0.0342536589482754,0.00845285041455845,0.00903371366560934,0.0145367167333954,-0.00138456412675969,0.00243660063056517
2022-04-11,0.0125392157457311,0.00426073877375965,0.00897466389904378,-0.0155358258432832,-0.00143337114643349,-0.0122140447131768,-0.0269014867504684
2022-04-12,-0.000442292287124335,0.00768298562727154,-0.014684904144406,-0.00606276999797839,-0.000463973421040653,-0.00177129647026719,-0.0189728447883057
2022-04-13,0.0117256365121885,0.00113791972414612,-0.00289555734280833,0.00529239612598142,-0.00192208286421125,-0.0191161009774528,0.0074956079704358
2022-04-18,0.0100590222846559,0.0156400985128073,-0.00768706450122536,-0.00231999765270341,0.00974315152611327,-0.0474420108876064,-0.0127499192502926
2022-04-19,-0.00454641893735031,-0.0293438753119157,-0.0179032692855142,-0.00706556598495001,-0.0330201402019611,-0.038159709213064,-0.0187534001727028
2022-04-20,-0.0165288892801115,0.00721745287942599,0.0093777362763674,0.00684563285183581,0.0198679358712279,0.00901522201299887,-0.00829544172754704
2022-04-21,-0.000221188322876209,0.0468876200446517,0.00538337029121538,-0.0100196379443416,-0.000672571580732417,0.0148046606208974,0.0135374710550491
2022-04-22,0.00265434083194327,-0.00570781557850308,-0.00319546371583468,-0.00650642686495462,-0.000835004440781884,-0.0136429558535437,-0.0117528112227312
2022-04-25,-0.00948599796616811,0.0047949044936999,-0.017241361075545,-0.02028382124261,-0.000717659663133641,0.00748761078126647,-0.0218371171863937
2022-04-26,-0.00579069326045822,0.0486385787023884,0.0145464297050135,0.00779875568122868,0.0132630627659447,0.00461283724256711,0.0257036020955392
2022-04-27,-0.00470428063046424,-0.0255500471586468,-0.0125999700605274,-0.0269921715596703,-0.0104665193437715,0.000364415687539088,-0.0134709766760313
2022-04-28,-0.00225069712883719,0.0190437752511221,0.00404821874145411,0.0202613078394158,0.0112329093164385,-0.000874355079969802,0.0251632518001679
2022-04-29,0.0103766989729834,-0.0195709384022495,0.000964156489459356,0.00519671072283212,-0.00528548709295784,0.00966199336601781,-0.0144831737368993
2022-05-05,0.0127330918399218,0.000709911753376646,0.0020737149034793,0.00297314599080378,-0.0267584303412615,-0.00224921831462643,0.00226444953367611
2022-05-06,0.000224479598735616,-0.00341414192480582,-0.0187151506431303,-0.0313107674754132,-0.0345551142067881,-0.0261280940428196,-0.00928164303975598
2022-05-09,-0.00291809361036055,-0.0222672952849384,-0.0132036937855061,-0.0132925255207516,-0.028895922063196,0.0017074900371663,-0.00388287473960724
2022-05-10,-0.00360197780296101,-0.040111010113651,-0.0187697846209643,0.00222914669755103,0.000984590855362066,0.0160626002788287,-0.00507389832017124
2022-05-11,-0.00451868404488587,0.00464560541340453,-0.0103219351670516,0.00560868563118211,-0.000496408283257921,0.00562994622861002,-0.0231038679969767
2022-05-12,-0.000907873678632987,-0.0349642554359805,-0.021624744905129,-0.0253870510999233,-0.0177079669618252,-0.0225415074751614,-0.0284250314540389
2022-05-13,-0.0136302199586311,0.00437609443486764,0.01271396627636,0.0168722161836963,0.0112793498627186,-0.00897886722884167,0.00547133095294972
2022-05-16,-0.00644861333727864,0.025192797953272,0.0100433921340686,0.00882984362183792,-0.0112235796645221,0.0106475906321333,0.00547403480786057
2022-05-17,0.00927217272921177,0.0374901543045165,0.0252414868675788,0,0.0064462714957696,0.00681958390292459,0.0396655058785296
2022-05-18,-0.00344514291972398,-0.00171650046689442,-0.00708758847745883,0.00278927490740077,0.00123736362726445,-7.60526048507737e-05,-0.0196993981348883
2022-05-19,0.00460937464283928,-0.0304205112763938,-0.0194420932759575,-0.0409553441873286,-0.0152567449195208,-0.0204353680342783,-0.0156121240040725
2022-05-20,0.00757049816935673,0.0495567253002005,0.0191570878426111,0.00970098251251783,0.0477032508332176,0.0263390197261624,0.0401498658379804
2022-05-23,0.00751370320611766,-0.0220313532304556,-0.009680439516219,-0.000792411170564167,0.00784614289910102,-0.0128314420700628,0.0211477181297677
2022-05-24,-0.00406780350679736,-0.00481446662112595,0,-0.0114987714541749,0.0113450478894879,0.0114647203736506,-0.0108566414610055
2022-05-25,0.00113454135254787,-0.0398341955061297,-0.0234412181486182,-0.00832332351478515,0.00562333551674921,0.00746810226086336,-0.0316976487013672
2022-05-26,-0.00566636459774095,-0.0133789362606976,0.0112730419389071,-0.00505612299611702,0.0213352048049538,0.0285218220274015,-0.00647722201935763
2022-05-27,0.00478693650063655,0.0164923064340758,0.0126849867940941,0.0103669506940585,-0.000648746080552653,0.0185483326181723,0.0228499274572249
2022-05-30,-0.00226865437078783,0.0411029304168908,0.0235339098649783,0.0113670376399821,0.00373285625475361,0.00682462846458076,0.0378367350149196
2022-05-31,-0.000682100491339654,0.000877327275839557,0.00101984618699325,0.00268546489564137,-0.000869786175762943,-0.00899019824860559,-0.00382333721294426
2022-06-01,-0.00978385205258914,-0.00768154012356481,0.00342683257390353,-0.00664614805248742,-0.025433054919627,0.00424794354395108,-0.0039286068894161
2022-06-02,0.0105698317930647,0.0271979985582103,0.00396898947489999,0.00259638643713989,0.00883038013817061,-0.00699008497666986,-0.00658376461960108
2022-06-03,0.00386543850413901,-0.00878072939658314,-0.0130550539006183,0.00966136659323746,-0.0128091290003624,-0.00346537068406627,0.00910112950158992
2022-06-06,-0.00339754293759154,0.016004674724533,-0.0021424846838215,-0.00631349878966059,-0.0101392846117313,-0.00134037287551647,-0.00717295831799136
2022-06-07,-0.00318180431019177,0.00112365901556566,-0.0111090591009551,-0.00218406843414432,-0.0147084798223628,-0.0114984505342121,-0.030941321801164
2022-06-08,0.000456006782611595,-0.0226033873610404,-0.000566388732378909,-0.0060690537994893,-0.00138244127330323,0.00352268752715945,-0.00308284024051164
2022-06-09,0.00159525280584094,0.0192908500599407,0.00377816082088733,0.0102101764513205,0.00265483551147794,0.00753259884231516,0.00665804638835898
2022-06-10,-0.00318542405502054,-0.00725500733329087,-0.00564598186764165,-0.0145660052256666,0.000402758212469045,-0.0193076396064513,-0.00626921409804593
2022-06-13,0.00867375579790863,-0.0559892614205694,-0.0264975439659481,-0.0243338184334463,0.00474212660660833,-0.0181333687598366,-0.033467886613526
2022-06-14,-0.0140302998676726,0.0561124522070355,-0.00349956839447563,-0.0171080702215678,0.00100851776061339,-0.0110055094129303,0.00822422500770026
2022-06-15,0.000918083906530143,-0.00539501505020823,0.00370692854842569,-0.00650102473237324,-0.00409855041412199,-0.00346797835122914,0.0101640981949922
2022-06-16,0.00252237121788657,-0.0465074055875373,-0.0219652264519096,-0.00453826179605044,0.00426727500765356,-0.0200007534874932,-0.0211170403842881
2022-06-17,0.00823423147987223,0.00614498076110737,-0.0120242384726047,0.0238549619092447,-0.0137252764650836,0.0065948320975131,-0.0245188091003502
2022-06-20,-0.00589841482373299,-0.00761026264652764,-0.018607910965532,-0.0455628201282342,0.0195102971630638,0.0251212452077036,-0.01218152050865
2022-06-21,-0.000912846093243269,0.0394016911816955,0.02931229496051,0.00184439809398396,0.000277142930222185,0.0108912841638773,0.0193639618649744
2022-06-22,-0.0022841132231457,-0.0335830972460699,-0.0131434799443707,-0.0184101907695724,-0.0115867647218088,-0.00471356348950147,-0.0143638421081739
2022-06-23,0.00183145640564342,0.0101234402199126,0.0102915612630909,-0.00739185981307311,0.011990883553165,0.00368357489678739,0.0105156953710719
2022-06-24,-0.00228515717451216,0.0242139473189917,0.0152802002462771,0.0173390856666431,0.0150415150688084,0.0139683483386384,0.000368054581411315
2022-06-27,0.00480987368773667,0.00932260865046874,0.0100334114334346,0.0319020890187729,0.00734694010581594,0.0018097964076671,0.0273941682492118
2022-06-28,-0.00159561651535267,0.0105425894390614,0.00233733797288882,-0.0206458127183505,0.00262992908566995,-0.00763141411671375,0.0102225837694634
2022-06-29,-0.000913262927491054,0.00703079980217369,-0.00165175060211575,-0.0287567963471284,0.00546718366004062,-0.00144897752906414,-0.00232038038045501
2022-06-30,0,-0.0131525827223357,-0.00408757342039234,0.000779244513272825,-0.00166008535956286,0.00301364892246947,0.00668649497620866
2022-07-01,0.0137112045665484,0.0188508117880646,0.00322487858057019,-0.0162385346946936,0.0186062065598058,0.00426554796153922,0.00892026549867375
2022-07-04,0.00721369906269897,0.0132828703522532,0.0028247932572385,0.0183154641320111,0.0112108250541767,0.00140352274206901,0.00607446296683745
2022-07-05,0.00268574151891543,-0.00680859589288207,0.0023312821785193,-0.00288666744877775,-0.000530652769583972,-0.00224990816410198,-0.0106214471069003
2022-07-06,-0.0140625240813412,0.0117518147602131,0.0153115046446222,0.02349405041432,0.0224437465623393,0.0137884302109199,-0.00559143512790294
2022-07-07,-0.0131310400815277,0.000637968628651731,0.0152716059442721,0.00848562657565832,-0.00998987400676699,0.0179032940579069,0.035311490358616
2022-07-08,-0.000458831330435006,0.00824430131996623,0.00103413187469426,0.0154261095172872,0.0117660429898709,0.000931296963820438,0.0473900010929955
2022-07-11,-0.000229477199982453,0.0349751953093946,0.0117392933939893,-0.00849883613838343,0.00381389738581439,0.00647775633446757,-0.0144893251213964
2022-07-12,0.00137735437792097,-0.00320233256832025,-0.00538384677417125,-0.0199292893374043,-0.019700500206449,-0.0102051773712042,-0.0055621942866888
2022-07-13,-0.00412655455257716,-0.00513605540684225,-0.000279969938121072,0.00502896117124507,0.00686891995936079,-0.0243930052323269,-0.00393046646241946
2022-07-14,-0.00322282214719871,0.0129943824710474,-0.000280119566113068,-0.00337210440079039,0.00622755390629526,-0.0050077024775369,-0.000667760159014819
2022-07-15,-0.00438795912371204,0.00929465435754273,0.00522929505218528,0.010150625161496,0.0222291159699908,0.00814190593401465,0.023509253768609
2022-07-18,0.0102064166197977,0.00762913447736291,0.017835561000747,0.02593186188381,-0.00778292269319769,-0.0106458866190164,0.0254029211209523
2022-07-19,-0.00367393456291842,0.011429364932233,0.00492836467127278,-0.012638198913227,-0.0132992323860315,0.000371178376998405,0.00124452342781889
2022-07-20,0,-8.17178427566789e-05,-0.00208885074615073,0.0244266764322916,0.0130266146998579,0.0126106952301333,0.00586768076917821
2022-07-21,-0.00829685677380876,0.0181143049643804,0.01519845140229,0.0133277672542165,0.0119703425273272,-0.00315003933888758,0.0274746698383133
2022-07-22,0.0153381330730982,0.00156277504154656,0.00233074405847655,0.00595973934313054,0.00790864154521898,0.0233326099914051,0.00147296260110452
2022-07-25,-0.00205997151331727,0.0204849833383061,-0.00152042011141473,-0.00939732537902072,-0.0121859629789735,0.00294432052460691,0.00831564425097819
2022-07-26,-0.00321099528779878,0.00356770107143234,-0.00806164036903745,-0.0175294340976652,-0.0132241153261804,-0.00204055215396848,-0.0175039970675839
2022-07-27,0.00253107714378364,-0.00429726695045018,0.00677262068329321,0.00734681556050587,0.00175041096695261,0.00764128013947163,0.0259243059739538
2022-07-28,0.0103282250652141,0.000666857572120261,0.00726527225319384,0.0118774676992766,0.0307682850207576,0.0088649890592416,0.002560407519413
2022-07-29,0.000908698662230201,0.00737149441403062,0.0154941924887355,0.0224464604975776,0.0129078653990589,0.0122453388880315,0.00377511255988816
2022-08-01,0.00363140813493268,0.0354001601815479,0.0149947305396754,0.00835845091794751,-0.00536699215430148,0.00833221922399185,0.00367793888969548
2022-08-02,-0.000904588747695834,0.00883407106130774,0.003369325180548,-0.0119843901044472,0.0105736798710168,-0.0109946695375421,-0.0119303066813785
2022-08-03,0.000226308770125305,0.0103403426110575,-0.00904083913617959,0.00748001477293858,-0.0047742555046314,0.00234216909615204,-0.00181258937671835
2022-08-04,0.0106359184274571,0.00449966100545174,0.00886266665146396,0.0305006618980208,0.02499771455606,-0.00118584249414044,-0.00541958375176366
2022-08-05,0.00134351485660589,-0.00925257233418642,0.00146411306564187,0.00233665530044602,0.00360199660801697,-0.00338695951695911,0.00412901170375846
2022-08-08,-0.00223618707711626,0.0346501219615769,0.00343998563878656,-0.00310830213025748,-0.0134804721686027,0.0245261627794029,0.0236090351777554
2022-08-10,0.00560286880288019,0.0126437020257728,-0.000942754628589837,-0.0138360928280939,0.00593050748340773,0.00290682932469477,0.0139371397416628
2022-08-11,0.000891484655216157,0.00242300945421814,0.00866434021510343,0.0231202844427667,-0.00454743022930593,0.0132305259760646,0.00646850560669909
2022-08-12,0.00200401142047824,0.010761887246663,0.00637863572308528,0.00231770020952649,-0.00692851596419641,-0.000370165285526358,-0.0110865187771378
2022-08-16,-0.00777774386935759,0.0388542853939762,0.0125073582746338,0.0139704878644553,0.00714829998955646,0.0114466406456546,0.00132692599324402
2022-08-17,-0.00111988913883532,0.0110220775241507,0.0037559851999549,-0.00437095300085533,0.00265957636525549,0.00515921219648674,0.00367788879676434
2022-08-18,-0.00112105916527239,0.0481943450513855,0.00482283545116813,-0.00563081069635596,-0.00900164168927065,0.00119210337198972,0.0209355501356565
2022-08-19,-0.00291809361036055,-0.00743576996546425,-0.0126613606890447,-0.00700646261472282,-0.00596952135360052,-0.0123370006637942,0.021904837703776
2022-08-22,-0.00968024556964375,-0.0251101459960897,-0.0175173613331457,-0.0126618748326507,0.000581253844577523,-0.0152038871459168,-0.0286149430855103
2022-08-23,0.0036371866630418,-0.00686546248697772,0.00810439292227549,-0.00832108136489607,0.00891683049294878,-0.00309440536596284,-0.00191420579138457
2022-08-24,0.00407701696386753,0.0343162083177171,0.00313110563015373,-0.0144127015783131,0.00231320903690979,0.00480956673873134,0.00868378655820035
2022-08-25,0.00699295163070768,-0.0217887381353361,0.00632697818632932,0.0162259896434633,-0.00734071122536584,-0.00543169128606724,-0.00816019351373454
2022-08-26,-0.00761649097752304,0.0238720570115927,0.00310170797000864,0.000788506128292843,7.41924721376908e-05,0.000170771896896404,0.0146440803505519
2022-08-29,-0.0101580309410704,0.000971390224646651,-0.00752132290101115,-0.0317116524686847,0.0060554213908024,-0.0175414400988266,-0.0125433849022537
2022-08-30,0.00114032049025781,0.0164674106219682,0.0182721297567516,0.00732303928944211,0.0142266421151072,0.0324439668667804,0.0217912761561974
2022-09-01,-0.0125285428847557,0.0121775953623102,0.00264615640466936,-0.0374596026875744,-0.00968092602557202,-0.00938682675485536,-0.00496759391524326
2022-09-02,0.000461371590949611,0.0379031054427155,-0.00107214229623065,0.0125878204677772,-0.00867340467033162,0.0090682168502938,0.0144019502071884
2022-09-05,0.00391980603710818,-0.00275640792504994,0.00553168885198208,-0.0161607539451075,-0.0154433909048171,0.00642889681613235,0.0143518418674138
2022-09-06,-0.000918716460409641,0.0266692509757303,0.00279166052495916,0.00979256916101878,-0.0113085733319566,-0.00381261939501609,-0.00307353892058315
2022-09-07,-0.00206896902500897,0.0110454702260434,0.00605916244826044,-0.0117831581317291,0.00721571506405039,-0.00473351684552958,-0.00214037026292258
2022-09-08,0.00437684006857486,-0.00315223107480234,0.00244156763780667,0.0157223335015606,-0.00289646196658333,0.0103217664144262,0.00832441083673374
2022-09-09,0.00137617833465353,-0.00334993917516824,0.00397828611227191,0.0107001740747854,-0.00379098243031351,0.000667719002146239,-0.012484822309907
2022-09-12,-0.00137428707056153,0.00365091353275204,0.00784403657272259,0,-0.00435935632193762,-0.0033697524385381,0.00623160553406232
2022-09-13,-0.00229354306469642,0.0265605240857603,0.00256759770421522,0.0176791160912468,0.00503212132647746,0.013089541101563,0.0150109852164177
2022-09-14,-0.00735631482354526,0.00458409094004408,-0.00280110830467706,-0.0284819678212319,0.00236580260258368,0.0102769027605398,-0.0188064215253536
2022-09-15,-0.00301067779519337,0.0494386415378558,0.00626002238241496,0.00738121495427912,-0.00522014881655741,-0.0052006901749605,0.00184244394506927
2022-09-16,-0.0183507765279414,-0.0124043594519374,-0.0269580262199745,-0.0283797725149216,-0.0318164240691134,-0.0183796560609654,-0.0191570935834212
2022-09-19,0.00189308647023601,0.0206498523122984,0,-0.00870950272474325,0.019617758113768,0.00659859574792288,-0.00484367901638694
2022-09-20,0.00354278519929907,0.0147937374265659,0.0141803553847015,0.00814308895237859,-0.00791897008291587,0.0120457124007214,0.0115140736748591
2022-09-21,0.00494231763184616,-0.0507100106953836,-0.00638487750823358,-0.00563289191120353,0.00178606787524149,-0.00154528274544785,-0.0191700399531944
2022-09-22,0.00679159040622412,0.02093353448763,0.00341628567272467,-0.00470280914379206,-0.00062205866994014,-0.021306084617464,-0.00393004248748818
2022-09-23,-0.00395445398941985,-0.0113015916474051,-0.0170233338499585,-0.0186856254493392,-0.00764007959691748,-0.0268169451327059,-0.0166031932979001
2022-09-26,-0.00420365031430714,-0.0239774073728916,-0.0319974007459894,-0.00426788576680381,-0.00230323124538323,-0.0134839782073589,-0.00290814573114995
2022-09-27,-0.00515950337364535,-0.00755667712448382,-0.00315211386816361,0.0102209069898889,0.0118867241833567,-0.00897221305580465,-0.00553618831465275
2022-09-28,-0.002828829256589,-0.00290813421316338,-0.00230753155740127,-0.0119669114015792,0.0090132705720869,-0.0171871125339033,-0.00312289708972713
2022-09-29,0.014184451528138,-0.021993648203081,0.00539664977163778,0.0203699458306266,0.00733521940485771,-0.00518140965596647,-0.0108693774644637
2022-09-30,0.00606056671994204,-0.00430741905240306,0.0140580545102904,-0.0173734827038239,0.00872795783259184,0.0282128006259479,0.0177362047762928
2022-10-03,-0.000463402637497223,-0.0863633033938246,-0.0148714223911005,-0.00417304264886953,-0.00795005444069163,-0.0057340063363015,-0.0153703287445114
2022-10-04,0.0210941089542636,0.0254647715893963,0.0271215377840153,0.0187472093352559,0.0136500531699371,0.0281629971233515,0.0287197399225785
2022-10-06,0.00522132908558204,0.0146091409472489,0.00755622378484477,0.0148300799665952,0.0025088251438381,-0.0110116135685244,0.0221206389096762
2022-10-07,0.00474261302979317,-0.00225263743973514,0.00296687507183613,-0.000746663411458348,0.00108024835262777,-0.00431461989699933,0.00606403486104079
2022-10-10,-0.0170825378187907,-0.00956497094025466,-0.0111750258377571,-0.0340521181790603,-0.0104523169194601,-0.0110427789173152,-0.00774211973285399
2022-10-11,-0.00708898642890687,0.0085329121714981,-0.0132125343715837,-0.00806714272043696,-0.034996459976707,-0.0101412591761236,-0.0160762900256171
2022-10-12,0.0039152922803245,-0.0153637332373905,0.00446314761513156,-0.013480381636313,0.0149295932695899,0.00653259318328647,0.0171904577968922
2022-10-13,0.00229406913904673,0.00310210348351969,-0.00595237333784993,0.00169388922998337,0.00204262853832771,-0.0114909906568589,-0.0183648784770639
2022-10-14,-0.00984207641775725,-0.00746828429824575,-0.000337361184366225,0.0103721063133371,0.00875901743089358,0.0325774566424248,0.0188950846499278
2022-10-17,-0.000462243269585438,0.000965841418654412,0.00134990014137526,-0.00948455788290015,-0.000414794242566852,0.00524673038157264,-0.0148567352598585
2022-10-18,-0.00277527155235502,0.0223183088183849,0.0102788878221265,0.0304157336908901,0.0247197442225833,-0.00186650982718894,0.0185323583767976
2022-10-19,0.00162336958622822,-0.00214654983668527,0.000667118665808486,0.000327963035930079,0.0181169567589197,0.0102504839325464,-0.00688187080465752
2022-10-20,-0.00347297327971852,0.024365045887691,-0.00316690774383876,-0.00918028784579916,0.0163127267695216,-0.00675276736783603,-0.000393652324642502
2022-10-21,-0.0072026339845912,-0.0134640767919529,-0.00501629020198469,-0.00937575633333976,0.011657047846636,-0.0070404954201847,-0.0143895859568286
2022-10-24,0.0175520713324293,-0.000634004891105877,0.0141164631125095,0.0227146305643358,0.0285833890619536,0.0156055468462195,0.0175834726061004
2022-10-25,-0.00712974647090048,-0.00280993946344754,-0.00770569464216631,0.000326606203540969,-0.0283903873467053,-0.00694704614845576,0.0206047992335272
2022-10-27,0.00671764947481424,0.00742321106808475,0.00634597940280113,-0.00402693870535287,-0.00735361908504872,0.00241219338784227,0.00767023937104128
2022-10-28,-0.00414174663984501,-0.000511310999637637,-0.00614004218703323,-0.0121298282640089,0.00741063133012565,0.00295651921041507,0.00560072162398972
2022-10-31,-0.00115525042677367,0.00726681810470864,0.00709633062935056,0.0234512730243772,0.00996647299353226,0.0260505888668709,0.0243283851385929
2022-11-01,0.00185060911177026,0.0681863034389325,0.0133466023958311,0.0115650641336724,0.0111254329364707,0.0110578050528354,0.000667338602128087
2022-11-02,0.004386945755817,0.00139827249527813,0.000163647519719534,-0.00972321902257012,-0.00983984128763438,0.000627751472110027,-0.00550760365775393
2022-11-03,-0.0114942528735632,0.00270889643447259,-0.00147227467716882,-0.0347432154736765,0.00177066397534031,-0.00439167384759964,-0.00228482040982769
2022-11-04,0.0067442073378452,0.0676388433229098,0.0211336975127598,-0.0145315832290112,9.07065036377386e-05,-0.00689861514496382,0.00318604783156506
2022-11-07,0.0103950277990881,0.0332224446716367,-0.0105086246550983,0.00589832828341752,0.00269019785829072,0.00778137159604286,0.00126552580334671
2022-11-09,0.00525833409717391,0.00924094162008582,-0.00907981460107177,0.00360847647409779,-0.0078294322267638,-0.000298349930882069,-0.00701322260847259
2022-11-10,0.00477596267097158,-0.00123834386957677,-0.00572694558137721,-0.016629251201501,-0.00711621928003925,0.0108728899612516,-0.0129023461728671
2022-11-11,0.0131280672782039,0.00415817203150226,-0.000575986962291886,0.0502742423976943,0.00729608829417749,0.0566651049665448,0.0169140065834619
2022-11-14,0.00134051330520601,0.00341742122796185,0.00065866813484039,0.00739774063012888,-0.0126608430618012,0.00242061297811902,-0.00561882527487034
2022-11-15,0.00736282537486943,0.00876298958765664,-0.00041141230361319,0.00583154346031933,-0.000480854023051536,0.00244574576922618,-0.00162513082471183
2022-11-16,0.00442961110704632,-0.0249394806517103,-0.00856038302588114,0.00837447696379923,0.00211161294114537,0.00858553923983374,0.00353109349756542
2022-11-17,-0.00396913585958547,0.0155562267498854,-0.00298879717287381,-0.0101149591861502,-0.00531904718282106,-0.00903300871390122,0.0129516403944843
2022-11-18,0.00199247633907951,0.00041056820204366,-0.00374716430980693,0.00656126279813063,-0.00329652969114103,-0.00262649259247016,-0.00251284352661141
2022-11-21,-0.0101634799277888,-0.00446529481818803,0.000835828106245717,-0.00587735671079348,-0.0082005380333432,-0.0102546361305184,-0.00642155979299619
2022-11-22,0.00223219398485242,0.00803370825316452,-8.34684066665092e-05,-0.00849189429101826,-0.00749945005702324,-0.00147121183537247,0.00912291085788985
2022-11-23,-0.00289534663022906,-0.0323996082034747,0.00409252359501555,0.0117086064187659,-0.00246759785821071,0.00260195988171574,-0.00236483689772837
2022-11-24,0.00603083437576446,0.00456021976479559,0.00399264450728021,0.00953707021601935,0.00870682387122712,0.0162585682761252,0.0134321323575091
2022-11-25,-0.00133217966410681,-0.00510053359428375,0.011681886476882,-0.00169829141566369,-0.0104432051786674,-0.00461496677746009,0.0051408361448777
2022-11-28,0.00311248090425109,-0.00383237848847318,0.00229300448691627,-0.00776186425567527,0.0146497770417739,-0.0107564046326329,0.00082407154544395
2022-11-29,-0.000443272567312469,-0.0019941770157017,-0.00253286673861985,-0.000535823531090163,0.0154297623147319,-0.00149981031786983,-0.00673297630036085
2022-11-30,0,0.0101845390779824,0.0109763787499366,-0.0063256819891232,0.00311369947048945,0.00663399782256135,0.0118505500768862
2022-12-01,0.00598670658311895,-0.000714545591204985,0.00850756009832776,0.0249244448747024,-0.00665636095716116,0.00686998354715307,0.01416961758798
2022-12-02,0.0112409554383317,0.0018900956986283,0.00618620258307123,0.00178972315152226,-0.0148781510113468,-0.00765665959951989,-0.00891054028727245
2022-12-05,0.00457713774158131,0.00201391985387134,0.00343341035220646,0.000945737015838999,5.05586993244656e-05,0.00364010989010999,4.79781963724779e-05
2022-12-06,-0.00585811362269029,0.0257989596431889,-0.00867348097216714,-0.00230972410187003,0.00804472220844654,-0.00111594080549193,0.00378784585132252
2022-12-07,0.000436500608836266,-0.00806090173292584,-0.00240811564736254,-0.0143112767317835,-1.24903749234573e-05,-0.000434661897310784,0.0145688894989615
2022-12-08,0.00479932853339449,0.00642612349219163,0.00249434793722725,0.00138790312110415,-0.00529859793152987,0.00561967335658631,0.0205742500682298
2022-12-09,0.00108552400281825,-0.00700618565671907,-0.00224736164641592,0.00191897973688193,0.0220343830399656,0.00713187856482467,-0.00629679287826823
2022-12-12,0.0017349385230645,0.00497896079721638,0.00522887570303854,-0.000425632199388404,0.0121333286444634,0.00778640562247257,0.00447993507879718
2022-12-13,-0.000649464823311963,0.0108297610543764,0.00320103656217618,0.0110709057749496,-0.00483468896454464,0.00276797461606071,0.00425188528537279
2022-12-14,0.00823225886853063,-0.0010837104583481,0.00462668975933944,0.00958092230524654,-0.0159307520309721,0.00846327738685981,0.0103777531563862
2022-12-15,-0.0109583611129735,-0.002970983968832,-0.0078609296011779,-0.0133486159917011,-0.0162309585199774,-0.0183185119483599,-0.00815308902524414
2022-12-16,0.00152074074908959,-0.0155672985841329,-0.012885159261096,-0.0188140658261672,4.30714633361529e-05,0.00481062177195524,-0.00117117295504821
2022-12-19,0.00694142528017339,0.0237389469715761,0.00405383504820489,-0.000215493612693685,0.0173744728231735,0.00311046320280028,0.00413802110816408
2022-12-20,0.00710904446513871,0.0220842351797899,-0.00185720069719264,-0.0195021830212962,0.00268416997472709,-0.00690071603719322,-0.0095009313841623
2022-12-21,0.00235295423211901,-0.0632247102509548,-0.0153709369508715,0.00351648016290351,0.0088723436768916,-0.00967315743611796,-0.00783535851501971
2022-12-22,0.000213365800319609,-0.00855976421268001,-0.00838054926250131,0.000657003490957653,-0.000374084074911796,-0.00343098636413897,-0.0169361966230771
2022-12-23,-0.00384041624232534,-0.0585103070449825,-0.035711368802737,-0.0169620865501318,-0.0085612268750741,-0.00893275084412193,-0.0223701293569023
2022-12-26,0,0.0204683831030308,0.0187317439132502,0.00467547768433985,-0.011685050686753,0.0199042410807426,0.0137195862329638
2022-12-27,0.00385522189912457,0.0142327413131174,0.0142544068505992,-0.00110801633375168,-0.0061062924050298,0.00101268623550732,0.0158053968360823
2022-12-28,-0.00682738856660248,0.00744119588576564,0.00149688403472581,-0.0118691034577194,0.00341828135055344,-0.000797107550228326,-0.00141241335631848
2022-12-29,0.00128896614982632,0.00339676446302462,0.00498213462260777,-0.013246523135616,-0.0017939257310271,0.00705610914187238,-0.0048088900851857
2022-12-30,0.00386183872170576,0.0125307841123974,0.00338762014578742,0.0120591301500907,-0.0101979196366933,-0.00801196550724759,-0.0118904742654319
2023-01-02,0.00812133460104003,-0.00444491663729019,0.00387023395301633,0.00876797197981327,-0.00226713901372111,0.000337778814037515,0.00174970574263789
2023-01-03,0.00975202283286847,-0.00266845293658446,0.0064801350373378,0.00568310840618347,0.00847320310921962,0.00653889981142242,-0.000239255431271235
2023-01-04,0.00923784624904256,-0.00101799953419102,-0.0106764269859464,-0.013739588518222,-0.0105133840561952,-0.0178727070665168,-0.00880812750084647
2023-01-05,-0.00603288781710909,0.000718598372723589,0.00238900170512779,-0.00370746908363873,0.0131199258231529,-0.00642851702582337,0.00811375748419008
2023-01-06,-0.00586016715048976,-0.00144912903136607,-0.00410913871421759,-0.0124041325026574,0.00552445492990006,-0.0033130820634677,-0.000383242368962811
2023-01-09,0.0128421181126646,0.00811918637372977,0.0068493301614494,0.022151116367342,0.0100801367457493,0.00194429880332736,0.0168459726801695
2023-01-10,-0.00311788659272294,-0.0540555132015097,-0.00663884250312419,-0.000223376271406006,-0.00307428732789061,-0.0182785249065495,-0.00709348557337564
2023-01-11,0.00125107119341972,-0.0030436122772487,-8.24629297656587e-05,0.00446929079194303,-0.013266506220764,0.0144104082899683,0.0088767320276546
2023-01-12,-0.00145771957844498,0.00313544596470017,-0.00214540911785344,0.0112347287996399,0.0058177480231556,0.00534296233705978,0.0161854961829329
2023-01-13,0.00583939050764903,0.020275823192091,-0.000413487568276083,-0.00154006174681653,-0.0044733666350556,0.000781544457294503,-0.0029401440642407
2023-01-16,0.00974499741165324,-0.0272361620249784,-0.0019854224786785,0.0116779247239209,-0.00246398998472952,-0.00958984524631123,-0.00752303275084565
2023-01-17,-0.00410679178246853,0.00540089364884189,-0.00364723510968457,0.00402913110976733,0.0106482858722814,0.0148867397623467,0.0355139568027376
2023-01-18,-0.000824761144893715,-0.0117191839488753,0.00349422470052718,0.00336231234543649,-0.00613668772939824,0.0176518689631964,0.0241289597829277
2023-01-19,0.000825441937331028,-0.0370200540253202,0.00257003441829662,-0.0167549780128129,-0.00717586403623338,0.00415315784512105,0.00291200468391617
2023-01-20,0.00536079013470525,-0.00213651146622729,-0.00719426729832562,-0.00703605316721789,-0.0244421651751594,0.0102486984229864,-0.0101844047411029
2023-01-23,0.000205129954363725,-0.00572888212032263,0.00199904629389103,0.0197076924857307,0.00870040982173781,0.00731512891569697,-0.00731124152562435
2023-01-24,0.00287060464085265,0.0016442312366638,-0.00357439978609786,0.0200868458715655,-0.0039448737115626,0.0133883079431056,-0.0116409226751342
2023-01-25,-0.00306688870061089,-0.0154126093206,-0.0113456292582786,-0.0122404889179285,-0.00286138239459854,-0.0276319313878146,-0.014858517149379
2023-01-27,0.000410181674572296,-0.185160662991273,-0.00396592027871912,0.0201508087897857,-0.000995538218291347,-0.0199254035090134,-0.00682829782281014
2023-01-30,-0.000204967646236343,0.04758379629482,-0.00762454692391079,0.00612656429991287,-0.00262549946195156,-0.00102124121067804,-0.0217376880733945
2023-01-31,-0.00205048775640193,0.0280172789157287,0.011183178806722,-0.00398947247682901,-0.00772980217858121,-0.00659784168966482,0.00544276074168293
2023-02-01,0.01520447311089,-0.281969666676563,-0.00633178572666171,0.00843254347214728,0.00379122590376801,0.0149984226534468,0.00995563916094078
2023-02-02,0.0214531749962459,-0.266982112156105,0.00076468963142573,0.0382565457526831,-0.00708494886390032,-0.014869014327656,-0.00030286397967294
2023-02-03,-0.0208044982437428,0.0137679268456565,-0.00110363572805472,0.00362428877192489,0.00262212617949653,0.0345838362777344,0.0100937944803641
2023-02-06,-0.00768913936659654,-0.00888592842842784,0.00849906483830942,0.0053164687161924,0.000905028493207949,-0.00424997796227111,-0.00482343739628499
2023-02-07,0.000611720610457445,0.146404243804121,-0.00134842117959977,0.00568748441310607,-0.00228690791745223,0.00148325919509462,0.00426699058763491
2023-02-08,0.0026492983273636,0.200393788431102,0.0103797751639965,0.012501261283711,0.0008905038617808,-0.000121057363183574,-0.0159099470640657
2023-02-09,-0.00182927136569644,-0.110222917166742,0.000584646227859364,-0.00313571470117369,0.000284167957023351,-0.00208566628902795,0.00776666717849306
2023-02-10,-0.00916311865906594,-0.0408942606583075,0.00175291384910836,-0.0210361441897772,0.00123959265070206,0.00396841548451543,0.00766051102121201
2023-02-13,0.000205473110656662,-0.0700072536530635,-0.0123323333937913,-0.00230942600659134,0.000155074063372673,0.00075417551155077,0.0182314850033318
2023-02-14,0.00246564107451719,0.0186591599803894,-0.00253096621490623,0.0106682523357726,0.00294835113807723,0.00925610295835133,-0.00528771079788215
2023-02-15,-0.0129125037157919,0.0168028538858265,0.000761197118627654,0.00209120781021488,0.00933044278710571,-0.00203122485285467,-0.00757400676148512
2023-02-16,0.000415291898401948,0.00983645974884229,0.00726842978845266,0.0099373946864143,0.0191009095307311,-0.00362211320997097,0.00149413087480998
2023-02-17,-0.00477375551638637,-0.0411332312800401,-0.00864237939804857,-0.0184984483344039,-0.0309519767813632,-0.0050172900326958,0.0220585589786744
2023-02-20,0.00896768088287758,-0.0587740460382283,0.00499362107719814,0.00270673326382354,-0.0104225744465315,-0.00939073010952585,-0.000381871841895975
2023-02-21,-0.00248042050294861,-0.0310524471531876,-0.00370553158099707,-0.00269942663595479,0.00136269418560664,0.00374924761534245,0.00177480966924248
2023-02-22,-0.00207207786156249,-0.105817619511241,-0.00752324063135523,-0.0179448713336074,-0.00926057695298177,-0.0196174083402865,-0.0155643293798033
2023-02-23,-0.00622922005836901,-0.0158023905542214,-0.00374757199286457,0.00469578489967115,-0.00140019517254397,-0.00678352325744602,-0.0162205439267491
2023-02-24,-0.00167158023473535,-0.0484575711671322,-0.00282125183902515,0.000914488609628394,0.00176407824734204,-0.00891936961927542,-0.0116249948313517
2023-02-27,-0.00711595147079014,-0.0928438885537967,-0.00668723236778501,-0.00497416995775135,-0.0031127074224151,0.00248591957397304,-0.00953582535189978
2023-02-28,-0.000632352027092664,0.142731388574804,0.00630067084147634,-0.00265246394348173,0.00253714622729895,0.0042061043762136,-0.00215253342510568
2023-03-01,0.00759334763784469,0.146973821790477,0.0150956530706956,0.00429621685523318,0.00583017641134487,-0.000968868284617841,0.00291573920750188
2023-03-02,0.000837364771698379,0.0274563375148429,-0.00515420885691809,-0.00723160605281881,-0.0158209450593348,-0.00851048996641379,0.0029784856108408
2023-03-03,0.00020912615030344,0.169388587411396,0.00696449558095802,-0.002462274143468,-0.00172323807831631,0.0198491923308048,0.0143522566004732
2023-03-06,0.000209162197706059,0.0550146724879463,0.00733807999744651,0.0168672151910554,0.00352023609638796,0.00705488243525076,-0.00506489727421899
2023-03-08,-0.0148443000624963,0.0286197189352808,0.000837297780001522,-0.00768688292826758,0.00018359767560816,0.00199730364799922,0.0138476001125813
2023-03-09,-0.00106110437593232,-0.0424092334145578,-0.00200784628311312,-0.00336359014373366,0.00094234988060804,9.18924304993407e-05,0.0103188579328215
2023-03-10,0.00764819657288318,-0.0291580829578542,-0.00813145454990827,-0.00859067650211998,-0.00269480261662691,-0.025786426505225,-0.0161179806485702
2023-03-13,0.0293063331373573,-0.0114965968757582,-0.0176639312312478,-0.0138230238656647,-0.00910421028455832,-0.0126522317639449,-0.0111221089410477
2023-03-14,0.00634988478551501,-0.0726633139338319,-0.00344146532157052,0.0105648760706192,-0.00288249257054374,-0.00267781438917081,0.00485016548567319
2023-03-15,-0.00407084792573409,0.057991034281347,-0.000518045299488179,0.0177000214643352,-0.0148539321081205,-0.0143508511168642,0.0151339260366787
2023-03-16,0.0157367760670588,0.00261023491116719,-0.00984710566385516,0.0127135883226188,0.0254149128145387,0.00648534896529629,-0.00140121122912618
2023-03-17,0.00100602085096613,0.0177621790147748,0.0128238790536941,0.011248395601233,0.0220859631509081,0.0133708652367808,0.0101903933750891
2023-03-20,0.0233165798474795,-0.038155192720599,-0.00973296527363732,-0.00168840792747793,0.00422634669257582,-0.00693109670115122,-0.00828862470697689
2023-03-21,-0.00844628376477274,0.010692786431006,0.00652344082836231,0.00238763928749708,-0.000551689648375264,0.0113335404615436,0.014190120215575
2023-03-22,-0.00871629617074066,-0.00485127351041226,0.00311096272514688,0.00287813526577008,-0.00569021931210023,-0.00231089591587963,0.00249045679008653
2023-03-23,0.00639487787708903,-0.0117880082429158,-0.00447970592917257,0.00376048730273992,0.0119421971927618,-0.00802765947366191,-0.00329719943686069
2023-03-24,0.0107228139194333,-0.0297379840715835,-0.0113360815703507,-0.000394369667820138,-0.00479663296926458,-0.00159941992259038,-0.0183536084813328
2023-03-27,-0.00982318241671931,-0.0101112108132444,-0.00350110744751775,0.00946838041475195,-0.00327654466800964,0.0043571370085973,-0.00560894649388444
2023-03-28,0.000198379389493963,-0.0709207294179603,-0.00746595068522815,-0.0104543205742672,0.00291144592657178,0.00813417982725384,-0.00947076028900595
2023-03-29,0.00555442928276961,0.0871724857387268,0.0187610862529384,0.0168838774198545,0.00564498591934726,0.0048096475944337,0.00649110350067139
2023-03-31,0.00749656891714756,0.00577445862210668,0.00842593440033079,0.01359356786987,0.0341968499914989,0.0136980928129962,0.00780017510886433
2023-04-03,-0.00528687016598972,-0.018852293577533,-0.00025840968423807,0.00277805266043618,4.82315288539148e-05,0.000621356908578008,0.00274928144712594
2023-04-05,0.0208661690789496,-0.01132485670899,0.00585904118111391,-0.00735571876979002,0.00591705993750158,0.026822971605946,0.0403658899464414
2023-04-06,-0.000964119484614279,0.033009443307386,0.00394037256201996,-0.0104898847932832,-0.00574117031332033,0.00761917786921096,0.00730811288829192
2023-04-10,-0.00829956174055335,0.0246285979540519,0.00366894467894641,0.00807237729545007,-0.00903419177716713,-0.00474090320915177,0.0155875069758353
2023-04-11,0.0033086447141164,0.00328285996805189,0.00433564692798338,0.00472742746315524,0.00739376241765721,0.00292444447761819,-0.00355012652589881
2023-04-12,0.00329780768493904,0.0244571936884188,0.00482478159614885,-0.00729788881010895,-0.0119088487283093,0.0129863082217263,-0.00564848970813325
2023-04-13,0.0042536233722632,0.0127215885878686,0.00564399102108104,-0.0072547883529297,0.00128861992545937,0.00448085111528429,-0.0129997699175383
2023-04-17,-0.00462067520437159,0.00427636131249121,0.00343444187922892,0.0114002321899203,0.0400223326250906,-0.0152441124231864,-0.0198120117585009
2023-04-18,-0.00348163060966167,-0.0147971381199014,0.00500875256311417,0.00963391108477496,0.0205908469065563,-0.00423003747491046,0.00117445973935526
2023-04-19,-0.0077640047035098,0.00156685205712193,-0.00174432332865937,-0.0100191127975373,-0.00205929013937667,0.00367553508187357,0.00135330090079688
2023-04-20,0.010172153142189,-0.00590666051504973,0.000499230807467166,-0.00134939170745485,-0.00706158599742068,0.00372222449728921,0.00592455959463378
2023-04-21,-0.00677766224356802,-0.021650648344238,-0.00573847990910203,-0.000772143910659273,0.00617303997520913,0.0016148517618837,-0.0078602338326984
2023-04-24,-0.000584959903657478,-0.000582364212857733,0.00409868549779446,0.00135225916448523,0.00938914301687221,0.00809150251708779,0.00618444187055145
2023-04-25,0.00117053014544899,0.023668853897568,-0.00224928582473882,-0.0033760825726139,-0.00116488459684982,-0.0142167873505461,0.00854701243737677
2023-04-26,0.00311768995252448,0.00178903863289204,0,-0.00203251147012129,0.0174714695347773,0.00459700574749689,0.0125446576860864
2023-04-27,-0.000194217591727108,0.00278686913508186,0.00726394565389166,-0.000872892704416484,0.00575714513717318,0.00550307286010465,0.0129385940231279
2023-04-28,-0.00427435817923849,0.038800890882472,0.00978116968787912,0.00922155512126643,0.0290391051399859,0.00392621682498673,0.0255029772486455
2023-05-02,0.00117075850323922,-0.00264952605534585,0.00993268008129911,0.0109646953569664,-0.000714659015169983,-0.000207447447410747,0.00848006259533118
2023-05-03,0.0146170333254056,-0.0421125858550367,-0.000487666091108285,-0.00846731409457135,0.00597147889028915,0.00349684526566696,-0.0118056795799408
2023-05-04,0.00864381360683275,0.0392876529810655,0.00609904848788223,-0.00662063359551357,-0.00831732434621524,0.0204648756923949,0.000254677903494871
2023-05-05,-0.000190407957585181,0.00473518804462914,-0.00557712928061938,0.00125572186173439,0.0150318222826864,-0.0591214046647274,0.00874024431661891
2023-05-08,-0.00628574916294644,-0.0170806254890932,0.0118670169792632,0.0104186201380092,-0.00166229953729446,0.011564564714867,-0.00508931803287715
2023-05-09,0.00383363561355288,0.00455614530190807,-0.00321312179888245,0.00162312203367576,-0.000541238788994258,3.04241757400625e-05,0.00378381189453836
2023-05-10,0.00114572034589999,-0.00208311834392805,0.00410993755565725,-0.00133454402969901,0.00357960392321011,0.00462143283471605,-0.00416970531867633
2023-05-11,-0.00114440917302627,0.0488861350143373,0.00288925051974487,0.0155579358121547,-0.00136961374487554,0.00066584230534561,-0.0517245799560816
2023-05-12,-0.00878363746142052,-0.0100521760027359,-0.00328101821157734,0.00357140270647038,-0.010247431634384,0.00883137920238508,-0.00938823478041617
2023-05-15,0.00712770050033451,-0.0247620520153912,0.00272979790895178,-0.00271587299908804,-0.000346654706770311,0.00479677751061147,0.011593431351927
2023-05-16,-0.00439937925796985,-0.014039199186815,0.00440389986744938,0.00131467172933486,-0.000284536237805111,-0.00573400936985757,-0.00874570010133613
2023-05-17,-0.00826129320804314,0.00547857557294029,-0.000717506102785648,0.00393890846064315,-0.00219914626426854,-0.00537246794558766,-0.00341241776147216
2023-05-22,0.0104976852632916,0.189182274805781,0.00352933703271563,-0.00458305303581075,-0.00900641324516915,-0.00355204244956631,0.0121230714282488
2023-05-23,-0.0105809781051199,0.132238468994266,0.00527532594912516,0.0028888661598081,-0.00423799546902415,-0.00234606912234336,-0.00854912687090104
2023-05-24,0.00622204341678789,-0.0600296637002656,0.00174923452790954,-0.0129624165944865,-0.00107934475786353,-0.0130711589955643,-0.00568804908399156
2023-05-25,-0.00579708670648404,0.0249838934220252,0.00515915181284266,0.01495667457206,0.00441038395992099,-0.00383706505589831,0.00894679777648633
2023-05-26,-0.00233234072119204,0.00271925859888067,0.00552745539810395,0.00341447794313887,0.00497564033913744,0.00385184483511591,0.006236789546058
2023-05-31,-0.000195508831688174,-0.00124171049981148,0.00537762025200839,-0.0092320938803897,0.00457241692736443,-0.015823905319987,-0.00232971816112082
2023-06-01,-0.00273810652696704,-0.000481351480359327,0.0011627433835999,-0.00722809211721376,0.00928356405346964,-0.00425255258808277,0.000974908804974417
2023-06-02,0.00647181811129016,-0.018899322593774,0.00565242757125661,0.0142105504086143,0.00786996548925023,0.00155857933546333,0.0121162464863713
2023-06-05,-0.0116913187390686,-0.00453978178477454,0.00223277852810733,0.00518940027562698,-0.00962972787488792,-0.00130705821753641,0.0151037258868867
2023-06-06,0.00690060066438303,-0.00012329981661785,-0.000614595007913055,0.00180691001778488,-0.00589679060963644,-0.00311654010175522,0.00425406537473672
2023-06-07,-0.0015664385517028,0.00242439140971684,0.0133753981254996,-0.00146008905350625,0.0305155307437786,0.00518934968971507,0.0164842218598626
2023-06-08,-0.0056874074520733,-0.00426317810995092,-0.00576495863066062,-0.0139343085912191,-0.00978423786159466,0.000621997014826681,0.0107103454984081
2023-06-09,0.00512817194518189,0.00905673303343923,-0.000305245614451777,0.00846128075599695,-0.00340635116506127,0.00118124990440882,0.0096998162582711
2023-06-12,-0.000588673073701362,0.0137282426612075,0.00518971182863015,0.010812213419261,0.00978096079276325,-0.00608473672450038,-0.00975464931724435
2023-06-13,-0.000785409685600924,-0.00895439587308366,0.0120719478918925,0.0160020771591232,0.00911854172210624,0.00168664643338667,0.00617535595932361
2023-06-14,-0.00648453567135521,-0.0021928260679126,0.0032257514323859,0.00235828157483597,0.0104991540997814,-0.00109134572460323,0.000275998028585578
2023-06-15,-0.00791142236974329,0.0115987047052977,0.00104688098497863,-0.000840252687388632,0.0104472818214207,-0.0122990321324143,0.00265389025611307
2023-06-16,0.00996810210368837,0.00963540213747671,0.00732061718139487,0.0159784192916463,0.000102141440937453,0.0130842633716775,0.00232924616957964
2023-06-19,-0.00256614821371492,-0.0431144099698139,0.000444920696167417,-0.00521477746998888,-0.00756253188158518,0.000873596482897199,-0.000190107467515577
2023-06-20,-0.000791551589082284,0.00558000487051125,0.00481798146053225,-0.0040771997214617,0.007049783048662,0.00208818953029954,0.00661354649997481
2023-06-21,-0.00792239082157731,-0.00366502492591703,0.00752437511678217,0.00192159514452062,-0.00278593876962641,0.0174805750460469,0.00522675148669127
2023-06-22,-0.0045917257244098,-0.00361588521229106,-0.0105432890767383,-0.0128419024269644,-0.0156694188767224,0.00489125160904136,0.0091043135061617
2023-06-23,-0.00220618951073026,-0.0682866349504755,-0.00976758969506697,0.00312555123472391,0.000175377060680493,-6.08100818151325e-05,-0.0110501935122232
2023-06-26,0.00482415434104122,0.027780865209776,0.00410990706073,-0.0026947342722039,0.004168648416085,-0.00483733283482579,-0.0050218335976292
2023-06-27,-0.00380080886230683,-0.00485706979767098,0.00558160323921952,-0.00768389478818232,0.000285191434750587,0.0140931183893811,0.00441628223241697
2023-06-28,-0.00502008039819313,0.0514565509004012,0.00666081400086549,0.00740301881750738,0.00472004494834732,0.0105813411876472,0.0139863155321112
2023-06-30,-0.00484354929293374,-0.00580761721922107,0.0048521422040122,0.00903792296934314,0.00660388628210629,0.0150642010002187,0.0223420221069752
2023-07-10,0.000199886474244293,0.0128802014084042,-0.00449434672637306,-0.00264593755882592,-0.0142298893376586,-0.00237899999846447,-0.00432772629774314
2023-07-17,-0.00197664506462703,0.013656824770236,0.00567320133668092,-0.000885744489806717,-0.00290878153221652,0.0209182289949081,-0.0013954603526446
2023-07-20,0.00117603631424279,-0.00165041933743171,0.00163709672251566,-0.0104430354342516,0.00292067518833861,0.00216604012821775,-0.0017839737269878
2023-07-21,-0.00841817325296879,-0.00142562901295973,-0.00120805974609606,-0.0140710114364061,-0.00110395759854598,-0.00769803274928871,0.0387796728687766
2023-07-24,0,0.000786222062862052,0.00149406937402063,-0.00470322601759643,-0.0070683467623206,0.0015813873591104,0.00734662719279844
2023-08-04,-0.000791470415566486,0.00363263204573561,0.00838689497403777,0.00574944608271766,-0.000947644521968716,0.0144598233047462,0.0110849733413731
2023-08-07,-0.000197986565013908,0.00342270267421307,0.00374278174030152,-0.00724632784700818,0.000213773682379292,-0.000574997426709078,0.00342609410570138
2023-08-08,0.00138640706074833,-0.029778414991154,0.00214057135006041,-0.00235199439050793,-0.0102429787093865,-0.000817518883844737,-0.00140370038788706
2023-08-09,-0.00375795957764002,0.0131538936501272,0.0033762159297841,0.000243872683325819,-0.000488108143045562,0.000363544569598417,0.00737030627562629
2023-08-10,-0.00277942014328325,0.0180685350357475,0.000343380397160198,-0.00398242734170606,-0.0102909622369611,-0.00887606917025019,-0.00305483716441124
2023-08-11,-0.00199081176652227,-0.00505397292920196,-0.00205947041620658,-0.00195842910801636,-0.00670113172959519,-0.0104226170501642,-0.00189135948400043
2023-08-14,-0.000797943640036824,-0.0328804680046939,-0.00474652586216306,-0.0103016477147122,0.00261428327667934,-0.00488019237576753,0.00811051407078955
2023-08-16,0.000399290431278621,-0.0044380208971001,0.00414712561439101,0.000165193247106732,0.00221024708784467,-0.00291767330669224,0.0117111315807585
2023-08-17,-0.00578728621023872,0.0141506755194873,0.00213379378578238,-0.00685555325965836,-0.0127780228958848,-0.0055410537852002,-0.0143252483714023
2023-08-18,-0.00140505209259345,0.0393998372918678,-0.0032282521637842,-0.0120591897372205,0.00750213643364916,-0.00410067030264383,-0.00397740981739214
2023-08-21,-0.00140702904169288,0.024191116708105,0.00785556386442732,0.00942842611288874,0.00936096341303161,-0.000785780711002881,0.00768368800317809
2023-08-22,0.00442836592897944,0.0220854644750648,0.00902507434565125,0.00925688388839396,-0.000381265963435129,-0.00427807280760195,0.00621654652255277
2023-08-23,-0.00180361021715025,-0.0621745907166465,0.0067082631852613,-0.0035531343340226,0.00713698996831891,0.00246421817154907,0.0144841870176868
2023-08-24,0.00441673157880751,0.00365574050677009,6.72713626117538e-05,0.0164193002492983,0.00278357040085964,-0.00460102636426196,-0.01083681982885
2023-08-25,-0.00179892374143198,-0.0172471767068872,-0.00329792359082903,-0.0194990568295592,-0.00253530987991024,-0.0112708667958969,-0.0185071750159062
2023-08-28,-0.00280335189223579,-0.00933590845461474,0.00330883587873165,0.0060742499174562,-0.00694268131320885,0.0104066621186625,0.0215851346846743
2023-08-29,0.00361446401472687,0.0137516006818106,0.00356709363821062,0.00446607617051975,0.00129563367098195,0.00795438743322485,0.00875570381465085
2023-08-30,0.00720289343034786,0.00265314494528202,0.00744417279731735,0.0144915782664081,0.00614154696666258,-0.00729423615698799,-0.00365948727332965
2023-08-31,0.000198615842330163,-0.03734438138744,-0.000266333008898667,0.00503208141538058,-0.00955500955500954,-0.00459247636878546,-0.00232552757380844
2023-09-01,0.000397228567423857,0.0127313525953103,0.00672532837183892,0.00621817517306456,-0.00322227581771406,0.00206828395465952,-0.000222043675888961
2023-09-04,0.00138971007164157,0.00838752061458203,0.00998739653715619,0.00120386458840982,-0.00809238884530417,0.00625511095689579,0.00333074518741294
2023-09-05,-0.00178430124976714,0.00949150274903499,0.0131631290490877,-0.00176353683930364,0.00994795158689121,-0.00608999482919659,0.00805945690242238
2023-09-06,-0.000794381371245434,0.00098245307250111,-0.0012281199221823,-0.000803007107535003,0.00226141689465442,0.0130801213692278,-0.000914773299741212
2023-09-07,-0.00278281058485574,0.00520728626423894,0.00524202392051132,-0.00667043180116556,-0.00489900921609543,0.00962094703952676,0.0424655529994866
2023-09-08,0.000797307494264654,0.00390513047268182,0.0142277179490529,-0.00566340580003122,-0.000596089266933553,0.0077908593149334,0.0193930134967142
2023-09-11,-0.000995802389409106,0.0379668677314715,0.00717281281560123,0.0075671301353073,0.0111410211748866,0.00517435481352968,-0.0025504127642848
2023-09-12,-0.00279105642093935,-0.0303064695279165,-0.0301254101875474,0.00242263924676811,0.00861837680960287,0.00312538110235439,0.0172413897680181
2023-09-13,-0.00279886822005637,-0.00662538011986824,0.00383388355468606,-0.00668649174273062,-0.00618119178473542,0.00427638721487256,-0.0126864668544162
2023-09-14,0,0.000357251521667212,0.00815645909161811,0.0047039269043383,0.0134312135998651,-0.000608377556707618,0.00407684772550132
2023-09-15,0.00481150478408754,0.00803640432755426,-0.00128426993692399,0.00629646775900206,0.00643310263015118,0.0114735594673374,-0.0034435256973836
2023-09-18,0.00638467082290073,-0.0148029196799285,-0.00270025837131593,-0.00922510422024359,0.00871243290014689,-0.01967806751209,0.00388506773066655
2023-09-20,-0.00118948374756656,-0.0128473214394744,-0.00367452348744002,-0.000323867823135648,-0.00609786932542788,-0.0401153784812669,-0.0102230900738681
2023-09-21,-0.00218341818220369,0.0036229083713637,-0.0059527541299188,-0.0139305191844018,-0.00647017407289974,-0.00661894447944222,0.00323524059775293
2023-09-22,-0.000994613817490553,-0.00578791603666295,-0.000650954242902624,-0.0113346796995316,-4.44874302838461e-05,-0.0152572914185748,0.00660504735190037
2023-09-25,0,0.00697803858778578,0.00462454712116456,-0.00249234065724346,0.00471554121534767,0.000882507785595621,-0.00548228155233443
2023-09-26,-0.0039824921958983,-0.0097298036251664,-0.00317690272116711,-8.33025423160327e-05,0.0162022389923386,0.00434361559951202,0.00346254045318628
2023-09-27,-0.00639743486396849,0.0103135499812719,0.00949597862677853,-0.00258202202979774,-0.00576172510620077,-0.00702382802026347,0.018025396534012
2023-09-28,-0.00663987577442382,-0.00324156958594979,-0.00947104669232512,-0.00475991394425235,-0.0146263340913474,-0.00206298913332081,0.0151599051127296
2023-09-29,-0.00162037711339214,-0.0247854987114219,0.0108624828234416,0.0116630255587278,-0.00139998200727354,0.00170639640538117,0.00450179974510378
2023-10-03,-0.00933250306205102,-0.0110402324937479,-0.00295995562079343,-0.00522515762637932,-0.00851522096167623,-0.0119570017347279,0.0164375162878054
2023-10-04,-0.00962525502925982,0.0325479037945673,-0.0127782882641839,-0.0123395308221427,0.0300673249723846,0.0142568538128285,-0.0148052028169331
2023-10-05,-0.00227461970560883,0.000568086022187941,0.00339938725443734,0.0119871533000158,-0.00293678497294125,0.00405343334130404,0.0225580188766761
2023-10-06,0.00269432265523806,0.004764039161407,0.00449532319971091,-0.00266933351814946,-0.00028127836333669,-0.00110686740917154,-0.000758971045862089
2023-10-09,0.0103348488830342,-0.0143254691262139,-0.0157607523103933,-0.000501819670616355,-0.00132688771543332,-0.0116033239825962,-0.00614163477972152
2023-10-10,0.00102289762618613,0.0228035530398316,0.0142998231890961,0.020334730587245,0.00376712196494644,0.0056718501048878,0.000422901886680815
2023-10-11,0.00490492258885489,-0.00388261541773494,0.00350837156539696,0.00336255254398976,0.0101882571629037,0.00967301610578075,0.00412874523712925
2023-10-12,0.00447429792344534,0.00713261128349085,0.00530876621641418,0.0102174271490709,-0.00546969223064064,0.00665763613550574,-0.00225017890846591
2023-10-13,0.00202474772330774,-0.0206674970470128,-0.00045074746251883,-0.0114086582611425,0.0207671495205657,-0.00909764508507382,0.002547230612989
2023-10-16,0.0153566032684918,-0.0102666815398529,0.00141734393659054,-0.00409232279220106,-0.0189263619496807,-0.00400452907498461,0.00398118757377275
2023-10-17,0.00119405717992072,-0.000391150243354454,0.00135113378217322,0.0036160621326653,0.00937933837835003,0.00758361407287933,-0.0114768465331446
2023-10-18,0.00934202729430611,-0.00908000838780321,-0.00424057867320493,-0.00401249166511153,-0.00267303466403734,-0.0139176929134379,-0.00675077919557432
2023-10-19,0.00256008411264941,-0.00172473084415503,-0.00109690394652073,-0.00805718777989628,0.0373728840327681,-0.00315843230626967,0.00288929358999068
2023-10-20,0.0133569103754445,-0.00351749967281678,-0.00891418451376302,-0.0101119038978332,0.00610585519222662,0.00518174348665701,-0.0137669771864054
2023-10-23,-0.000969165282276863,-0.0355510065939292,-0.0273087882593542,-0.0178346918527611,-0.00337520708945327,-0.0109995547101643,-0.0179427840915145
2023-10-25,-0.00252233344598307,-0.0223723340224753,-0.0067676878078865,0.0132992115772188,0.00268414046772203,-0.00634097588389149,-0.0142648882788334
2023-10-26,0.00816965541507808,-0.0238370460744998,-0.0144370198430145,-0.0189298333202603,-0.0295555746586575,-0.022118408219493,-0.0176605762780051
2023-10-27,-0.00366587757464454,0.0265523263813374,0.0183449106834923,-0.00102909481137059,0.0217174022337263,0.00392923235097009,0.0130209518833653
2023-10-30,0.0073586574865725,0.0165364240064154,0.000941045813187102,-0.00137347442397551,0.00476971398510129,0.010856640609306,0.00842554352818681
2023-10-31,0.000768952617749896,-0.00193565571613363,0.00154452838548669,0.00137536345049849,0.00261056565598738,-0.0057907317217637,0.000922703150876503
2023-11-01,-0.00576264010457228,-0.03370880365671,-0.000804580378695019,0.00403469164153281,-0.00921759001286571,-0.00135470620532285,-0.0115225147952754
2023-11-02,0.00173879744023187,-0.000901988741292992,0.0125486180618308,0.0259918000968156,0.0100156049518985,0.00152600384034218,0.0078747270934787
2023-11-03,-0.000964305468311721,0.00656791708734383,0.00576575731133033,0.00608336130777998,-0.00467618959266691,0.00474006516165204,-0.00234735469694813
2023-11-06,-0.000965236250906609,0.00724261272578208,0.00994998563707106,0.017311325103766,0.0121047265183316,0.00724512972437252,0.0220523065205138
2023-11-07,-0.00753622008982491,-0.00563219711960661,0.00293597530957368,-0.00170981179770757,0.00329140346808199,-0.00485113117852798,-0.00475551007634956
2023-11-08,0.000778834015809693,0.0119103144825234,0.00832681999175322,0.00799278788565894,-0.00360912981895944,0.00289135190824008,0.0118696616120471
2023-11-09,-0.00894947248081923,-0.0200446344978522,0.0015484225365423,0.00137556277512174,-0.00225682032130847,-0.00395558936401164,0.00947800899878581
2023-11-10,0.00726350130657494,-0.00431222995439506,0,-0.00735297063996232,-0.00369609417931482,0.00393766057242306,0.00277704336245099
2023-11-13,-0.00740598436844009,0.00387724994520533,0.00824528944862246,0.0173382572997036,-0.00212740751773433,-0.00181033253706053,0.00502759555511267
2023-11-15,0.0104064161814468,0.00530810182102193,0.00779453863660406,0.0229636345023212,0.00366163873186176,0.0104782979207299,0.00539599401286028
2023-11-16,-0.00136027392284466,-0.00876240828527364,0.00767079632902989,-0.00179894978712591,-0.00377040863748213,0.00262560762300734,-0.00450250207643832
2023-11-17,0.00914577206237133,0.00131459286741942,0.00364895779924779,0.00336938015923449,0.0120478825513357,-0.00215472340743461,0.0189601533572878
2023-11-20,-0.00385655149605868,-0.026688763974806,0.00125366357282353,0.00187419155529422,-0.0028925278903571,6.64058599104678e-05,-0.0064973007836705
2023-11-21,0.00425863765685142,0.0217690370193484,-0.00194075982523989,0.0140307361911163,0.00291734385247855,0.0084706738078717,-0.00451628769368029
2023-11-22,0.0055897666703848,-0.0109258395314756,0.00238367135351347,-0.0060726674484709,-0.000927217065408437,-0.00355732400413067,0.00242286047603946
2023-11-23,-0.00287517186977648,0.00119687455624939,0.00181472641173164,0.00471771535927479,0.00174336726593416,0.00578492690920673,-0.0118904868457258
2023-11-24,0.002499059342008,0.023077672601254,0.0026860387557428,-0.000769810643495461,-0.0104269734154065,0.00709906418722195,0.00282370319868197
2023-11-28,0.0028762743392674,0.0889932711177657,0.00510834814106942,-0.00377467254903707,0.00329956186111691,-0.00225170989662316,-0.00139149549679152
2023-11-29,0.0143403443774535,-0.0110995925021691,0.00644606773601142,0.00657277139333545,-0.00623917921347505,0.0199521854750557,0.0110654992305566
2023-11-30,0.00188505730926569,-0.0158767495985063,0.011454616051366,-0.00245826280964045,0.00700758640595001,-0.000224526870535313,0.00825292163737745
2023-12-01,0.00263404300337178,0.00175968563019802,0.00511444416583129,-0.00184832870144602,0.00422708547904782,-0.00218116403334934,0.0261964375503403
2023-12-04,0.0080690616961594,0.0713165809304623,0.0131451305117267,0.000925816809061342,0.00263771873843766,0.0347178770871879,0.0385189395737633
2023-12-05,-0.0145197799007781,0.169149190774792,0.00245144192591562,-0.00724583729564332,0.00844571568837349,0.00888522400792757,0.000573300932811716
2023-12-06,-0.00207776347766664,-0.0254786625246947,0.000656093331437901,0.00636701115743477,0.0146127359726305,0.00252510501315117,0.023179401795586
2023-12-07,0.00378566990933971,0.00110952717561719,0.00780829424350671,-0.00648095312039942,0.000270369512373581,0.00162797023117767,-0.0108185311202246
2023-12-08,-0.00169715547161253,-0.0225135364029451,-0.00360776321117551,0.0095518807698145,-0.00743330267159226,0.013953221436922,0.00680939384556778
2023-12-11,-0.0173781298226396,0.0119235583202912,0.00498602915536384,0.00253847562349763,0.0102400270274978,-0.00133067014232524,0.00217559014432211
2023-12-12,-0.00326801195975779,0.000647761537465819,-0.00295316287998271,0.0115859317549409,-0.00384522002000498,-0.00993348131050764,-0.0128182565867441
2023-12-13,-0.00038566332989165,0.00608905468104037,0.00888572964690293,0.00599217662974727,0.00389810190936157,-0.00226353125381917,0.01717332448179
2023-12-14,0.0187149791961743,0.00660847078766635,0.0150901729849098,0.0161351075236653,-0.0100260829119837,0.011803350244173,0.00979473008616583
2023-12-15,0.000189434401041577,0.0337762457921289,0.0032392268786281,-0.00244862966975601,-0.0172185493497732,0.00387848310619821,0.0159913301038419
2023-12-18,-0.00605945249958018,-0.00374347875753733,-0.000576603448500301,0.00364467588126205,-0.000498464167813628,-0.000513152771998482,0.00103209643771063
2023-12-19,0.00190509565485719,-0.0132020545150373,-0.00392288387070083,0.00266805476834642,0.0466221178799038,-0.00169123988557318,0.00210501532758278
2023-12-20,0.00456363715098762,-0.0535146392253676,-0.0278003182552415,-0.00044347373472664,-0.0153768422047905,0.00248057390246825,-0.0229925688672226
2023-12-21,0.000567836044995884,0.0057114605502282,0.0119146907704506,-0.00229237276039207,0.000721307015113304,0.0179238496627483,0.00165279567858123
2023-12-22,0.00624286819044784,0.00307164535515136,0.0062404189025369,0.00274232969321719,0.0100573341112622,-0.00939702338783976,0.0157119034678463
2023-12-26,0.00507615086923674,0.02033223093417,0.00713784948381058,0.00606110847004371,0.00763169921141671,0.00694258889774813,0.00347903296598062
2023-12-27,0.00317998478402437,-0.0077125785816895,0.00342742151726827,0.00587762139571235,0.00619647702492099,0.012392722716438,0.0154581979509882
2023-12-28,0.00391570166493072,-0.01176432555479,0.00463152360068197,0.0017529050321794,0.0205849215371654,0.00114475881215426,-0.00732216492547422
2023-12-29,-0.00334324488606319,0.0138973232323056,0.00864403855559148,-0.00379138925856859,0.0125866662076028,0.00234566081158549,0.00225977142099487
2024-01-01,0.00149090255837092,0.0239561555647161,0.0028566531650982,0.00300072011028596,0.0298003187102887,-0.00652325806537268,-0.000156044287274781
2024-01-02,0.00502412792395934,0.00521054054885273,-0.000113964978066705,-0.00627554474959668,-0.00545262541561242,0.000588809260709144,-0.0247768570549961
2024-01-03,-0.00888723490378185,0.0240758229357578,0.000740726379587775,-0.0088852365997617,-0.0215973515403407,-0.0154199304228874,0.000654358702941504
2024-01-04,-0.00448342740972285,-0.00156505720986244,0.0182760574187089,-0.00607547837891675,0.0180661915534328,0.0107299486451824,0.00533378935730733
2024-01-05,-0.00281481559958463,0.00276819492345126,0.00374614563086761,-0.0125977432687865,-0.0166835860595312,-0.00511579642761306,0.0182726643299556
2024-01-08,-0.00545729994087718,-0.0143351832424803,-0.00835561477440372,7.54530147164534e-05,-0.0176642301129121,-0.0111460972593365,-0.00590582536971396
2024-01-09,0.00321668852508705,0.0172432353908523,0.00117959470867524,0.0167585204215743,-0.010193608986524,-0.00778507306390164,0.0156664855168618
2024-01-10,-0.00188612387693243,0.0277316014219695,-0.000448868501220168,0.00608799502981983,-0.00559279003889401,0.00330207136601834,-0.00293867120353286
2024-01-11,-0.00151167836593702,-0.00558393758854725,0.00578163802742182,0.00531327023754558,-0.00810669560472976,-0.00419693701199431,-0.0114653064050884
2024-01-12,0.00283878738542276,0.00753038195133238,0.00318119961780639,-0.00359678668239105,-0.00297200904100214,-0.00473020513326794,0.0182461450793352
2024-01-15,0.00490655431775266,-0.00470346408137068,0.00767735678894299,0,-0.000803976775360926,0.0192541859526485,-0.00721527663491062
2024-01-16,-0.00375588287210238,-0.0106813503186649,-0.00403031505906726,-0.000147371973267973,-0.00215903246491467,0.00379601766424731,0.00859422063789328
2024-01-17,-0.00716307396004201,-0.0279568318624558,-0.0106984076556493,-0.00287355869540729,0.000413107568351778,-0.0843580998182737,-0.000713567945696991
2024-01-23,0.000378509797613891,-0.0065509096147196,-0.0241070474158895,0.0168628582246901,-0.0203846220287883,-0.0294428083042605,-0.0260559859304361
2024-01-24,0.000945880372365204,0.00238208212410429,0.0164872728731409,0.0119371944288293,0.0207275614000466,0.0200021310598217,0.0107575679570029
2024-01-25,-0.00359097764613348,-0.00339244580262399,-0.00512790898035975,0.00226030973281555,-0.0126493919068578,-0.0144240186538709,0.00118410097620725
2024-01-29,0.00474203327411571,0.0591131198690547,0.0146226709060835,-0.00169148984563017,0.00660699695987521,0.0137639885670431,0.0318773631591329
2024-01-30,0.00302057473522521,0.00863084998600439,-0.00265052992904791,0.00585952606296081,-0.00260127739811566,-0.00711514320379247,-0.0201455527327354
2024-01-31,0.00414073784270808,0.016466584004744,0.0133982849870813,-0.014107204990935,0.00559782780063411,0.012635947698284,-0.0422618757969971
2024-02-01,0.00206186716959178,0.00366007126094403,-0.00502621395700742,-0.00597989841667934,-0.0152433917686225,0.00259814384426793,-0.0234930366686015
2024-02-02,0.00224472032617151,0.00125244941227676,0.00609488600983821,0.0156126376820718,0.0055108197561835,-0.0137756789380283,-0.00645969830780069
2024-02-05,-0.0111982506217572,0.00506748425692516,0.000709517468994614,0,-0.00753603816065918,-0.000898906951361966,-0.0101597980772352
2024-02-06,-0.000755019174650151,0.00954793685510724,0.011016602670904,0.000141063908083661,-0.00245677227627294,-0.000519165171110947,0.0246876567494689
2024-02-07,0.00510012211499111,0.00814676943400228,0.00647317357123156,-0.00331383497592408,0.0174832832065421,-0.00979855038482669,-0.00862961378611415
2024-02-08,-0.00300695076423707,-0.0189636777204925,-0.00203668602788731,0.0100452614800097,-0.0306249059669153,-0.0188117700560976,-0.017438940290894
2024-02-09,0,0.0147067140148307,-0.00805585405254838,0.00455241561872488,0.0111636500249386,0.00039197888002529,-0.00328281335969627
2024-02-12,-0.00490100518892311,-0.0141359706792376,-0.0241472199716816,0.00871505308395015,0.00365287726844699,-0.00968936537654053,-0.00751990353040199
2024-02-13,0.000378868297344237,0.00274471822214317,0.00133150370095891,-0.00953822016784245,-0.0006913675028688,0.00320149928521829,0.00665243914534841
2024-02-14,-0.0134444779531668,0.00904520696019917,0.00814495376497182,-0.00453600238262841,0.0120659260006939,-0.00745814955903312,-0.0037633291495075
2024-02-15,0.00134356423943061,-0.00417807997814501,0.00928827958093881,0.00764116118694447,-0.0106653134691639,0.021675548928183,-0.0026292151794205
2024-02-16,0.00345026474014576,0.00933064439152864,0.00773251020292354,0.00417413957003854,0.0138980066643826,0.00413704278793836,0.0261945179831187
2024-02-19,0.00553965470831308,0.0109194639575863,0.00443103498885078,0.0056810817862234,0.0102910656156823,-0.00197201098342958,-0.0138479210754245
2024-02-20,-0.00151971917334692,-0.00926718817199101,0.00172149804725596,-0.0185312921847798,0.0104046813944216,0.0262507641078258,0.00505998387575035
2024-02-21,0.00152203223491676,-0.00167263294611386,-0.0109559254541763,-0.00442201781016727,0.00165413243272705,-0.01041734420575,-0.0179787148762699
2024-02-22,0.00151979164100102,0.0123634840651234,0.00689611744362262,0.0152989158556938,0.00768577028708828,-0.0136191689016117,0.0204314055813779
2024-02-23,-0.00531112647023579,0.0031412292254489,0.00156397862469282,0.0068051595285743,0.00618387983617996,0.000739731388687881,0.00719436850310107
2024-02-26,0.00514875028288331,0.016634665387661,0.0001615269174009,-0.00165532439527616,0.00189994632042523,0.00119667676535617,0.0242624723447253
2024-02-27,0.00151777333417291,-0.00764786259485906,0.00048450249200882,0.00303974052784972,0.00572778438053678,-0.00151164838691031,0.0104606311327426
2024-02-28,-0.00359921269390173,-0.0252248357386017,-0.0180800725170187,-0.00674974661519523,-0.0106977830294738,-0.00756968463612107,-0.010338106703731
2024-02-29,0.00342205913303095,0.0206275275863905,0.000109624468047409,-0.00249636359192362,0.00984107036039594,-0.00425706469310994,0.00211814110895636
2024-03-01,0.00227364057138058,0.0101509293987343,0.0099177948416096,0.0132081599990834,0.00202216347481565,0.0194883181006285,0.0448446536233906
2024-03-04,0.0187145148433543,-0.000482119090560618,0.00754163858749202,0.01289883281518,-0.00474732010546652,0.0013629182346182,0.00301371296338981
2024-03-05,0.0135461041103027,-0.00209515276028582,-0.0027463355692896,-0.00812851159887051,-0.0194855744151519,0.00568850747797289,-0.0087393463326213
2024-03-06,0.00183087313756758,-0.0230348783022205,-0.00615583657119467,-0.00758031419164362,-0.00220586545828094,0.00121454208657745,0.00819350588073253
2024-03-07,0.013157847038451,-0.00228814736790861,0.00516162419174226,0.0061244105752265,0.0110143757037975,0.00242622589802388,0.00954090566823451
2024-03-11,0.0102813800314492,-0.00595059817005739,-0.00697293668179899,0.000752346660969794,0.0197388621385293,-0.0126546011313732,-0.00988580640703873
2024-03-12,-0.00124977141442451,-0.026454978464228,-0.0120298657291398,-0.00280210252587587,-0.00817556651638429,0.0222370180711542,-0.00520524609451556
2024-03-13,-0.00840181297003917,-0.0692713334635588,-0.036639084829115,-0.000753893548014029,-0.00277970866797439,0.000582327245901348,-0.0229452993867681
2024-03-14,0.00667025281670042,0.0623666084227266,0.0142407214610039,0.000342956452065835,0.0115373193580552,-0.00338953430108502,0.0196831997947577
2024-03-15,-0.00196992496509629,0.0144941834657737,-0.000845798463864789,-0.00534795163973645,-0.00348300217137887,-0.00192375625693775,-0.0196912847806433
2024-03-18,-0.00412703291091931,-0.00652891255139365,-0.00248322385768773,-0.00158551716216615,-0.0089490386607739,-0.00454340256630148,0.00679921375848913
2024-03-19,0.00198199297930746,-0.0189765006646768,-0.0120509470031824,0.00110469253075718,-0.0326699757898848,0.00228202556415225,-0.0167078249230026
2024-03-20,0.00197807245359183,-0.000409539499500178,-0.00309239091302471,0.00179306556438585,0.0217144053813019,-0.0126263998962782,0.00228464609112522
2024-03-21,0.0175879310977509,0.00493218999843137,0.0220588022604535,0.0207215329715804,0.00133316606177969,0.0102722147144003,0.0143316446011086
2024-03-22,-0.0125220295400195,0.0134354078551004,0.00910518847717845,0.00519315432308853,0.0077340480357595,-0.00200597162117588,0.0162359877334572
2024-03-26,0.0055366592123709,0.000724030309526169,0.0105268990772232,0.00449552776379991,0.00493506445497705,-0.0120940387298339,0.0144562991364028
2024-03-27,-0.00142092393324156,0.00390688776743464,0.00248036281319508,-0.00146951580279864,-0.00759847480661369,0.0107338236229264,0.0098907276444089
2024-03-28,0.00693702207720381,0.024022322309468,0.000989623218325741,-0.000735839228774293,0.0217813820233586,0.00499759933301624,0.0155136874034345
2024-04-01,0.0302066607672844,0.0172030294533414,0.016752735870911,0.00481993035994321,-0.0140142743212098,0.0156087992573015,0.0196870505329925
2024-04-02,0.00548696324586251,0.00511972998267285,0.0119928756597873,-0.0121918837884166,0.0145808082969461,0.00656232658426714,-0.00797289533146628
2024-04-03,0.00221693501821862,-0.0107992270112005,0.00571180299456064,-0.00499093189344102,-0.0264362579479308,0.00145265362074731,-0.00655299940562004
2024-04-04,0.00697634582641804,-0.00700484426753112,0.00116773475493859,0.00826951285025235,-0.00170322767329356,0.0305606388803219,0.0040714144445706
2024-04-05,-0.00253466585173012,0.00436031582671759,0.0063620625495493,-0.00968068868172267,-0.00468705615463449,0.0143689045882136,-0.014416017509626
2024-04-08,0.0199898412599939,-7.75518245943463e-05,0.00115891873051255,0.00678840551607673,-0.0156048874307763,-0.00190376539949988,0.0172984928321138
2024-04-09,0.00564690512801502,-0.00809421814268152,-0.00499893170808441,-0.00343870619129671,0.00190148553181357,0.00126082709301123,-0.00593512791060435
2024-04-10,0.00115606433866589,0.0136160408554602,0.00798566711549742,0.00487145606114092,0.00990888911294507,-0.00787831413725926,-0.00846713808056299
2024-04-12,0.0212801210533977,-0.00990141715107506,-0.0012067732369494,0.00599245464614806,0.00340244867752881,-0.0113256501343381,-0.0197030859512863
2024-04-15,-0.0109836909522171,-0.0194554123507985,-0.014550554628983,-0.00896858513517629,0.00688033300085245,-0.0159649807785727,-0.0213223127427034
2024-04-16,0.010779027475851,-0.0130422483532526,-0.000213265157890219,-0.0156683136993354,-0.00295649014681376,0.0097344832338957,-0.0159270753385827
2024-04-18,0.00113103402027059,-0.0280388747556635,-0.0054382826068351,-0.0122126845920884,-0.0328149656293512,-0.00964063661837011,0.00211660649668755
2024-04-19,0.00451908647726729,0.00253364783428656,-0.00246591332493806,-0.0162533605476842,-0.0100911809113374,0.0244866182306478,-0.00918062657137209
2024-04-22,-0.00803341880649378,0.0120254107136051,0.00655632635800796,0.000211810903499643,0.00861468368906659,-0.0124731678369697,0.0268165763172536
2024-04-23,-0.02413348943893,0.000571154457418732,0.00811534568977512,-0.00289427962381905,0.0173060081787302,-0.00304192927259428,-0.000705964084545707
2024-04-24,0.00796679738151584,-0.00703067287567205,0.00895025483033351,0.0145132959416483,-0.000439882830026939,0.00271964756371168,0.00684192224018587
2024-04-25,0.00214064003120606,0.0235580293544426,0.00356940818947904,-0.0080251858393755,0.0249984429605898,-0.000628438671444242,0.00480076245902139
2024-04-26,0.00772266210958894,-0.0111870304306815,0.00742715702083063,0.0188533805813733,-0.0311786411820613,-0.000628833854956601,-0.0128960015007136
2024-04-29,-0.000489199300479193,0.000259830897226809,0.000622995258850789,0.000483270486396403,0.0108952984336514,0.0130481535380862,0.0080716892999928
2024-04-30,-0.0068515199701894,-0.00860059647199407,0.00767919378995052,-0.00124218553045519,-0.000956465794552885,-0.00614590352975208,-0.0110062384233247
2024-05-02,-0.000492815267210234,-0.00494318818871975,0.00293492634635184,-0.0102957813750413,0.00195430028431898,0.00799288887338312,0.00144671595478263
2024-05-03,-0.00608050848254538,-0.0152487491565201,-0.00739296873616835,0.00635344333766819,-0.0223698324985414,-0.00825582164469962,-0.0276982910287019
2024-05-06,0.00396828175071651,-0.0396224669150548,-0.000827576627392412,0.0106840106330914,0.000529204936854155,0.0020071431645512,-0.0104291190720996
2024-05-07,-0.000658776592937671,-0.0134625123576873,-0.0182731075325246,0.005491509417757,0.0208552530242043,-0.0108363700420936,-0.010264812138833
2024-05-08,-0.0029663860295075,0.00867440059631552,0.00548383115419204,0.00095575773984069,0.0120983700590789,-0.0156027073346953,0.0172416770032104
2024-05-09,-0.00132234431495348,-0.0328259522806167,-0.0156274355728467,-0.00388754661309409,-0.0100632118232041,-0.0237075612590001,-0.0606278812304287
2024-05-10,0.0248262172369771,0.0110603462230947,0.00804429413897823,0.00999651779918631,0.00785784661158306,0.00693275168336127,-0.00122119015278199
2024-05-13,-0.0124353466704814,0.0294397080578526,0.00428071849364908,-0.00277939406540562,-0.00669102960681278,0.0120662117120991,0.00684710303402536
2024-05-14,0.000654081763401981,0.0548512775652927,0.009577473745777,-0.00537055412741405,-0.0114853776384248,0.00391684859360497,0.0259878639298332
2024-05-15,0.00849812827968743,0.00401642658514656,0.0095386318167654,0.0129861881414668,-0.00898541059663904,-0.0153666910604261,0.00942456942051773
2024-05-16,0.0046994153270099,-0.00265600459923099,0.00650562687563827,0.0143039944750851,0.00135896058861951,0.0151198817540423,0.0144520169395308
2024-05-17,-0.000645176056892627,0.0061973984075705,0.00861799863927981,-0.00558768261597331,-0.00925721487195019,0.00263659855102061,-0.00284637110873176
2024-05-21,0.010813460192747,0.0186242576644668,0.00961244754645629,0.00802727208607301,0.00625637117777966,-0.0036200094730825,-0.00283996122978358
2024-05-22,0.000798327258627607,0.00752219488589545,0.00654880402867097,0.00185811118694312,0.00339307801098676,0.000274155325717285,0.0057833378969081
2024-05-23,-0.0169113172962682,0.078431688455344,0.00185173475656031,0.00669003443511551,0.00202502851292463,0.0228893153890681,0.0359882182459221
2024-05-24,-0.0118467957625782,-0.000693856447495422,0.00349691394067042,-0.00848791500458679,-0.00258675363582317,0.0164813562772412,0.0112958192333188
2024-05-27,0.00180654641902112,-0.0283312237411383,0.00214054492895932,0.00457895301763322,-0.00318113789539898,0.00692064411527649,0.00719820434628371
2024-05-28,0.00196719560466829,-0.0136817344081268,-0.00640799414722237,0.00211383310284208,-0.00333336013265051,0.00183270005486902,0.00169764317246268
2024-05-29,0.0013089305047902,0.00454674865458893,-0.00329968827123084,-0.00263674294351401,0.00999309022116712,-0.0145049450805452,-0.0063964702359538
2024-05-30,-0.00751632481598297,-0.0198078701708452,-0.00857748148390802,-0.00270987213377072,-0.0288343222730675,0.00434258709626256,-2.75977084794876e-05
2024-05-31,0.00905497566450553,0.0679658291197305,0.00551485773002636,-0.00304862294206321,-0.0207504122932834,0.011024139532223,0.00951947130714692
2024-06-03,-0.0114211250201192,0.0685652541168584,0.040756720443007,0.00119662263733722,6.37843442814479e-05,0.0265417587337395,0.0620962485941319
2024-06-04,-0.000495111061583176,-0.193128021124204,0.00246572120796151,-0.0121505997187341,0.0308698662325639,-0.0566403278347042,-0.126746490738053
2024-06-05,0.00198148826227884,0.059192493317018,-0.0524234871280878,0.00947710494473797,0.0338174034892194,0.0462865846900633,0.00170429269089967
2024-06-06,0.0126895262671578,0.0225655981114719,0.0214271519005185,0.0269658631461693,-0.0153198047009421,0.00509079987087802,0.0215752789536403
2024-06-07,-0.00585843134063357,0.0106415201312129,0.0127559795079537,0.00363068943626677,0.0125637417685611,0.00875165291931812,0.0143429194751985
2024-06-10,-0.0157145045355183,0.000170846677407965,0.00723247833064278,-0.00277782897992929,0.018282050109798,-0.00765862592212663,0.0031847156366982
2024-06-11,0.00482283545116813,0.000357122440385327,0.00781558271773708,0.00110123841628851,-0.002452539278059,0.00224169497884974,0.0155061004650097
2024-06-12,0.00281367078441841,-0.00068295015951314,0.0113900288934834,0.0102886739080916,-0.00182935104374937,0.00597511866167877,0.00878104223657061
2024-06-13,0,0.00178627057294478,0.00599031969602049,0.0179336943918651,0.00569504658915343,0.00419280595702975,0.0202048036292866
2024-06-14,0.000165016034131327,0.0118534514617685,0.0110041805389816,0.0019506250026402,-0.00362502967717127,0.0102166312167842,-0.00427937898627195
2024-06-18,-0.0044553902617952,0.0145014736797942,0.00574848628970126,0.0174579168763984,0.00308761164505555,0.00682568697513575,0.000379591083431219
2024-06-19,0.00629864481824649,-0.0142488434653643,-0.00904189601018934,0.00197501578194981,-0.0095281164195713,0.0311295417912298,-0.0269028773261695
2024-06-20,0.00527095535578859,-0.000751115098012844,0.00850984784133813,0.00542075214157878,0.0054233936724366,0.00693660228624604,0.00912413207997287
2024-06-21,0.00819269228249797,-0.0215219856939445,-0.00173453198608886,-0.00955763721925451,-0.0162811844356159,-0.00215641874920325,-0.0165392841399201
2024-06-24,-0.0147895313743822,0.00166178009227602,0.00187841822496315,-0.00185576546431887,0.01266824924591,0.00399214089965905,-0.000961792538027195
2024-06-25,0.00214452442107937,-0.00735613990411965,-0.0012655461201625,-0.00675505908383534,-0.00577073458549138,0.0232899081100657,0.015913460176753
2024-06-26,-0.00477367762184933,-0.00018926392669627,-0.00267508597390897,0.0113557872147785,0.00747391177046053,-0.00575571332814351,0.00422262175667609
2024-06-27,-0.00231557048905728,0.00146668771367509,0.000847056323106443,0.000802053709357153,-0.000197271274971045,-0.00314427591218858,-0.0106995978560611
2024-06-28,0.00513928008719167,0.000629869821516138,0.00423148190396172,0.00363701352145807,0.00706453505783311,-0.00728113838367139,-0.00447477658054352
2024-07-01,-0.00131950898309907,0.00209309113787848,0.0114705603738408,-0.00534362219908757,0.00644682132758789,0.0127092378393572,-0.00617171755420076
2024-07-02,0.00280762982303262,-0.009611194116801,-0.00425846231038729,0.00413732344599493,-0.00920919876822057,0.0148956576740937,0.0283421551324272
2024-07-03,0.00576413812721999,0.0119720184033001,0.00506699340563799,0.00830210994679548,0.00277069959353038,0.0219866268519615,-0.00335029556689115
2024-07-04,0.00360244345509253,-0.0146352181226004,0.00753891852092003,0.00792868833701266,-0.00248871175684506,-0.0234642008027474,-0.0113575890906783
2024-07-05,0.00309999386312376,0.00116090255529899,0.00803341915818612,0.00429630120699187,0.0113943081574028,-0.0457690935084077,0.0150701263146182
2024-07-08,0.00146389318897211,-0.0108961196741101,-0.00236799955527911,0.00939927424908138,0.0113629014431027,-0.00773616073278405,0.00133716151727081
2024-07-09,-0.0030858961775333,-0.000915370421676331,0.00232799785358639,0.00614814532801256,0.0114082283715038,0.000703142453831074,0.00938880519001661
2024-07-10,0.00260670975281596,-0.00474161575983334,-0.00487297256260166,0.000118677460552163,-0.0063234611532601,-0.00635503701987938,-0.00437799534726002
2024-07-11,0.0022749331746128,-0.00571706273795769,0.00160178532934196,0.00777077674911042,-0.00888602783303849,-0.00258269748145812,-0.00793132267788654
2024-07-12,0.00340465440067517,-0.00417446062055105,0.000411205051812358,-0.0188946184319239,0.00609281647544369,0.000493094352778556,0.00780143578907033
2024-07-15,0.000484711255335668,0.00813918597936336,0.00333407507519468,0.0134989206795599,-0.00149476501205892,-0.000369696626328353,0.000616512596473218
2024-07-16,0.0083979404576997,0.00611567667893476,0.00209398547525486,-0.00580119440021476,0.00518540663591738,-0.00144878533003667,-0.00412152056545745
2024-07-18,0.00752724585266207,-0.00549958255044347,-0.00744980191784972,-0.00851439536627041,0.00757488919547233,-0.00305590140239764,0.00540351766454616
2024-07-19,-0.00794786204439279,-0.0279735963769699,-0.0203203773062071,-0.0273840826423032,-0.0111151373034373,-0.00464459411613616,-0.0103112203870233
2024-07-22,-0.0052875823932742,-0.00161361029510521,0.00696069097523089,-0.0012349481275622,-0.00406105251542987,0.0219311811880152,0.00910593476282839
2024-07-23,-0.0309278660923319,-0.00183275093178681,-0.00032478461251495,0.0045129266265973,-0.00222238278973208,-0.0147027205492307,-0.0310561516111354
2024-07-24,-0.00930853348921845,-0.00822948106020893,0.00826062193516819,-0.00966217780258982,-0.0155528039501073,-0.00886676247847229,-0.00525709746134473
2024-07-25,-0.0038590528208855,0.000942539244157325,-0.00243946788501004,-0.0263485305829584,-0.0239040851025015,0.00782386514478151,0.0283282778264506
2024-07-26,0.0104430311223915,0.0359845236444731,0.0180870126250237,0.00159560895893907,-0.00151175855753816,0.000958847808019359,0.016785704169324
2024-07-29,-0.0201700761012689,0.00287295412285093,0.00770456494020477,0.00350476694977053,-0.00266450208368951,-0.00809564898796811,0.0258294868181688
2024-07-30,-0.00731541874967223,0.0127534635189086,0.00512704905939021,-0.00596902760292539,-0.00512095094639364,0.00654193150941151,0.00256954981629587
2024-07-31,0.0056555585207263,0.0129922896356451,0.00572732000463461,-0.00153309214685049,-0.000528920060857807,0.000123699732095472,0.008019264538492
2024-08-01,0.00698704576141496,0.0150975779571199,-0.00707394922123283,0.0161228677111827,0.0112564840948772,0.014265820028954,-0.00935775451981558
2024-08-02,0.00981550202842607,-0.0175149482280881,-0.0089165261209857,-0.031671161101369,0.00446875070556452,0.0124176479359521,-0.0300584852227881
2024-08-05,-0.0155856631308315,-0.0388180827482472,-0.0177675658537568,-0.0568957694387843,0.00633239420185383,-0.0261579960120661,-0.0375644953229946
2024-08-06,-0.00204294761922053,0.0113554194239693,-0.0243026738138427,0.0126172222543095,-0.00095578976000521,-0.00900514516341333,0.0136621389039722
2024-08-07,-0.00716475906854486,0.0368568404398277,0.0192471078086951,0.0170218566290905,0.00570057762951803,0.0139270880460463,0.0173508445084685
2024-08-08,-0.00189004482662491,-0.00577532745136355,0.000138844671090599,-0.0118496958661828,-0.0133582502905321,0.0118262433172696,-0.023280444340581
2024-08-09,0.0098123548515574,0.00631404218819842,0.00708037764462022,0.0304878036173253,0.00626744587310535,0.00456570977780801,0.0108342653176632
2024-08-12,0.00613707145052866,-0.0112312234128678,0.000781169804060289,-0.00210392709649831,-0.012616445565057,0.00599917796720417,-0.00559570032981238
2024-08-13,0.00643851347285529,-0.0188942659395437,-0.00693325934792655,0.00368953460994592,0.00469052871605813,-0.0342749427322908,-0.00564119018308495
2024-08-14,0.00353533803161876,-0.0168488028577846,-0.00550213819180101,0.0164106607594698,-0.00406491260136954,0.00286920736842267,-0.00185823173540345
2024-08-16,-0.00234858896518997,0.0225978532405162,0.011297633436903,0.0294497395146081,0.0205488393400535,0.0151138165071678,0.00653006169795511
2024-08-19,0.0146292065583797,-0.00201035290477714,0.00956234732530303,-0.00439144902788879,-0.00883009266839963,-0.000336975281210239,-0.00372725803940177
2024-08-20,0.00546897606103625,-0.0102819202663627,0.00628410558136738,0.0153119595544973,0.00613218965903362,0.00376941363648986,0.00496472937489956
2024-08-21,-0.00477990950358254,0.0146711655344158,0.00619970315170848,-0.0026687018031375,0.0132024140539126,-0.00726623323764719,0.00653565410656043
2024-08-22,0.00115931920480183,-0.00534389217532427,0.00652123637706192,0.00423153669871779,-0.000293927194556232,0.00338296516293157,0.00290600179530265
2024-08-23,-0.00330853201679482,-0.00732477830936407,-0.00460231798593258,-0.0101004141374028,-0.00854574163932376,-0.00383135943333879,-0.00220433654747909
2024-08-26,0.00962658640754666,-0.00238925564177461,0.00430933894450169,0.00732393219997074,-0.00381530618489978,0.00916899314821418,0.0120464324705074
2024-08-29,0.000330313096873258,-0.00259252641553931,-0.00254267774495009,-0.0114592483823233,0.0048346291614223,0.000885689987762062,-0.00151801740155433
2024-08-30,0.00148588662772564,-0.000264748952129801,0.00518778341528003,0.00762305012559916,-0.00151723698654538,-0.00100694638730059,0.00575543028562819
2024-09-02,-0.0067589820053322,0.00755122816315112,-0.00195758672971402,0.000125073603573833,0.00365876328478332,-0.00607873146999938,-0.00581692946373569
2024-09-03,0.00182573627139515,-0.00198868880526526,0.00338799251971089,-0.00531386639059162,0.00830730380128486,0.00639241796490997,0.0019140650202456
2024-09-04,-0.00878062912421473,-0.00782250760192915,4.4404241845708e-05,-0.0206774764220494,0.00158052103121231,0.00271788285344221,-0.0106634798656294
2024-09-05,0.0120340528826817,0.000995865891033398,0.00368742211807915,0.00198945927366512,-0.0117763467658856,0.00222309192015135,-0.00729979442747286
2024-09-06,0.00181669053241262,-0.0132323416755833,-0.0119511197332035,-0.00935122441687641,-0.00067875550014862,-0.00516579759850722,-0.0136307430987381
2024-09-09,-0.00824266404974827,-0.00379772929608835,-0.00335991396782787,-0.00614208934821681,0.00541311968300962,0.00583407397300006,0.000993070225524528
2024-09-10,0.00332448077537784,0.00750635690736123,0.010877862883385,-0.00195162014946304,0.00745017190571207,0.00233834981539083,0.00498837896910498
2024-09-11,0.00579851674257714,-0.0162569965932585,-0.0018675715687011,0.00638766614023734,-0.00341160772419524,-0.00390830160876987,-0.0164619959050856
2024-09-12,-0.00164714998565485,0.0180914376328387,0.00757338147189968,0.0198187366473237,0.000395764803645671,0.0138086202488279,0.0240461192025716
2024-09-13,0.016993875085376,-0.00757271912554613,0.0060131786769333,0.00647776559241087,0.00140435007345174,-0.000389992673299422,-0.00248480913959104
2024-09-16,0.00665152257417057,0.00557549387473655,0.00681230193852955,0.00265016519603756,0.0071896378624261,0.00300120115989566,0.0136312798375788
2024-09-17,-0.0045124703100663,-0.00324970930353929,-0.00109132180025195,-0.000881053461459835,-0.00107864192206897,-0.00128660606506736,0.00899722180890206
2024-09-18,-0.00145702042934948,-0.006352476402958,-0.00703579337267246,-0.00806247684294148,0.0197498035247128,0.0155801210397992,0.00953939135119697
2024-09-19,0.0082684552368657,-0.00444823913775927,-0.00453304627129381,0.0191136007574746,0.0142658405766569,0.008083479095089,-0.012532033946228
2024-09-20,0.00385916841560641,0.0222042359946206,0.00919581682923187,-0.000311564895297711,0.0248081804646969,0.0191395636027858,0.0299156028792762
2024-09-23,0.00608683431455526,0.0117832485298353,0.00858628561963259,0.00299174595010587,0.00948303809198348,0.0106822881518571,-0.00163419118587438
2024-09-24,0.00286579049896862,0.0164095645952498,0.0028233035109928,0.00441217202303079,-0.0105498257458555,0.00468805408807205,0.00102966809200211
2024-09-25,0.0106365796331507,0.00362010742871988,-0.00311850833972638,-0.00148490679894542,0.000352390589285489,0.00624981149770121,0.000593448442074873
2024-09-26,0.00172793921795833,0.00565190732590781,0.000434440576710049,0.0206332600758921,0.0215582079654728,0.00244499434294188,-0.00835568840706602
2024-09-27,-0.00454760723609238,0.00244993024515039,-0.00373491110426494,-0.00224620637715855,-0.00355651466989937,-0.0172697521520903,-0.0150180248309193
2024-09-30,0.00110270471532758,0.00177304120205202,-0.0027026814894654,-0.00772743672221721,-0.0203045265928102,-0.0117536669753215,-0.00812267544416267
2024-10-01,0.000629440063061759,0.016024355961239,0.00642539220450478,0.00852342024798625,0.00635694247764906,-0.00337759240891267,-0.0059991218320592
2024-10-03,0.00157255030478276,-0.0220018897112135,-0.0167643891871946,-0.0138019350374711,-0.011894826168194,-0.0256053292051306,-0.0426577048561794
2024-10-04,0.00471036360851795,-0.0017169484290428,-0.00424049965305617,0.00123302683110404,-0.0286745415445798,-0.0144767675740505,-0.00105792967054852
2024-10-07,-0.00281294421713307,-0.0297847833229032,-0.0247526360890713,-0.000492528172855833,-0.00935272615077376,-0.0240400723257499,-0.0073268233077044
2024-10-08,-0.00564175838589231,0.0472829287516414,0.0139185693592974,0.0016633132176529,0.00306937193119694,0.0205525536535087,0.0184668899307816
2024-10-09,-0.00677699448392977,-0.00219885079892734,0.0117536004402876,0.00904115415347073,-0.0254673266017127,-0.0108414993454012,-0.0128240655559779
2024-10-10,-0.000158713680701639,0.00648432241256103,-0.00190658749660189,0.00694867369628782,-0.0014109644479956,0.0179100436384623,-0.00767109255038834
2024-10-11,0.00841140466770995,-0.0116564645303859,0.00168809246432766,-0.00163440845913287,-0.000258642165339884,-0.00685739705336641,0.00641549642347528
2024-10-14,0.00692475008450089,-0.0115070544445711,0.00629766806746423,0.00539631775881477,-0.00388172777572915,0.0224711603350312,0.0208180685716612
2024-10-15,-0.00187556943956446,0.00116090148113446,-0.000925480214750141,0.00385960295127163,-0.00711417994309538,-0.00236953177739174,-0.000886166362843888
2024-10-16,0.0090823962654436,-0.00605539450620118,0.000970493706532016,-0.00786983518290152,-0.0088558299065794,0.00932253019600648,-0.00543359016958922
2024-10-17,0,-0.0233805410970929,-0.0153805713139074,0.00363309794544531,-0.0339323040466613,-0.0156783541993559,0.0106719928019412
2024-10-18,0.0114835170039354,-0.00389874422358338,0.00205893258274648,-0.00187027184671951,-0.0119605209232883,0.00519979085379219,0.00210061237021719
2024-10-21,0.00935870830769425,-0.0214357691703121,-0.0150080424203596,-0.000906728439674431,0.00187234060605546,0.0278561209524895,0.00218015199306421
2024-10-22,-0.000911955582289514,-0.0387553668383152,-0.0247142973093203,-0.00145193444323977,-0.00186884149823208,-0.00818526941059572,-0.0205544531699228
2024-10-23,0.00654191819891969,0.00416100264223052,0.00288275954839601,0.00484703445601831,-0.00982867457714842,0.0123940119973949,-0.0160881747720999
2024-10-24,-0.00619715295366874,-0.00188676318377179,-0.00129815372120889,-0.00337662222956614,-0.0294350990079761,0.0079789110923405,-0.00368988012516258
2024-10-25,-0.00456278405715305,-0.0483182039889731,-0.0169908713610647,0.00344852893321868,0.000907590431277638,-0.0035721265873393,-0.0337675976426134
2024-10-28,0.00504204501820915,0.0390577878231635,0.00580871654091641,0.00940550797572093,0.00502062940070003,-0.00527708977501817,0.00432906909343278
2024-10-29,0.00790520343737988,0.0178478529085866,0.00741854569795342,-0.00304619825835439,-0.00204660061886219,0.0101776527637831,0.0120030513164575
2024-11-01,0,0.000763480176131148,0.0139999744503998,0,0.00855076114650632,0.000921892323295426,0.00111810582692717
2024-11-04,-0.0134489173715572,-0.0176641311309164,-0.0197697246327787,-0.0135322063041089,-0.0158173074612755,-0.013354149407211,-0.014311991141993
2024-11-07,-0.0192101627867916,-0.0249979062520757,-0.00529803004465712,0.00314718079245924,-0.00560291315117667,-0.00495657586417819,0.000301760469624268
2024-11-08,0.0104150186518708,-0.0138042670157843,-0.0133614421829619,0.0167325410441226,0.0144948226009827,0.00452314726770986,0.00377062914693127
2024-11-11,-0.00784618671123793,-0.00868867681325913,-0.00595680728877002,0.00245710100446428,-0.00723088920338499,0.00675431416109218,-0.0085921002818895
2024-11-12,-0.0255853274280943,-0.0115889008255664,-0.00992514192602201,-0.00324911411518503,-0.0100261407413313,-0.027232173690765,-0.0103338731951086
2024-11-13,0.00652450423960138,-0.018571419813488,-0.0226026048603444,-0.00714857597870788,-0.00928561453933519,-0.0214468591067043,-0.0120846480330065
2024-11-14,-0.0230829894778286,0.00358570240856304,0.00183843680901297,0.00714247732736961,-0.0234649002244667,0.00678033371853348,-0.00611613138506961
2024-11-18,0.0179640814679551,-0.00286540159408166,-0.00226966011467666,-0.0329425768633655,0.0139270517564232,0.00729576291939282,0.00450900499102391
2024-11-19,0.0130365608097298,0.000993366258855932,0.00909929276055732,0.00118278403556493,0.000429214131562716,0.0217876206154561,-0.0102339630085011
2024-11-21,0.013339586595063,-0.226067698916722,-0.00364530550914066,0.00762011102889892,-0.00133245838684948,-0.000602683511679247,-0.0063892069861613
2024-11-22,0.0117702050460344,0.0203099822142454,0.0137678749779726,0.0107281147344995,0.0163262444238204,0.00252703328271697,0.0344481276632462
2024-11-25,-0.0145416279046411,0.0132405586792301,0.0128211073422029,0.00620609038166187,0.00429378438330041,0.0229147230278164,0.0414874914549686
2024-11-26,-0.0153774138863756,-0.0473975609674251,0.000281367243058162,-0.0073206654654665,0.00367782553162588,-2.79622204341079e-05,-0.0134292245417102
2024-11-27,0.00899194983928808,0.114996702328188,0.00501519585103982,0.0175366639331807,0.00384051824878884,0.0149813369850995,-0.00105340094274509
2024-11-28,0.00125081038461294,0.0163900092701528,-0.00102602939362861,0.0010843031789014,-0.0165790138881551,-0.0105666707332798,-0.00882735667906898
2024-11-29,0.00390381006286633,0.0106888057373555,0.00518207575240903,0.00262231626193588,-0.000715711500383631,0.00161729472231253,0.0160254028188718
2024-12-02,-0.00824393508238597,-0.002476398762009,0.0079420683352236,0.0142142365851408,0.00769709464654555,0.00481611033652896,-0.00557082614069737
2024-12-03,0.00470513244915227,0.023259614136621,0.00963043174244294,0.0213027676250215,0.00437399463985022,0.0119686984937626,0.0224079348658488
2024-12-04,-0.000780446835289883,-0.007736142460957,0.00876271353930425,-0.00296406470437083,-0.00172412443981662,0.0185073791039851,0.000752573839984061
2024-12-05,0.000781056408291958,0.0111434490092339,0.00149301829107906,0.000110131427704108,0.00341037544158729,0.00303750584428286,0.0109897937939718
2024-12-06,-0.00109266129869778,-0.00640234126380579,0.00727322283119047,-0.00996365475121519,0.00101509125809041,-0.00530622810080472,0.0091737495024713
2024-12-09,0.00468822049056916,-0.00420911884425756,0.00363276474036511,0.0186822379556533,-0.0171751924365448,0.00762453899357718,0.0208446992556053
2024-12-10,0.00591067425737424,-0.0114790710607762,0.00174278037257958,0.0292014117606689,-0.00646066570690496,-0.00101601930268536,-0.00611820700187937
2024-12-11,0.00572139720207554,-0.00403293143016181,0.00334567518457463,0.0206831205227478,0.0120119995051797,-0.0026765039429556,-0.0016312820532336
2024-12-12,0.00691877216955517,0.0190660493010084,-0.00520184144793778,0.038189704813083,-0.00758568697509931,-0.00206643076738011,-0.0145146248464204
2024-12-13,-0.0134371244788939,0.00936467088833659,0.000134072756634129,0.00545516416199843,0.0132415105238448,0.00672310994466274,0.00702096271114772
2024-12-16,-0.00201202990543137,-0.00599404955443206,0.0028599490264527,0.0327028746830327,-0.00654529325455622,-0.00349942587806662,-0.00235400562482713
2024-12-17,-0.00589337566732051,-0.0098709339687002,-0.00463413819899372,0.0263170165467435,-0.0159911667522683,-0.0171294628703295,-0.0182189117072306
2024-12-18,0.00436815578724103,-0.0121402489879279,-0.00590924565925777,-0.00718545452460773,-0.00676360074841342,-0.0123006008600768,-0.0128834215893614
2024-12-19,-0.00931964118854078,-0.0154838486412179,-0.000990728736025792,-0.0163670366838912,-0.012636874410466,-0.00949907010368056,-0.011122496900247
2024-12-20,-0.0072122780382049,-0.030752134198477,-0.0224485927233513,-0.0335673542636699,0.00143506685902417,-0.0122665034564252,-0.0232754781802686
2024-12-23,0.0102653431619022,-0.00255870627608867,-0.000461155138034464,0.0395102852177069,-0.00550034966928314,0.0166525198471974,0.00293391849012337
2024-12-24,-0.00453338924485569,0.0143226968256807,0.000599764191304253,0.0151747894703396,0.00701781498812126,-0.00161017562841581,-0.00020600378694291
2024-12-26,0.00502512081172535,0.0117178949896888,0.000276626671412261,0.011458445757802,-0.00775361100060679,-0.00408767668507204,-0.0028160791261288
2024-12-27,0.00328123569488525,0.00404116772266305,-0.00119840751552514,0.0140326084234776,0.00730278300414566,0.00418824024170217,-0.00589609965096716
2024-12-30,-0.00327050439911059,0.0756863770240364,0.000692204969285237,-0.008643233283537,-0.00263223471766694,-0.0113165805865756,-0.00807912065359007
2024-12-31,0.00140619277954102,-0.0245724511706065,0.00267479173976226,-0.00658534590173121,0.00469937979404023,-0.00284044768069958,0.00801908528671458
2025-01-01,0.00405682869538171,0.0103613488395511,0.00501332143809341,-0.00840298303226417,-0.000368600307814049,0.00558414057539713,0.0165897429424742
2025-01-02,0.00388500397712588,0.0167719994039106,0.00750537472370461,-0.00772091408772468,0.0142675294489134,0.00617034164073726,0.0125426504051174
2025-01-03,0.00727556086385062,-0.012742054348413,0.000953925594773919,0.000711647262152448,0.0147714975556437,-0.0248363351497711,-0.0144338928124622
2025-01-06,-0.00706929593714511,-0.0351517298629861,-0.0231439739035654,-0.0279726623729558,-0.021364481286109,-0.0221242679372363,-0.0154921912206769
2025-01-07,0.0024763354156232,0.0186305334780068,0.00548178000874588,-0.00453618142224976,0.0126545152382254,0.00169529397656332,0.0111290090238905
2025-01-08,0.00540383081142393,-0.00210277895681454,-0.0093328601445003,-0.0082316267623419,0.00327673981117771,-0.0111473079750739,-0.0128866500405818
2025-01-09,0.00429973537296213,-0.0148494713321222,-0.00797496254864616,-0.0060768290305524,0.01628448922276,-0.0156406936840794,-0.0190332147565636
2025-01-10,0.00810395668090558,-0.0417691864280914,-0.0202623886105205,-0.0163534814887627,-0.00361255853820919,-0.00662555737382642,0.00233850798873858
2025-01-13,0.00485362798942823,-0.0628579844404999,-0.0378598830169233,-0.042144607426417,-0.00469327181645085,-0.0156329386965715,-0.0203186492109484
2025-01-14,-0.00316979750147406,0.0698380243337444,0.0183532394164265,0.0178844596943784,-0.00817934327283354,0.00965746465622108,-0.000490782299659487
2025-01-15,0.00333133279305264,0.00319240908989182,0.00499536833471392,-0.00829276502161091,-0.00874261315967095,-0.00215596616873803,0.0112054344988375
2025-01-16,0.0049802926504845,0.0166239539039841,0.0115491206064433,0.047820682190854,-0.0137974783379659,0.00547768460854203,0.00185641180889107
2025-01-17,0.0010513189378103,-0.0115534762843472,0.00144524062583828,0.021497318771537,0.0220808057270119,-0.00926122659371409,0.0173180488743956
2025-01-20,-0.0010502148270739,0.0179180515502551,0.00692708489312399,0.0334960962311015,-0.00144327219643703,0.00885894754701155,0.00682336635350578
2025-01-21,0.00540622661285117,-0.0239479062263256,-0.0190617492525876,-0.024567688076503,-0.00792684086997553,-0.00535954244642911,-0.0144447656223705
2025-01-22,0.0100075553230841,-0.00325031815974985,-0.0128573484931862,0.030756517670403,0.00516749152473506,0.0143996785079781,-0.00646693304156376
2025-01-23,-0.00280985557067071,0.00355551332839354,0.0176130643960188,0.0202058319678984,-0.00400842057345796,-0.000690185774186447,-0.00424929458965684
2025-01-24,0.00504221172107178,-0.0293081097519241,-0.0164355642389784,0.0169498994308686,0.00406989463661245,-0.00906963770625735,-0.0128595319934945
2025-01-27,-0.00118037783123215,-0.0239299974793418,-0.0283432747000291,-0.0498210984849505,-0.0150141898273535,-0.0121227011749014,-0.000159013923719642
2025-01-28,-0.00162506435786847,0.0116608503721745,-0.00781246613372377,-0.0423757074891716,-0.00848366981242588,0.0249109378354349,-0.0126531166216559
2025-01-29,0.00414321946893192,0.0142386217698265,0.0249002713549122,0.0346938846812235,0.0113156741200526,0.00413078251389409,0.0104864994955947
2025-01-30,0.00338926798512262,-0.0284655268033286,0.000997739841791301,-0.00466638400677444,0.0168065113715481,0.00846602011050934,-0.0083340347906985
2025-01-31,0.0145396614247304,0.0156264577526732,0.0185896391716436,-0.00256161814853428,0.043227337534105,0.00428610187265455,0.0428096985478363
2025-02-01,-0.00188194671926101,-0.00778038880581078,-0.00371861115308603,0.00101762232318681,0.00605213054067888,-0.00459163778507743,-0.0336098506404784
2025-02-03,0.0100072874829016,-0.00359020621886152,-0.0107061817506018,-0.0154419712127561,-0.00434001744575618,-0.00765837894026122,-0.0459172876631018
2025-02-04,0.00631824303938244,0.0175297461810473,0.0106731228674888,0.0178966488056034,-0.00761727171098325,0.0255662213994345,0.0455884543422134
2025-02-05,0.0212613844868546,0.0100369906250353,0.00879222249187062,0.011689118404165,-0.0219615331707541,0.00982044953535999,-0.016268529973354
2025-02-06,-0.00195611834910436,-0.00522675683207652,-0.0113935706546257,-0.00124132017485867,-0.00422435475624505,0.00348134199278305,-0.00900024829488488
2025-02-07,0.00153997773878767,0.0113948504634587,0.00177305271008477,0.000621467953990429,-4.48558818360034e-05,-0.00636524608380762,-0.0047274965597629
2025-02-10,0.013698570240392,-0.0205232658555033,-0.0195181973443105,-0.0067361151001939,-0.00182013965831862,-0.0098109926289266,-0.00247236117053728
2025-02-11,-0.00744612949709011,0.0135104819283662,-0.0304367060540279,0.00221245465333975,-0.0115036686622269,-0.00836359819368149,-0.0267375697682363
2025-02-12,-0.00708533082030405,0.0136535083730769,-0.000413745504769136,-0.0057110067154198,-0.000797119809611835,0.00317380648695109,0.0154337723766467
2025-02-13,0.00559677513707713,-0.0462088276709077,0.00160387810715856,-0.00193065889866273,-0.00738449025599985,-0.00533166961052955,-0.00790362497068064
2025-02-14,0.00486988257611753,-0.0410077569002358,-0.0217469473356983,-0.0064802995734653,0.00840383255529131,-0.00167874007301683,-0.00796651366847467
2025-02-17,-0.00789254618097157,0.0330058783423124,0.00142564688304314,-0.000438066281255534,0.00940419884123611,0.0132755245506637,-0.00488003722163888
2025-02-18,0.00460574771844913,-0.00152884278623466,-0.00200363636305123,-0.00603849747410756,0.00266168953816326,0.00331906364939116,-0.000527714551916025
2025-02-19,0.0104195605032262,-0.0177904354067085,0.015216302419889,0.0104355733498758,-0.00785175742890665,0.00240854668389434,0.0173128137446679
2025-02-20,-0.00329995163050112,-0.000825401570862638,0.00619309122667655,-0.00790343696372009,0.000816393560105988,-0.0232167968021847,-3.04583765396993e-05
2025-02-21,-0.00565589798313071,-0.021064678653437,-0.00848246312564471,-0.00669564103954257,0.00371578065906264,0.00320078279292813,0.0119970920099624
2025-02-24,0.00721415968169925,-0.00841510532886791,-0.00902449533166216,-0.0293249682778013,0.00246048728472403,-0.00909896274692978,-0.0173147289847295
2025-02-25,0.00206613676352041,0.00694992346476941,-0.00379007851806368,-0.0206812746162833,0.0135110655410382,0.00313040423864419,-0.00976156714237653
2025-02-27,-0.0119588006403029,-0.00887381153387823,-0.0116248187489679,0.00931678612934994,0.0123535203433298,0.0109073473156398,-0.00508378107306817
2025-02-28,-0.0108514024638445,-0.0070821764223421,-0.0215450345551812,-0.0567692683293269,-0.0388686237126588,0.0186394430448193,-0.0142233445443222
2025-03-03,0.0036568515022557,0.0100668906966168,5.46088220010343e-05,0.0201164157797438,-0.00187223023997962,-0.0178076176196066,0.0105725497499369
2025-03-04,0.0148542257501043,0.0130838998498524,-0.000163900887815926,-0.0250493635597714,-0.0178674857135022,0.00496598969298634,0.00491041605575382
2025-03-05,-0.0020712721578503,0.0471139674214727,0.0263388378372609,0.00431863869541638,0.023526713093317,-0.0116959257874111,0.00829437885322548
2025-03-06,-0.00525802229235917,0.00311686135489087,0.00633578498675602,0.0155671706474454,0.00191173635669806,0.000710023151472949,0.00625062212822547
2025-03-07,0.00445124075032743,-0.00237477464969005,-0.00211625791285819,0.000857560620319164,0.0169225562221151,-0.001153034056112,-0.00466262418894869
2025-03-10,-0.00055395258322255,-0.00854281361043996,-0.0148984547452439,0.00267751946713046,0.00444509553514316,-0.0010359132989558,-0.0206491197933761
2025-03-11,-0.00124700485207097,0.0100075472790644,0.000645829468334691,-0.0311899777042727,0.00133421458471039,-0.00118514989738938,0.0055858445790582
2025-03-12,0.00332960401876869,-0.00391008593915243,-0.0015597745750261,-0.0118522269505217,-0.0248289570029501,0.0152180190586197,-0.000563377474042781
2025-03-13,0.00691371684333375,-0.00923361748796381,-0.00834995965623297,-0.0182427016594753,-0.00161691455295299,-0.00265909457899405,-0.00198824241987938
2025-03-17,0.00975005613084501,0.0142271131847165,0.0093980644846301,0.0272190513763735,-0.00802930504251886,0.00222674541142753,-0.00434539072176099
2025-03-18,0,0,0.0210968097543254,0,0,0,0
2025-03-19,0.00979193842861648,0.0292760158661542,0.0246139159548164,0.00719147547177368,0.00443808028252812,0.0197029426029627,0.0460382194351427
2025-03-20,0.00323229446154261,0.00890607554065337,0.000771652057526939,0.0282308957152699,0.0171931608396161,0.014133292836503,0.00948921567260586
2025-03-21,-0.00724930770591403,0.010045812355808,0.0162426297226461,-0.00972174167484785,0.0212914924112491,0.000904666316214886,0.0193671014185304
2025-03-24,-0.0128464771798042,0.00249697199612231,0.0116331380044783,0.0146717796518585,-0.00233609968290172,0.0167480885835598,0.0192918948197438
2025-03-25,0.00315073091689855,-0.0204120393840785,-0.0100994403737301,-0.00260488805259773,-0.00384345708493372,0.0119166648151028,-0.0035182798047223
2025-03-26,0.000273066259043331,-0.00333989840549942,-0.00580842024024864,-0.0153501209837714,-0.0050556664830852,-0.00818026649579706,-0.00714774917042993
2025-03-27,0.00750857408543082,0.021944978837608,0.00370865169635048,-0.00709111604649859,-0.000624088169427828,0.0104065584229021,0.016488588590454
2025-03-28,0.00487805684911802,-0.0201198160055638,-0.00136662581592084,-0.010794285594498,0.00388020275813106,0.00156127379547311,-0.00265594605109587
2025-04-01,0.0345199222246226,0.00839881054135572,-0.0115559997163242,-0.00644804733327742,-0.00744177130597268,-0.0330105355846854,-0.0158921152453912
2025-04-02,-0.00638683336774115,0.0146236380006555,0.0131780946012039,0.00743286192014603,-0.0104298736344023,0.016432359076459,-0.00491740967191934
2025-04-03,-0.00498497790998631,0.0174728169111991,-0.00116400491827406,-0.00715773498468575,0.0158095916280296,-0.00114085124440622,7.30488357660874e-05
2025-04-04,-0.0113381757106427,-0.0315870736446504,-0.0242196937804739,-0.0297804467494347,0.00734749716468608,0.0125081308421104,-0.0467815971703356
2025-04-07,-0.0154686767003535,-0.0522347534718428,-0.0258593606822576,-0.0659045383276454,-0.00581309541692376,-0.032796061172956,-0.0587855025984166
2025-04-08,-0.00203171505023325,0.0329913370765174,0.00906181712650977,0.0050789489680243,0.0117385513580757,0.00651429089872502,0.0301776112371159
2025-04-09,0.0164223544986557,-0.0213501905081421,-0.00586371152909104,-0.00560120650803841,0.0305222165245658,-0.00234578530313401,-0.0338332228706547
2025-04-11,0.0401923108660958,0.03777561641953,0.0181200043459859,0.0227759822384073,0.00705788830981535,0.0236543811346399,0.0202347698666434
2025-04-15,-0.00308084543091824,0.0416988438123453,0.0308976930081459,0.00538757186496741,0.00275260505791697,0.0321849028988583,0.0454597360342661
2025-04-16,0.0202163226988132,-0.00107502172174456,0.00673350446681886,-0.0167906645827373,0.00650374954827093,0.00702449147445594,-0.00917860757942812
2025-04-17,0.00378638659160213,0.00103500504199494,0.00281618074631695,0.00272510709705087,0.0139722222453158,0.0152821815990614,0.00607248123968618
2025-04-21,0.0193637739112884,0.0101731070406106,0.0249235300608317,0.00513341487695973,-0.00711747346602698,0.0106990985792603,0.0102238454124108
2025-04-22,0.0225731076593494,0.00114627318156946,0.00831782418841276,-0.00210293132325234,0.0032925364494325,0.0179544533163198,-0.00691960161395677
2025-04-23,-0.0302774679135189,0.00331237203130108,0.00975346704666546,0.0242654066405683,0.0108419461159013,-0.0192690176222619,0.0132603739713406
2025-04-24,0.0014927571525456,-0.00452408739902621,-0.00461334745529673,-0.0044089118647288,-8.22396544957193e-05,-0.00369036954292312,-0.00012113324332641
2025-04-25,-0.00596203383675709,-0.036110560283116,-0.0233670230414855,0.00838449553511933,-0.00809628449769018,-0.00292160629819793,-0.00863474814802756
2025-04-28,-0.0122453547730477,0.00658378283782235,0.0122101997265351,0,-0.00310746560375974,0.00470907490410721,0.016869884788397
2025-04-29,0.0125236916578149,-0.0165414873603205,0.00258839027893787,-0.00755353844333906,-0.00768916720436108,-0.00593680991126255,-0.00150275787291443
2025-04-30,-0.011869122523366,-0.012571897834404,-0.00667346272099101,0.000353988770129376,0.000293165052858368,0.00848693916403298,0.00562860086881467
2025-05-02,-0.0089771035193803,-0.000956012183606969,-0.00240293005866987,0.00230020278754806,-0.0236159970596675,-0.00161026987226687,-0.00182577986270938
2025-05-05,0.0153100870080012,0.0680266374979128,0.0144521582227646,0.00676705825563872,-0.00154396339098806,0.00775265070804965,-0.00140935088531913
2025-05-06,0.03204316868171,-0.0413357467547589,-0.0193341586896355,-0.0072475905132765,0.0121553861382664,-0.00263325444782148,0.0011410865502044
2025-05-07,-0.0103494277675228,-0.00038243934848281,0.0109694691527882,-0.00429797444860391,-0.00768094199375313,0.0071957874925217,-0.00377923528213697
2025-05-08,-0.00418302587348496,-0.0288129376264901,-0.0176441862300097,-0.000177381623480355,0.000983648785166658,-0.00878905303102295,0.000752676225836968
2025-05-09,-0.00172966871047209,-0.0150090303760678,0.00412956768182648,-0.000118215235110242,-0.00653657705568866,-0.0201193299056474,0.0361021097112113
2025-05-12,-0.0349009850038968,0.0774322364797828,0.0368644679051322,0.0418169501339871,0.0251140443652018,0.0357200592514662,0.0416098685303319
2025-05-13,0.0139778954984324,0.00655588614592584,0.000669021281293425,0.00198709040949496,-0.00570522686305619,-0.0176783931229089,-0.00563115055208607
2025-05-14,-0.00619701360390423,0.00847940495712907,0.0140879288109701,0.00464611048732411,8.42235321802942e-05,-0.00624149320663436,0.00171017082873814
2025-05-15,-0.0195978732456422,0.0235997213145622,0.00631031928125969,0.00834693896518712,0.0116859190740621,0.0121428025545378,0.0126220009768852
2025-05-16,0.00960537194931921,0.0138888956230947,0.00711312768540839,0.0127524700693793,0.00446190151448733,0.000465397537035006,-0.00373112850493462
2025-05-19,0.00694267066086751,-0.00563602418649845,0.00139393050327619,-0.0139725737877492,-0.000415089175282435,0.00206744241044388,-0.00124829829276363
2025-05-20,-0.00165982193468472,-0.0153506571879575,-0.015173259231688,0.00302458029141084,-0.0204750583855471,-0.0122762399528461,-0.00899954785588175
2025-05-21,0.016754028874413,-0.000479735076048371,0.00640784289084162,-0.00446729419018288,0.0144582313909303,0.00621444239828617,0.00594206208754322
2025-05-22,0.00389934035966988,-0.00511914154716153,-0.00117041195157475,-0.00443119414147397,-0.0129148291036647,-0.00358103221949913,-0.0104764852265966
2025-05-23,-0.00375887021100374,0.0210643629765777,0.00763997927064786,-0.000957790093436328,0.0223144091843355,0.0071357262547509,0.0136566168384922
2025-05-26,0.0032699597516106,0.00303154587577481,0.00507029313583729,0.00231213842987654,0.0164016425133955,0.00341324676927934,0.0135559157158545
2025-05-27,-0.00263255726852174,-0.0029044998789991,0.00259174128574657,-0.00489503819333459,0.00281153292683833,-0.0071641334005057,-0.00238438260761875
2025-05-28,0.0062845653009449,-0.0099595335030388,0,0.00780280944277978,-0.0170261096671439,-0.00145359892721997,0.00173076515555959
2025-05-29,-0.011990995675088,0.0102585239766204,0.00595482277180692,0.0138577263497552,0.00661434385291249,0.0020795460868408,0.0024683179304863
2025-05-30,0.00493046014123544,-0.00822587607258496,-0.00142252919052166,-0.00924139984333372,-0.0159343450910627,0.00902726920147767,0.00541677898583282
2025-06-02,0.0129575897216916,-0.000436490869427542,0.00487108844088358,-0.00296022564327214,0.00421509686867294,-0.00658139101779831,0.00122445353894496
2025-06-03,0.00558873070538635,-0.0190170368838193,-0.00347553168335768,0.00588204069278375,-0.00619225223786091,-0.00388170400771792,-0.000219435581929273
2025-06-04,0.0041990407899819,0.00748719003646436,0.00481851697541136,0.0100245214760066,0.00255091287570952,0.00862513436951695,-0.00502086820329184
2025-06-05,0.00516548777457748,0.00602553751236257,0.0102758491551393,-0.00253642871812454,0.00158502115238268,0.00432719531141679,0.00443956144953161
2025-06-06,-0.00611770438594483,0.0118990780668551,0.00886032003793269,-0.00320611714667884,0.00662132529648263,0.0149261405017376,0.0037610222682134
2025-06-09,-0.00923304159799698,0.018901472792068,0.0102612742022263,0.0010536112183912,-0.000786102945877776,0.000101187870599873,0.00618109945816103
2025-06-10,0.00161527395620786,0.0120057916112113,-0.000665347071792666,0.0100272166221482,0.00666580255836213,-0.0068725161193065,0.000244655637975599
2025-06-11,0.0018608302287948,-0.0122077878841212,-0.00133151238297713,-0.00186491653697141,-0.00501758809428832,-0.00758157614411248,0.00135877620904923
2025-06-12,0.00780085731492752,-0.014528099714522,-0.0149326727362303,-0.00533026290513494,-0.0138887594929814,-0.00358902952084628,-0.0219551160574643
2025-06-13,0.0213785216466145,-0.0135853173434716,-0.00378974221078898,-0.00464060749893513,-0.00368876461269374,-0.0132757087508485,-0.00457835523562933
2025-06-16,-0.00048118509381645,0.0143945611543386,0.00720074432983364,0.00255318154266648,0.00546943490703455,0.00928243581105659,0.01151248256494
2025-06-17,-0.00637861117650795,-0.02181599907139,-0.00687949110290453,0.00631124042978382,-0.0116328189677009,-0.00299678539417858,-0.00176366064207167
2025-06-18,0.00278589345609359,-0.0118143866602031,-0.00375787499164071,0.00434611469199653,-0.00897546563452378,0.00222848564001676,-0.00574222824154336
2025-06-19,0,-0.0156560824761928,-0.0153153754772446,-0.013365482438852,-0.00935576804653193,0.000723943198682964,0.00544224224816237
2025-06-20,-0.00676407238073506,0.0114846634532575,0.0118151916750266,0.00194318295027651,0.0178964365415504,0.0151913542663586,0.0112948459610536
2025-06-23,0.00522923857012736,0.00963900830034303,0.00123160278120205,0.010417270848873,-0.000550775198516207,-0.00829635827997732,-0.0213817894325766
2025-06-24,-0.0203242224866472,0.0135922236086976,0.0100227651400555,0.00696456798005762,0.00284001341738627,0.00641549064399549,0.00588779630907599
2025-06-25,0.00160530066719033,0.00862068377266478,0.00437528747882476,0.00811461459964158,0.0163158398351091,0.00984242777191269,0.00416113920264194
2025-06-26,0.00012331569664914,0.0233459958818125,0.00556880362581769,0.0113986311025573,0.0112293601418645,0.0210079505042826,0.0109950880198191
2025-06-27,-0.016148978595091,0.0232387679996329,0.00491264716509265,0.00945414090866481,0.0112281228595514,0.00755072372714038,0.00535577344360916
2025-06-30,0.00225536036439089,-0.0101652135637217,0.00346650725896169,0.0210592920887716,0.00268447167766039,-0.00665041117615806,-0.0025549051666508
2025-07-01,0.0132517216689212,0.000916333023040172,0.000885832911017292,-0.00461211268082307,-0.0223906747834132,0.0052960083970417,-0.000844747614604069
2025-07-02,0.000740253625350684,0.00320381021444383,0.000619493722047171,-0.00978761383220972,-0.00916988828646481,-0.0129715037435657,-0.0190634663141119
2025-07-03,-0.00123287477954148,-0.00722376520223278,0.000442183003438235,0.00678237941966375,0.000167502624034865,0.00055384081905796,-0.0038645682138031
2025-07-04,-0.00148133247028226,-0.00463384279506618,-0.00322678575487501,0.000522172655794906,0.0060545946363546,0.0011071937040581,0.00326560454417257
2025-07-07,-0.00445049589650059,-0.00884922653140319,0.000975615169415134,0.00177460381225236,0.0122450418439519,-0.000955138147969992,-0.00367222858359306
2025-07-08,0.00310443317756848,0.00590035640500286,-0.00270246591818468,-0.000729429453399377,-0.00173413853842364,0.0070443843408885,0.00698047615700936
2025-07-09,-0.00928447649583553,-0.00320296843660817,0.00111056816366295,-0.000677770627112495,0.00409449448599908,0.00489648865984704,-0.00740348164950977
2025-07-10,0.00849681763773424,-0.0007743559484229,-0.00261801711169996,0.00286968089976369,-0.0108741279059136,-0.00248604449062773,-0.00139677202555288
2025-07-11,0.00545164721097002,-0.00864006429040609,-0.00805266505400659,-0.00499457198030429,0.00087454352217442,-0.0112151744093866,-0.00953922393963014
2025-07-14,0.008995634181304,0.00883268416746441,0.00618940429883663,-0.000522907730800659,-0.00441025126364503,-0.000352869900874686,-0.0126250355190312
2025-07-15,-0.00256471777621969,0.00654704455218824,0.00864759950554839,0.00831813574391616,0.00977896927915722,0.00630358903841466,-0.000543485236058183
2025-07-16,-0.00391820377125829,0.00396428812825911,0.00123739959699209,-0.00114144035712882,0.018085478080307,0.000400841730229917,0.00280484197019537
2025-07-17,-0.00233552324001773,0.00310525419346952,0,0.00446707142772795,-0.0044307743764026,-0.0047087197808231,-0.00850504307964739
2025-07-18,0.00702316004318182,-0.00783455013271972,-0.00573800788209133,0.0111179741555352,0.00943190824488838,-0.0148472556224569,-0.00264826569430421
2025-07-21,0.00489408882974729,0.0090134665252406,0.00328511724766822,0.00598372718380635,0.000161918390736648,0.0220190470040995,0.010967484183942
2025-07-22,0.00779251687630866,-0.0121015299574989,-0.00566371141281807,0.00869347605692705,-0.0117690525796467,0.00329914546815679,-0.0109055811486606
2025-07-23,0.0118400796989242,0.0103176134310761,0.00311497394286109,0.00241921132341938,0.00368327935914103,0.00856965313813407,0.00585922574029074
2025-07-24,-0.0173133963969216,-0.00233319500764462,-0.00252857807674411,0.00940215758925089,-0.0531702752347091,-0.00498944278594671,-0.00212343197313991
2025-07-25,-0.00243018918858284,-0.0223507666422798,-0.0133867453142931,0.00273960483565916,-0.0204555800720256,-0.00228946339782921,-0.00994969467380014
2025-07-28,-0.00085261505633627,-0.0109015413184488,-0.00960146799127781,0.0182803039054193,-0.0199155382272093,0.00194552637572065,-0.00601236886631618
2025-07-29,-0.00146281993140518,0.0101493949097506,0.0088297625203011,-0.00409781732850234,-0.00251207913325857,0.00652227126208293,0.021448243206923
2025-07-30,0.00586003792063194,-0.00588724534665752,-0.000406029056480128,-0.00480037108419396,0.00350775541585846,0.00207758710910211,0.0484895005332353
2025-07-31,-0.00230613475924024,-0.0403489988207466,-0.00631880263545381,0.0252005471444163,0.00725956624307234,-0.003751651879636,-0.00780337011313215
2025-08-01,-0.00304136264332733,-0.032829978645853,-0.0111737221700027,-0.0189639304602405,0.0128130990538036,-0.00297292901941359,-0.0135294327004395
2025-08-04,0.0156193588329214,0.00540219135971465,0.0101056361005152,-0.0191837048017918,0.000395336995265394,-0.0100387629478341,0.0122097093815792
2025-08-05,0.00456562823611018,-0.0149771948456228,-0.00186443117189583,0.011026877228111,-0.00443481840366244,-0.00722894853577438,0.00592112726889815
2025-08-06,-0.00203322769649961,-0.0119834725916632,-0.00888428702095045,-0.00473773227426211,-0.0149958679614337,0.00389366546628755,-0.0066255255854788
2025-08-07,0.00599232964250107,-0.0219535990183714,0.00234444139636514,0.00371894682803386,0.000582223304503859,0.00508739190862606,0.00363802071018626
2025-08-08,0.00500355202203484,-0.0318695030095875,-0.0130704245064336,-0.00163028274893695,-0.0186164415267317,-0.0107747607842289,-0.00933656103391667
2025-08-11,-0.0133949412665048,0.0483447679515057,0.00236993388874285,0.00395864746526198,0.00775196849862358,0.0109933963429527,0.0168533168017375
2025-08-12,-0.00300372449737707,0.00210212709332902,0.00143710328193047,-0.00345013036792341,-0.0125791322446633,-0.0128782745992282,0.00482499692213079
2025-08-13,0.00253071916096892,-0.00353981809677295,0.00569389733919134,0.0104357316626624,0.00531569572411539,0.00527941663737508,0.00206176714069661
2025-08-14,-0.000601070444649077,0.000657838638534303,-0.00216341183292579,0.00288789196807371,-0.00683748422672503,0.00545371262141514,-0.00452117559508913
2025-08-18,-0.00469087554139425,0.0227910440746892,0.0125472886614062,0.00434379126506745,0.0502111507233325,0.00627794205850996,-0.0113951377071705
2025-08-19,-0.0053172500472054,0.0234829792360476,0.00888381297604646,-0.00145788246446421,0.0151211452866051,-0.00623877538810724,-0.0060796127754742
2025-08-20,-0.00279426235403946,-0.000544254474657446,0.00442535895707463,-0.00973330758022761,0.0248837709343719,-0.00145646460884485,-0.00572930629520896
2025-08-21,0.00572613560207436,-0.00414736556899731,-0.00440586143869337,-0.00658539594076313,-0.0091574169389369,0.00150889377290464,0.00565094037538705
2025-08-22,0.000847967198503108,-0.0220006680599824,-0.000496728886283382,-0.00494706640456832,-0.013990169375374,-0.0133587926595876,-0.00465037786751232
2025-08-25,0.010651140452236,-0.00946280172976222,-0.00117463861542244,0.0112359277801224,-0.00851316035608951,-0.000254482209236517,0.00203017551639317
2025-08-26,0.00395211773718196,-0.0134177769396536,-0.0142030005592635,-0.0044738860896103,0.00797907186202274,-0.00880805862023148,-0.01715194570602
2025-08-28,0.00703800936423282,0.00140841391049817,-0.0131687394926918,0.00395075199400763,0.000172108072409749,-0.0160263715855689,0.0053087889904655
2025-08-29,0.0108978700414584,-0.0134053973278093,-0.00729998266030629,0.00555858586321079,-0.0053337956041063,-0.00647316484889071,0.0114884457006723
2025-09-01,0.0148817005736976,0.0175970399715697,0.0209835865458503,-0.00371780898954821,0.0157412968499167,-0.0010508991029281,-0.000722049885041653
2025-09-02,0,-0.00437793295951994,0.00155982935748233,-0.00633412806503786,0.0225647946361123,-0.00641691509654096,-0.00653068545238689
2025-09-03,0.0146633949211012,0.00637581946437327,0.00581709862159285,0.00543561857022645,-0.00507951627683834,0.0105346481060453,0.00724501060329552
2025-09-04,0.00318623597454093,-0.00432546363119746,-0.00687642666796373,-0.00486560911792699,0.0148977150313867,0.00712448933185761,-0.00227725009898183
2025-09-05,0.00555805176287816,0.00114086120229451,-0.000825421556579831,0.0117049112306664,-0.00338106170178276,0.00223670543803478,-0.0108556599140421
2025-09-08,0.0150028404756026,0.0129306569991685,0.00720517378703822,0.00209906108357139,-0.0172115439561785,0.00269875522370633,-0.0067537062032007
2025-09-09,0.0132251029963983,0.000302920893043845,0.000865733085840592,0.00107171288976704,0.012208585714744,-0.000879864997019197,-0.00130330935109091
2025-09-10,-0.00296146373246686,0.0123723568751835,0.00951468771304187,-0.00311435226106294,0.0127266552073293,0.000777076750150263,0.00709223379767954
2025-09-11,-0.0030802945500189,0.0250406656803577,0.00103718479160797,0.0038562593174809,0.00271049346883512,0.00196700591983867,-0.00290142831160978
2025-09-12,0.00706245166906672,-0.00283481656931495,0.00162177050761558,0.00685632727428676,-0.00262134424755345,-0.000516589954960289,0.0113286551786387
2025-09-15,-0.003725662495357,-0.00359533241916654,0.00503737696511641,0.0136675449841723,-0.00418846269189277,-0.000258492621126094,0.00178775209387716
2025-09-16,0.014848201730191,0.00671312885175857,0.00666781611746248,0.0130067927746809,-0.00684546972009104,-0.000206783406796029,0.0227539183538257
2025-09-17,-0.0110544779470636,0.00108362048343014,0.0003556427301179,-0.00366851094539333,8.31550585822516e-05,-0.000361993935237948,0.00482578627892605
2025-09-18,0.00383559971639547,0,0.0011553770974817,0.00750564749517157,0.00398568377368047,0.0107605248161562,0.000135654097569882
2025-09-19,-0.00338425287945099,0.0507910408528609,0.00301836723705096,0.00229586051623221,-0.0120751176103114,-0.0102365082757414,-0.00287577107690462
2025-09-22,0.0202650723580662,0.0417987428297595,-0.00566446330212966,0.00322551630194634,-0.00519045949028896,-0.00279242604886831,-0.00840723925934306
2025-09-23,0.0213656632683068,0.0178360389681262,-0.00591927462994946,0.0110432650409917,-0.016746650073262,-0.00725990534491883,0.00359448616820557
2025-09-24,-0.0051508239032555,-0.0211478115487511,-0.00617838860602393,-0.00728178570451576,0.0087299847476201,-0.00642497819330434,0.00442917741007642
2025-09-25,-0.00221892525176437,-0.0165661545575875,-0.00689250747249681,-0.00742799856111176,-0.00432726816151008,-0.00126183426287763,-0.00800270883832988
2025-09-26,-0.00222385983049866,-0.0126920964280413,-0.0181900411084034,0.00341438595472021,-0.00928841208905939,-0.00505338739864958,0.0233509683712516
2025-09-29,0.0178306122204404,-0.0134450203704719,0.0017094581085475,0.0247051838060668,-0.00868740622568631,0.0055552294827903,-0.0110202958448188
2025-09-30,-0.00052140824778113,-0.00143454777241658,0.0032286193262514,0.011599886414583,0.000347113214334671,0.000736661837417385,-0.00797089820433727
2025-10-01,0.0185706709194937,0.0346382634219202,0.00671236610150938,-0.00391226889501617,0.01170961540066,0.0149842053650284,0.00308826923924288
2025-10-03,-0.00573591697580578,-0.00107998594058778,0.00803760559448508,0.0365672263301224,0.00300072845532573,-0.000103552366836901,0.0171103411166922
2025-10-06,0.022148980453675,-0.00633225535481763,0.00774705181428059,0.0479073209823599,0.0100861706936157,0.00859965793966011,0.00104471595612776
2025-10-07,0.00443461435187364,-0.0121624719008346,0.000674311701304164,0.0401063707743043,-0.00414643999224829,0.00929684925130547,-0.0019534666975225
2025-10-08,0.0203692424714277,-0.00711977300199063,-0.00759244561395667,-0.0325261710553826,0.00314407740196065,-0.00386767042795078,2.6835736211428e-05
2025-10-09,-0.00216344985171857,0.00725007990541604,0.00869177673510535,-0.00152814771455956,0.00618383075967954,-0.00163489248152326,0.0105635445910059
2025-10-10,-0.00788413365658447,0.00334325550080816,0.00296197999114134,-0.0116649734197259,0.00985007843206054,0.00388910905322892,0.00392653506139951
2025-10-13,0.0196682566101842,-0.00921243729303545,0.000357982068123208,-0.0218892390568812,-0.00950396935141318,-0.00397594269400126,-0.00383189089355696
2025-10-14,0.0237700416535949,-0.00411486602259481,-0.010243305202813,-0.00205389702099723,-0.0106050910623308,0.000153555729616395,-0.00668525159765621
2025-10-15,0.0019031742754434,0.00627742351691762,0.0157273722616915,4.2854415503113e-05,0.0390471752368455,0.00112571197520328,0.0225408987429339
2025-10-16,0.000759823633384338,0.00979149567591686,0.00520577605759875,0.0166788125923252,0.0451940083797389,0.0164579241552842,0.00864528560632416
2025-10-17,0.0260035853881422,-0.00320620808522543,-0.00712641918998069,-0.00383767047089634,0.0101049228824155,0.00824659968078856,-0.00580040967950823
2025-10-20,-0.0274720303758721,-0.000509787859844235,0.00677635544115196,0.0124888737326683,-0.00317943038791801,0.000398984412315784,0.00867320124835746
2025-10-21,0.0052311494669075,0.000706264377148269,0.00199263580832287,0.00995145336837311,0.00147822042523016,0.00473604255324145,0.00400238281632448
2025-10-23,-0.0377519670829424,-0.00160780143379302,-0.000662868557952723,-0.00447125363204859,-0.0112638943812441,0.00109158428475742,0.0078442730466417
2025-10-28,-0.0329538952653413,0.000641782741158892,-0.000307656881036511,-0.00423985207141997,-0.00935314337475179,0.000598206999788964,0.0124878553122234
2025-10-29,0.0321148361003676,0.0172385869233143,0.00580274023655147,-0.0105629552960274,0.00157365595722259,0.00428479317905195,-0.00370011242811596
2025-10-30,-0.00270131717168753,-0.00413811558789035,-0.0012675198472627,0.0138619031278087,0.00542033589362267,-0.00962438441689173,0.00742777049542598
2025-10-31,0.00341087817866881,-0.0181645143093324,-0.00603907775238322,-0.0019182157069122,-0.00648498445621315,-0.0108701665443158,0.0108839575599473
2025-11-03,0.000300004096165818,-0.00564284950609562,0.0076607678288596,0.00363933501755098,-0.00385339039488086,0.00541886734115793,-0.0125033782624658
2025-11-04,-0.00249875054846993,-0.0191325697136604,-0.00450036615227556,-0.0164602693315502,-0.00134213356010515,-0.00745479519798908,-0.0140937124142689
2025-11-06,0.00270537710230712,-0.04359855703063,-0.00750522947051924,-0.0121375010350566,0.000869572083772585,-0.000608953761391473,-0.0109060593986113
2025-11-07,-0.00129906319390838,0.0238084156461273,0.0057931169252512,-0.0184929074497212,-0.0026853445349635,-0.00238670071408209,0.000231816018105846
2025-11-10,0.0176105109449822,-0.0299830167332854,0.00373720909076036,0.0248226848636932,0.000158409745852017,0.00223968345925019,0.00927239657131507
2025-11-11,0.0156342577679167,-0.00164508152505438,0.00429283374282563,0.00775420289412554,0.004117415174129,0.00731332708202315,0.00931473410538275
2025-11-12,-0.00580887277377207,0.0497295832362896,0.00780735923922093,0.00678442650326661,0.00796465486868358,-0.00221839164165982,-0.000101103398358227
2025-11-13,0.0260979670996206,0.00148921565913418,-0.00311607906306044,-0.012532308230931,-0.00234694631661803,-0.00288020072993844,0.0121124393442951
2025-11-14,-0.0148050218024587,0.0114942377438083,0.000390710859257792,-0.0126498354372159,-0.00282313498826769,0.00298982660326264,0.000474695823883931
2025-11-17,-0.0180136322239293,0.00901642109385259,0.00698694033557024,-0.00632164534607571,-0.00102226275110584,0.00702303256999071,0.00581862122551313
2025-11-18,-0.010103970518236,-0.0102355740589265,-0.0060334163807616,-0.00636186278635142,-0.0040935266032146,-0.00411416613346649,-0.00697666974070876
2025-11-19,0.0130809597356092,-0.00151834198819001,0.00299168593146137,-0.00311591143649759,0.0109872263928161,0.00216632678450646,0.00500052484307556
2025-11-20,-0.00665167057465088,0.00534295756352132,-0.00125365729748139,0.0123313619627108,0.000156294503196541,0.0143274100845443,0.00442826674598784
2025-11-21,0.00443128443839469,-0.00972975056386838,-0.0104743691104088,-0.0169605998860511,0.0011726522155886,-0.0107052455998641,-0.00309606729539336
2025-11-24,0.00225493487189787,-0.00953645984741625,-0.00314933617391633,-0.00890625626769437,-0.00897948249778946,0.00110213864256359,-0.00288199759373142
2025-11-25,0.0120316510530138,-0.0276342699397958,-0.000658156649852804,0.00238761787886221,-0.00472737162160386,-0.00935795794352445,-0.00413631402005099
2025-11-26,0.00695922314976305,-0.00767278797087767,0.0129527857222489,0.00796886810445119,0.0107663304183614,0.0142453198072918,0.0163385040080783
2025-11-27,-0.000671911063727881,-0.02591790970291,0.00316426414042326,-0.00274984693023583,-0.00814527807992693,0.00557820829484768,0.00475134604174365
2025-11-28,0.00489868536394722,0.0111751588327655,-0.00108024027961762,-0.00150799695954995,-0.00418520376272014,-0.00188211308510799,-0.00286669473823586
2025-12-01,0.0200726287420185,-0.00798176856684552,-0.00116787361461046,0.00634304733852487,-0.000396429048490132,-0.00545852476234643,0.000884549187646799
2025-12-02,-0.0102136802362939,-0.00990269852827086,-0.00194879797802383,0.00626014684605236,-0.00134853026342563,-0.0122742027826537,-0.0104831330663753
2025-12-03,0.00833101302370842,-0.022236152762773,-0.00867829532992748,0.00519857362697551,-0.0135039043616296,0.0108102354731505,-0.010544588650273
2025-12-04,-0.00553942311005229,0.0128322044764926,-0.000218870044158104,-0.0025010443118092,0.000402657199902956,-0.00329831939938552,-0.00110330550899207
2025-12-05,0.0091578666679728,0.0214166510103344,0.00380891862544908,-0.00310227247083839,0.00362205915517122,0.00611710907799257,0.0137061741772926
2025-12-08,-0.000374225051508636,-0.0217180052336777,-0.0171405822431299,0.00626652403968264,-0.0257438646673814,-0.000199374000269925,-0.0102768705152776
2025-12-09,-0.00533457840864893,0.0130854715568351,0.00394940921030917,-0.00652407763190832,0.000823177946018161,-0.0059814230992139,0.000200220415166763
2025-12-10,-0.000470412334752646,-0.0149651406639238,-0.0091496078233666,-0.00375246106620752,-0.00534630644461742,-0.00732121827282295,-0.00155099674204351
2025-12-11,0.00866043622209167,0.0298877948673093,0.00811887112051046,-0.00492235214329717,0.00471342400410668,0.0106082048744474,0.0031568423152013
2025-12-12,0.0229584605640767,0.00206342108395563,0.00884994889767587,0.00408635996946405,0.0191770224475736,0.00119964555842111,0.0175329755754745
2025-12-15,0.0122251284593469,-0.00153351714136141,0.000526317445047386,0.00479805685266932,0.004199211485161,-0.00539196757595883,0.00446723721473763
2025-12-16,-0.0125281606839238,-0.0136030281016424,-0.00653196041022874,-0.00063956151490796,-0.00233210939572526,-0.00180702464245686,-0.00696430899322187
2025-12-17,0.00392479294229453,-0.00685081617070782,-0.00467742291692141,-0.000682544400538498,-0.00483635334544263,-0.0103590159143923,-0.000344569932742789
2025-12-18,-0.00100009648593513,-0.0014333332640426,-0.00137434634664435,-0.00311650857756418,-0.000890983832938508,-0.00436992277459614,-0.00770476344615156
2025-12-19,-0.000546028031429335,0.00435109298298753,0.0144727836041552,0.00552442540049003,0.00883670407903625,0.00592017488267915,0.0105181897901212
2025-12-22,0.0142961181860048,0.0109424780281546,0.00857733473801536,8.51970707025362e-05,0.0102860267604175,0.00223241098875815,-0.000270036976667942
2025-12-23,0.0153514596807833,-0.00649444333119353,0.000216961216179756,-0.0017886611644401,-0.000556761578036524,0.00901076393179223,-0.00333950776432834
2025-12-24,0.000972596037450257,-0.0116062095578044,-0.00694085577763792,-0.00132251521615079,0.00254666972486883,0.000602080842691644,-0.00128115616858204
2025-12-26,0.00971644274372196,0.00323930150294882,-0.00200939829965685,-0.00217862580552053,0.0102405877821516,-0.00511432777067722,-0.001554223082463
2025-12-29,-0.0111976100659154,-0.0119735961798058,-0.00293273837014951,-0.013314498612775,0.00581488646595751,-0.000403186997153693,-0.00212488151280599
2025-12-30,-0.0164558137701427,0.00521968623126079,-0.00302904957616146,0.00334101734881997,-0.0046093498228007,-0.000806636681028872,0.00329314797539149
2025-12-31,-0.00953492467439698,0.0112881846385888,0.0118890219096317,0.00168655673924878,0.0109096149795891,0.000302740777692545,0.0077739409803248
2026-01-01,0.00372351312725638,0.00906375348143462,0.00387293027775981,0.0125630891593365,0.00543486014120265,-5.04519581556728e-05,0.0139340640526118
2026-01-02,0.0117626048791539,0.00876110998773028,0.00719581969110683,0.00153492206300343,-0.0118147551073017,0.010543238508079,0.00555509444041613
2026-01-05,0.00983722479988525,-0.000131670746424173,0.00253925682114153,0.000425739063917074,0.0272721087792935,-0.0240614415444161,-0.0031225108554237
2026-01-06,0.00194829281146447,-0.0089492180095726,0.000171689214877757,0.0011914841672207,0.00403156509940583,-0.0156521970944066,-0.00236118728898138
2026-01-07,-0.00203284186653541,0.00663975317053844,0.00158816371689374,0.00310266801821868,-0.00386383203752561,-0.0136665869668333,0.00396086032224874
2026-01-08,-0.00549112325279366,-0.0264280814314857,-0.02052714128834,-0.00855891301507306,-0.0060085820808029,-0.00247616342940138,-0.0309358612181014
2026-01-09,0.0117552737025732,-0.027235726749577,-0.00713162801987965,0.00290607572895296,-0.00596837725360477,-0.00813350418603087,-0.000794334643761108
2026-01-12,0.0277264458142419,0.0083113196281126,-0.0025999046266818,0.00413346924733338,0.0102379462708828,-0.00218319172970682,-0.00154026215508085
2026-01-13,-0.0033401797063467,-0.00603246083438802,-0.00198814595530172,-0.00360722333100194,0.00480028354804896,0.000426919064767217,-0.0327444882841016
2026-01-14,0.0140929737126487,-0.00240911639517427,0.00327595508948408,-0.00238509976833334,-0.00879647527524985,-0.012695339519595,-0.00555636200183263
2026-01-19,0.0281881450945285,-0.0105224520037245,-0.00502202374294469,-0.0100619647819572,-0.000228101890509258,-0.00343674418282325,0.00347477594324319
2026-01-20,0.0393063765169879,-0.037243458199829,-0.0243513680383295,-0.00853456923614238,-0.0151262120560512,0.00355638356038357,-0.01532376838197
2026-01-21,0.0723820162575328,-0.0111430713455118,-0.0104828351433814,-0.0202439347004596,-0.00964731062526158,-0.0116516934216421,-0.0115470591782173
2026-01-22,-0.0787582780371343,0.0266706056882726,0.0121990535422187,0.0407947262391348,0.0177681943871431,-0.00179274546499708,0.00724809706280549
2026-01-23,0.0247708052257365,-0.106499240524112,-0.0166282149249909,0.00907779477298143,-0.00934148789610201,-0.00283013261223686,-0.0131793983453476
2026-01-27,0.0316276788354175,0.0511211454452989,0.00520643622266781,-0.00567515585927736,0.00734263867945928,0.0112434164338326,0.0117527833520727
2026-01-28,0.033244659394684,0.0179637333632492,0.0125590388970085,-0.0052847419204799,-0.00836334785605708,0.00680046493295738,0.0016367978769074
2026-01-29,0.0788542989068768,0.0122825306541325,0.0041193411209266,-0.00603535437059111,-0.00348183467974139,0.00300205072613591,0.0366104274197925
2026-01-30,-0.105166203442886,0.000594354880607995,-0.0012623479796241,-0.0141110195978155,0.0345523011807116,-0.00668092466480474,-0.000152507287504045
2026-02-02,-0.0949511700112183,-0.012373758743499,-0.00898253270146487,-0.0222067798898476,-0.0180876096814763,-0.00123762120071291,-0.00279733379357894
2026-02-03,0.0550265347607102,0.103838836766874,0.0286494793837464,0.0282558332514351,-0.000229332698403195,0.0221959526513975,0.0299645115078111
2026-02-04,0.0351438439498717,0.0116225454982568,0.00332093522919608,-0.0122082820450372,-0.00366978773986937,0.00463788118755026,0.0119590497583855
2026-02-05,-0.0337963323806795,0.00376996628603066,-0.00132399071718259,-0.0169446663307663,0.000230324828032424,-0.00356729044829485,-0.00582320912735046
2026-02-06,-0.00143747247581105,-0.00456065401189465,0.00207698632130326,0.0115503810494386,0.0052447853467672,-0.0090554998066209,0.00118126796587537
2026-02-09,0.0235124953605239,0.0106451183279728,0.0141559657418779,0.0218708642700205,-0.0059081143612626,-0.00409095134463033,0.0111846258329187
2026-02-10,0.00281288460317519,-0.00964407225086572,0.00482671915667066,-0.00197692740913513,0.0100340071490657,-0.00517467892682522,0.0134674950895419
2026-02-11,0.00280505392413888,0.00269251303810947,0.000562596857289099,0.0114115661121101,-0.00252175368735241,-0.00568429804079607,0.000335756837778423
2026-02-12,-0.0013985445225273,-0.0101145472918051,-0.00700666203423195,-0.0127304053158563,0.00015316868420201,-0.00701109174349135,0.00371667661934105
2026-02-13,-0.0188297986141477,-0.0339993974921716,-0.0142863314239078,-0.00707262098979711,-0.0175411415727094,-0.0181403415339962,-0.00286673419868544
2026-02-16,0.00650277323351833,0.0224655828573839,0.00362338090700765,0.0105541722455067,0.00561367141914348,0.02422829957864,0.00661251565478649
2026-02-17,-0.0184367820016497,0.0266866857712043,0.00286177027478041,-0.0164610902187469,-0.0034889468816206,-0.000107964922860027,0.0186361694737041
2026-02-18,0.000481598633102598,-0.0141334702267671,0.00254632467364568,-0.00371434564905126,0.0121372606764549,-0.00108023497741472,0.0107715828823765
2026-02-19,0.0196565866514731,-0.0246472257290297,-0.0131371518303631,0.00657923577288111,-0.0172189489147171,-0.00984105715427319,-0.0104949458879997
2026-02-20,0.00354083398067218,0.00190115510999855,0.00492545530415911,-0.0161227596778347,0.0119672474323553,-0.00409571897381578,0.0233851402040646
2026-02-23,0.0192880591721336,0.0139762003426822,-0.0030026402212433,0.0156340588292259,0.0164630518941553,0.0128859078669155,0.00856045720902565
2026-02-24,0.00938462477463942,-0.00365126124192827,-0.00119575278666018,-0.00431713527622724,0.00372597444132072,-0.0141836100968322,-0.035965643931878
2026-02-25,0.00358178034088419,0.0223087433589346,0.00310392397561543,0.00595629395806618,0.00257579930620677,-0.00318509467549288,0.00922698437118541
2026-02-26,-0.00918829593313708,-0.00685578285464372,0.0056140229228534,-0.0111454461725943,-0.00408047581391713,-0.00991627390865413,-0.0027916396254537
2026-02-27,0.00858377078977912,-0.0246344711122611,-0.00676956572919929,-0.00854137454189374,-0.0199544884407302,-0.0120742638377824,-0.00191296454177414
2026-03-02,0.0510638366947886,-0.0172078696828392,-0.0163752909856854,-0.010036012883001,-0.00929011090417675,-0.00940583492903324,-0.0494588983434182
2026-03-04,-0.0315211132120014,-0.0226396058250684,-0.0236220472440944,-0.0195128111409082,-0.0268811458553885,-0.0122242200588204,-0.0452700884088826
2026-03-05,-0.0128396620968897,0.00611606622468419,0.0154378161452333,0.00297371164351423,0.0044968360121953,0.010475984155599,0.0402049589375426
2026-03-06,-0.0107380377341161,-0.0235975424908917,-0.00585436128518124,0.00980709390673651,0.00119911566078001,-0.0235830441509766,-0.022012023683075
2026-03-09,0.00405135873432072,-0.0199519941846545,-0.0198575316954572,-0.00966663358229325,-0.0132544896087176,-0.0190770003706535,-0.0272671343560051
2026-03-10,0.00647118999032781,-0.00135050876514275,0.0165338721157027,0.0216200972250149,0.00436952283627523,0.0104079573600466,0.00882321727186963
2026-03-11,0.00385786518455578,-0.0109191823180533,-0.0120956632277646,-0.00763457222830854,-0.00604253312443803,-0.0182470928967081,-0.00959750238638468
2026-03-12,-0.00210996928581031,0.0138249070225496,-0.0022261188127668,0.00697351429326387,-0.0104562284005361,-0.00143894173167614,-0.0310774125073989
2026-03-13,-0.0159328359756707,-0.0204295673033225,-0.0272845362733135,-0.0192118796847726,-0.0152359853108878,-0.018913204329647,-0.0754133912347835
2026-03-16,-0.0237876452523765,0.00861761730849331,-0.00420511714458016,-0.00833637844131663,0.00931630852905641,0.0288861475502087,0.0088397829660305
2026-03-17,0.00786039923286275,-0.00131441702280255,0.00935744015525475,0.00592582696341348,-0.00535692317676439,0.00565066828635219,0.0211564473875316
2026-03-18,-0.0024177004807554,0.0160979323651667,0.0175430374900198,0.0288154063462711,-0.00173990370567989,-0.00272076070326122,0.0183752729378999
2026-03-19,-0.0515206299633412,-0.0350736719419326,-0.0216325043648992,-0.00927691597574065,-0.015355247973913,-0.0531996506276662,-0.0480611804034612
2026-03-20,-0.00214311026116465,-0.00500826808456301,-0.000286521300585152,0.0123656353197219,0.0061535340609975,-0.0222375092596695,8.73551327815747e-05
2026-03-23,-0.0854121637734712,-0.0488298672450282,-0.0374987626925152,-0.0300053719093373,-0.0224530538033723,-0.0465115798380868,-0.0269011646860005
2026-03-24,0.0430816166047376,-0.00823786704510054,0.0229787557585854,0.0418378215811832,0.0140554236032722,0.0278841106359762,0.0521781017969849
2026-03-25,0.0329033087024579,0.0377908662080439,0.0245487952574273,0.034289408202232,0.0176639935113638,0.0227480528413673,0.0376762725845059
2026-03-27,-0.0147539787301768,-0.0337114160169651,-0.0268964526601797,-0.0188415491838505,-0.00905244348029199,-0.0333631726060091,-0.0233469051804347
2026-03-30,0.0311410167627271,-0.0352166514306432,-0.0253041214026384,-0.000819930284854609,-0.0154205452320745,-0.0325972321295097,-0.0168345582701774
2026-04-01,0.0179882850174029,0.0475891965442017,0.0354967573740592,0.0303619860150828,0.0051071626086705,0.0146265239655345,0.0295082419319992
2026-04-02,-0.0226149051909998,-0.00450473499925164,-0.0120052333503669,0.00377245197993936,0.00889232880955593,0.0116537770956837,0.00155240856698269
2026-04-06,0.0184939102145936,0.0370733810012365,0.014054289032533,0.0113166218785814,0.0207336115881052,0.0267678550417696,0.0317178361211474
2026-04-07,-0.00838692940129282,-0.0105667373187404,0.000769988738015259,0.0130894934495198,0.00559209491077906,0.00129698252191912,-0.00118034779124909
2026-04-08,0.0214320958820315,0.0859147122962984,0.0401519069780343,0.0443855058485907,-0.00744198036864341,0.0571243930052538,0.0759004150069928
2026-04-09,-0.00948629561030434,-0.00161466818066958,0.000647216454294997,-0.00745390444939253,0.0123588892401303,-0.0225462069519194,-0.0273846158011974
2026-04-10,0.00227253292246932,0.0226905721436137,0.0154307987294142,0.00806040591750401,0.0167658012753065,0.0157953660890455,0.0163492384779569
2026-04-13,0.00218644649066069,0.0202223553155403,-0.00409479013593095,-0.00518761918138899,-0.0185704797254476,-0.0192521396136938,-0.00141413190604067
2026-04-15,0.0105041645113442,0.00723341869264527,0.0222485957822056,0.0584590794938928,0.0248756547389852,0.0191267233940162,0.0308525304294356
2026-04-16,0.00439791350147845,0.0276533944785471,0.00420094058134923,0.0279671749500823,0.000636614406109626,-0.01784172280485,0.0106713495754647
2026-04-17,-0.00644851170016636,0.00662523534686921,0.0127726320202739,0.0334041608859477,0.0224272100179663,0.00559435290388355,-0.00575263473183962
2026-04-20,0.0016025396101893,0.00509408841307124,-0.00175774110119675,-0.00564891249070065,0.000622349374134856,-0.0055632302306875,-0.0110104892238726
2026-04-21,0.00176000976562496,-0.00161474770772108,0.0060747673281496,0.0142376122403354,0.0726833930631992,0.0204915414691365,0.00602316339158104
2026-04-22,-0.00183679407995063,0.0156334128882472,0.0034565446317405,0.00190162433665519,0.0115226041885461,-0.0145980519777815,-0.0133237596158092
2026-04-23,-0.00728055083020862,0.0173390558310855,-0.00749978742551738,0.000414210026283834,0.0105315689151841,-0.0194400081288643,0.00820667630835659
2026-04-24,-0.00112829938412684,-0.00539133592946062,-0.00808363227028153,0.0111766189611748,0.00765691696978754,0.000637493223816454,-0.00981722678727903
2026-04-27,0.00250119051546971,0.0149502093889891,0.0164762212809624,0.00672057171864981,-0.00281430440916608,0.00630691707875619,0.00979001722354234
2026-04-28,-0.0126358124331929,0.0390213682258376,-0.0013943674257898,0.0209759481985063,0.016016301893115,-0.00917951257166105,-0.00392247324110251
2026-04-29,-0.0089664042336548,0.005596057984115,-0.000523584610447436,-0.000630629745486333,0.0177777853492043,-0.00453646216049675,0.0144637051930143
2026-04-30,0.0152163056938577,-0.0072138215241675,-0.00724702558195367,-0.00640980616625342,-0.0047762290253287,-0.00937097162791534,-0.0200434682701008
2026-05-05,-0.00179762703257003,-0.00953455564020278,0.00161788934031915,0.0105012537814624,0.0142063720415528,-0.00910967214175729,-0.0112904569698388
2026-05-06,0.015225875288132,0.0318034652318562,0.0160656944634296,0.0091135546204506,0.00561634737474126,0.0313997490899369,-0.0113453899750173
2026-05-07,0.00362848403336002,-0.0104712127463327,0.0126320663110215,0.0152036663128656,-0.0067962821382731,-0.000627729325669568,0.00361728189528177
2026-05-08,-0.00128547971832715,-0.00310304198196687,-0.00101828853459418,0.01366396484375,0.00433604525216413,-0.0190942876759402,-0.0120556540376459
2026-05-11,-0.00868791105197386,-0.00227465473973154,-0.0107033819500919,-0.00508250594248372,-0.000337257412133529,-0.0220272203457814,-0.00863002681663572
2026-05-12,0.0111985491830333,-0.0379969523971786,-0.0275201945410457,0.0260502327696386,-0.00897501731551853,-0.0172854028408834,-0.0212425767761992
2026-05-13,0.0572185606924731,0.0385830790503301,0.00843231516678933,0.0117203469776113,0.00020428932412897,-0.00113266921437316,0.0153766798826522
2026-05-14,0.000303577383218512,0.0860288240174396,0.0096751892635627,-0.00541016320411802,-0.00633125804078793,0.0266142222779175,0.00628218141645043
2026-05-15,-0.0179844827678041,0.00114269539262923,-0.00429261358974997,0.0112172891980964,-0.0199369907494554,-0.00266391661612853,-0.00796871374249319
2026-05-18,0.00224088770517294,-0.00964651767789315,-0.000304790391986276,0.007840950964215,0.000838835754621625,0.00149836804397685,0.00225120612265495
2026-05-19,0.00724751321144113,0.0130864961870136,0.00566270745957165,-0.0131174421553756,-0.000209468920466582,-0.00806608624338712,0.000816821707158022
2026-05-20,-0.00336805299649379,-0.00741282389313169,0.00459131797553725,-0.000549982222090462,-0.00789439114935642,-0.00386907290353466,-0.00262689887611911
2026-05-21,0.0041475311642023,-0.00266193241592172,0.00202647883217133,-0.0041273231178891,-0.00957677293552384,-0.000460821361590313,0.00455157932294603
2026-05-22,-0.00183574639039319,0.00730277482807629,0.0010757315256702,0.0196169179100172,0.011802291215623,0.010077033756976,0.00927903808154484
2026-05-25,7.65862592793098e-05,0.0487247425570694,0.00558780608580722,-0.00430552089470448,-0.00667550862064659,0.0261475932658097,0.027199053132823
2026-05-26,-0.00712583491628715,0.0419693611655421,0.00559947670733907,-0.00108864788585261,0.0106111935371436,-0.0101035349558907,0.00109092740390504
2026-05-27,-0.00416737565435388,0.00127985804178832,0.00395310701473006,-0.00484351311150055,-0.000769976877511902,-0.0259982105907791,0.00240228615943727
2026-06-01,-0.00901668159928726,-0.00953226090374415,-0.0136422473243443,-0.00080339043840072,-0.0208933855588875,-0.00248470237653775,-0.0161167548563412
2026-06-02,0.00925563044119482,0.020176087530315,0.00208766410647909,0.00467500636331919,0.00495757498845517,0.00747275804101322,-0.00246837198659844
2026-06-03,-0.00800496459123656,-0.014318989491771,-0.00247392396063073,0.00580910341000029,-0.00514761735471403,0.00721683037082088,-0.0119223055652885
2026-06-04,0.00673770459467193,0.0161334597661593,0.00321979501052283,0.00772049077044668,-0.00618036685890444,0.000729733572329749,-0.00280781484688997
2026-06-05,-0.00560312234010218,0.0253632628050586,-0.0024721659631004,0.00166669626390359,0.00238626566807287,-0.00948027696821663,0.00281572086975279
2026-06-08,-0.0283299041459533,-0.0256544811807389,-0.0137391463569972,-0.0340387492630078,0.00916176580933525,-0.0112441129010759,-0.0196549509591191
2026-06-09,0.00990653746182546,0.00333331058054731,0.0111973575468516,-0.0269273875537648,0.00822071790663093,-0.000406211166976811,0.00647660886498524
2026-06-10,-0.0338144818917637,-0.0163763507446385,-0.0146046125739124,0.00751594144848644,0.0197816766071917,0.0115121448178375,0.00433264162452973
2026-06-11,-0.015435433124469,-0.0076080670509866,-0.00575146245533176,-0.00850795098636037,-0.0109852427720317,-0.00301263572395805,-0.014167198468411
2026-06-12,0.0221327918902248,0.00484956067282893,0.0246963162785203,-0.0112237772190331,-0.0328998701516059,0.0374026042418338,0.0484982001108558
2026-06-15,0.0179626187196258,0.00715358079311268,0.0148080757346953,0.0382353982604895,-0.000726919719371333,0.00634342138808108,0.0297581691666065
2026-06-16,0.000241711217060292,0.000373864963891357,0.00342335163421637,-0.000363412327145762,0.0123663570987929,0.00971259923372236,0.00398102988963367
2026-06-17,-0.00314160940523545,0.00281961014137355,0.00375278094336129,0.00981606981088845,0.0112094165973928,0.00280279883062962,0.00508797378788994
2026-06-18,-0.0131716949771149,0.0208340397827074,0.00433362065522869,-0.0046502889331913,-0.00490305922831047,0.0151188402104805,-0.00420661988518534
2026-06-19,-0.0190796084069028,0.00829627689990819,0.00258048399647426,-0.010097679059879,0.0102828243086699,-0.00788805624304234,0.00463004829206448
2026-06-22,0.0111027783695616,0.00697742100904719,0.00518985539046013,0.0229286522801671,-0.00911796209576499,0.00846375573789571,-0.00192428798502609
2026-06-23,-0.0183289396496135,-0.0316055014466026,-0.0109977549602274,-0.00726320897682264,-0.00691924692961321,-0.0149415051312527,-0.00521264926614273
2026-06-24,-0.0112700079906517,0.0360457836404269,0.00335297009501434,0.00839576549615817,-0.006895476258861,0.0239462818154557,0.000550388338636854
2026-06-25,-0.0221163535906439,-0.010326726284689,-0.00613365899187424,-0.0311625954479714,0.0144654834593883,0.00390818902953871,0.00829799015007016
2026-06-30,-0.0039508638947604,0.0248101265822784,0.00401281725253466,0.00462648816961453,0.0129027358202969,-0.00118915030416733,-0.00523391240432669
2026-07-01,-0.00439770743176837,0.0354414023900691,0.00450698391764259,0.0128638168540567,0.0345858668314898,-0.00225576510487191,-0.0122604155729127
2026-07-02,0.0193140773827833,0.0107837833345992,0.00368251901455019,0.0181564371128009,-0.00522773403943155,-0.000314011169168738,-0.00811225004160876
2026-07-03,0.0222618324652675,0.0108890944630213,-0.00118083158342885,-0.00928846434617381,0.00940402313980493,0.00647061593282094,-0.00807996390514831
2026-07-06,-0.00664945090680158,-0.0017122754063652,0.00316669486402965,-0.0146342783071447,0.00952176415839689,0.035952797243425,0.0035761938097929
2026-07-07,-0.0077817779980931,-0.0309986101968337,-0.00223072851326256,-0.00192127375126283,-0.00128916067974194,-0.000662755689762373,-0.0121504819738307
2026-07-08,-0.0136616859636257,-0.0194065556693199,-0.0166202753816885,-0.00788311715316725,-0.0144720881751068,-0.0229108890385553,-0.0250005779525947
2026-07-09,0.012482892406815,0.0120450938622136,0.0136410775616727,0.000461946075902109,0.00875554409271362,0.00894730360264107,-0.00156730235687497
2026-07-10,-0.00236445519022399,0.0239006190290019,0.0138806548325707,0.0088656451553053,-0.000686718880326342,0.00905146416066782,0.0153885869346693
2026-07-13,-0.010072815706401,0.00639785603505527,-0.00100177598852058,0.0141579470152733,-0.0193787466452053,-0.00848536262369703,-0.00438442105885806
2026-07-14,-0.00829408821393884,0.00358769546616844,-0.0033842966950256,0.00261755010972253,7.00599761300769e-05,-0.0104529465925415,-0.0203131090309596
2026-07-15,0.00353505794833486,-0.0120103502337439,0.00247346807910942,-0.0155743686037081,-0.00189191452460535,0.00747465728994556,-0.0168368669031719
2026-07-16,0.000687360009229421,0.0002538578882465,-0.00225825233004118,0.0169486290671732,-0.000631862116425297,-0.00876819462508904,-0.00219345249655234
2026-07-17,-0.00583841588433764,0.00295108495155061,-0.00347892457324417,-0.00212820804608094,0.00259919295530375,0.0139799430454315,0.0103029720673802
2026-07-20,0.0090681009937057,0.00715034581117724,0.00496316582873302,-0.014839298684224,0.0133829164165589,-0.0512445110432975,0.00637044142826704
2026-07-21,0.00761731467766524,-0.000188514323829159,0.00142305950321209,-0.0157031163271932,0.00387193210044834,-0.0207689864788601,0.00203189765783862
2026-07-22,0.0119765224879849,-0.0109969524419394,-0.00919462075880184,0.00195162754430545,0.0287209521803704,-0.0109002398843118,-0.00759117001278398
2026-07-23,-0.00377704339892149,-0.043746212570423,-0.00839416810091254,0.0166955041297423,-0.030597182591642,-0.00783379701627518,-0.0065489601926827
2026-07-24,-0.00657173109152087,0.00544847253945191,-0.0010634677473742,-0.00209829232785075,-0.00303890071128576,-0.00595518528876715,-0.00179300834896068
2026-07-27,0.00602153390230797,0.00337040564421143,0.0112421725037832,-0.0184062430512408,0.00180116078000525,-0.00437533663625456,0.00538881599152008
2026-07-28,-0.0150902113815616,-0.0112955436096439,-0.00160022268437743,-0.0113315142729917,0.0316022916905663,-0.00561147109378091,0.0068313189700473
2026-07-29,0.000171160170786555,0.00739431462905915,0.00759206663950729,-0.00973436596965094,0.0077088078989096,0.0174054764319151,0.0259394317180976
2026-07-30,0.0044501863864046,0.00813360808604724,-0.00372556152171433,-0.0100519503342263,0.0115744706835563,0.00768511080752154,0.0016024950360225
